snapshot_ts,sector,pt_name,blocks,service,cause,estimated_restore,zone_raw
2026-09-01T02:22:51,1,Club Steaua,1,Oprire ACC,"Lucrari de modernizare retea primara prin programul POIM Lot 2,obiectiv 9 efectuate de firma ELSACO",2026-09-04T23:30,• Cal Plevnei - 114
2026-09-01T02:22:51,1,3 Dinicu Golescu,4,Oprire ACC,"Lucrari de modernizare retea primara prin programul POIM Lot 2,obiectiv 9 efectuate de firma ELSACO",2026-09-04T23:30,"• Bld Dinicu Golescu - bl. 1, 2, 3, 4"
2026-09-01T02:22:51,1,10-22 Duca,9,Oprire ACC,"Lucrari de modernizare retea primara prin programul POIM Lot 2,obiectiv 9 efectuate de firma ELSACO",2026-09-04T23:30,"• Str Lt.Col. Paul Ionescu - Imobil nr. 3 • Bld Gheorghe Duca - bl. 10-22, 4, 8, 17, 26, 24, 15, 6"
2026-09-01T02:22:51,1,3 Titulescu,12,Oprire ACC,"Lucrari de modernizare retea primara prin programul POIM Lot 2,obiectiv 9 efectuate de firma ELSACO",2026-09-04T23:30,"• Str Miron Costin - bl. 5A+5B • Şos Nicolae Titulescu - bl. 7, 10A, 9A+B, 8, 10, 6, 4, 2, 3 • Bld Alexandru Ioan Cuza - imob.Nr.80 • Str G-ral Alexandru Cernat - imob.Nr.24"
2026-09-01T02:22:51,1,Garnizoana,1,Oprire ACC,"Lucrari de modernizare retea primara prin programul POIM Lot 2,obiectiv 9 efectuate de firma ELSACO",2026-09-04T23:30,• Str Institutul Medico-Militar - 22
2026-09-01T02:22:51,1,Spitalul Militar Central,1,Oprire ACC,"Lucrari de modernizare retea primara prin programul POIM Lot 2,obiectiv 9 efectuate de firma ELSACO",2026-09-04T23:30,• Str Mircea Vulcănescu -
2026-09-01T02:22:51,1,Palatul CFR,1,Oprire ACC,"Lucrari de modernizare retea primara prin programul POIM Lot 2,obiectiv 9 efectuate de firma ELSACO",2026-09-04T23:30,• Bld Dinicu Golescu - 38
2026-09-01T02:22:51,1,A Gara,4,Oprire ACC,"Lucrari de modernizare retea primara prin programul POIM Lot 2,obiectiv 9 efectuate de firma ELSACO",2026-09-04T23:30,"• Str Gării de Nord - bl. A, C • Cal Griviţei - bl. 139 • Str Atelierului -"
2026-09-01T02:22:51,1,150 Grivita,3,Oprire ACC,"Lucrari de modernizare retea primara prin programul POIM Lot 2,obiectiv 9 efectuate de firma ELSACO",2026-09-04T23:30,"• Cal Griviţei - bl. 150 • Str Alexandru Depărăţeanu - imob.Nr.4, 6"
2026-09-01T02:22:51,1,Veronica Micle,16,Oprire ACC,"Lucrari de modernizare retea primara prin programul POIM Lot 2,obiectiv 9 efectuate de firma ELSACO",2026-09-04T23:30,"• Str Veronica Micle - bl. M5, M6, 1C, imob. nr. 40, 38, 36Bis • Str Dr. Iacob Felix - bl. M4, A1, B1, C2,imob. nr. 53, 12 • Şos Nicolae Titulescu - bl. 12, 11B, 11A • Str Bradului - bl. C2"
2026-09-01T02:22:51,1,D3 Gara,4,Oprire ACC,"Lucrari de modernizare retea primara prin programul POIM Lot 2,obiectiv 9 efectuate de firma ELSACO",2026-09-04T23:30,• Str Gării de Nord - bl. D3 • Cal Griviţei - bl. J1
2026-09-01T02:22:51,1,148 Grivita,3,Oprire ACC,"Lucrari de modernizare retea primara prin programul POIM Lot 2,obiectiv 9 efectuate de firma ELSACO",2026-09-04T23:30,• Cal Griviţei - bl. 1B • Str Constantin Disescu - imobil Nr.7
2026-09-01T02:22:51,1,146 Grivita,5,Oprire ACC,"Lucrari de modernizare retea primara prin programul POIM Lot 2,obiectiv 9 efectuate de firma ELSACO",2026-09-04T23:30,"• Cal Griviţei - bl. 146 • Str Constantin Disescu - imobil Nr.2A, 2 • Str Pandele Ţăruşanu - imob.Nr.3, 5, 11"
2026-09-01T02:22:51,1,B Dinicu Golescu,5,Oprire ACC,"Lucrari de modernizare retea primara prin programul POIM Lot 2,obiectiv 9 efectuate de firma ELSACO",2026-09-04T23:30,"• Bld Dinicu Golescu - bl. E, F, H, G, B"
2026-09-01T02:22:51,1,Muzeul Militar,1,Oprire ACC,"Lucrari de modernizare retea primara prin programul POIM Lot 2,obiectiv 9 efectuate de firma ELSACO",2026-09-04T23:30,• Str Mircea Vulcănescu - Muzeul Militar
2026-09-01T02:22:51,1,Sora,1,Oprire ACC,"Lucrari de modernizare retea primara prin programul POIM Lot 2,obiectiv 9 efectuate de firma ELSACO",2026-09-04T23:30,• Cal Griviţei - bl.Sora
2026-09-01T02:22:51,1,Iacob Negruzzi,1,Oprire ACC,"Lucrari de modernizare retea primara prin programul POIM Lot 2,obiectiv 9 efectuate de firma ELSACO",2026-09-04T23:30,• Str Iacob Negruzzi - imob.Nr.45
2026-09-01T02:22:51,1,9 Titulescu,5,Oprire ACC,"Lucrari de modernizare retea primara prin programul POIM Lot 2,obiectiv 9 efectuate de firma ELSACO",2026-09-04T23:30,"• Şos Nicolae Titulescu - bl. 23, 20, 21A, 21, 22"
2026-09-01T02:22:51,1,3-11 Duca,8,Oprire ACC,"Lucrari de modernizare retea primara prin programul POIM Lot 2,obiectiv 9 efectuate de firma ELSACO",2026-09-04T23:30,"• Str Petru Poni - bl.1 • Cal Griviţei - bl.142 • Bld Gheorghe Duca - bl.3-11 • Str Pandele Ţăruşanu - imobile.18, 6, 14, 6Bis,12"
2026-09-01T02:22:51,1,Depozit Medicamente,1,Oprire ACC,Remediere avarie circuit primar,2026-09-01T23:30,• Str Mr. Ştefan Sănătescu -
2026-09-01T02:22:51,1,7-1 Mai,6,Oprire ACC,Remediere avarie circuit primar,2026-09-01T23:30,"• Bld Ion Mihalache - bl. 5, 6, 7, 8, 9, 10"
2026-09-01T02:22:51,1,140 – 1 Mai,3,Oprire ACC,Remediere avarie circuit primar,2026-09-01T23:30,"• Bld Ion Mihalache - bl. 138, 140, 142"
2026-09-01T02:22:51,1,126-1 Mai,3,Oprire ACC,Remediere avarie circuit primar,2026-09-01T23:30,"• Bld Ion Mihalache - bl. 1, 2"
2026-09-01T02:22:51,1,Palazul Mare,6,Oprire ACC,Remediere avarie circuit primar,2026-09-01T23:30,"• Str Gen. Athanasie Enescu - bl. 49, 3, 5, 45, 2, 1"
2026-09-01T02:22:51,1,Sandu Aldea,5,Oprire ACC,Remediere avarie circuit primar,2026-09-01T23:30,"• Str Constantin Sandu-Aldea - bl. 1, 2, 3, 4, 5"
2026-09-01T02:22:51,1,Popişteanu,5,Oprire ACC,Remediere avarie circuit primar,2026-09-01T23:30,"• Str Popişteanu - Str.Alexandru Popisteanu bl.1, 2, 3"
2026-09-01T02:22:51,1,Av. Sanatescu,9,Oprire ACC,Remediere avarie circuit primar,2026-09-01T23:30,"• Str Mr. Ştefan Sănătescu - Nr.28 Vilă • Ale Lt. Gheorghe Stâlpeanu - bl.1, 2, 3, 4, 5, 6, 7, 8"
2026-09-01T02:22:51,1,Locuinţe Steaua,4,Oprire ACC,Remediere avarie circuit primar,2026-09-01T23:30,"• Bld Ion Mihalache - bl. C, E, H, B"
2026-09-01T02:22:51,1,Ct Luterana,5,Oprire ACC,Sistare furnizare gaze naturale /Centrala Termica Luterana.,2026-10-01T20:00,"• Str Ion Câmpineanu - Bl. 3, 6, 4, 5, 6A"
2026-09-01T02:22:51,1,"Școala Gimnazială ,,Nicolae Titulescu”",0,Oprire ACC,"Lucrari modernizare Retea Termica Primara prin programul POIM Lot 2, obiectiv 9. Firma Elsaco",2026-09-04T23:30,• Şos Nicolae Titulescu -
2026-09-01T02:22:51,2,Mecanica Fina,9,Oprire ACC,Remediere avarie circuit primar,2026-09-02T23:00,"• Str Popa Lazăr - bl. Aversa • Şos Pantelimon - bl. P2, 5D, 5C, 5A, 5B, • Bld Ferdinand I - bl. E1- E4, G1- G3, imob.Nr.125"
2026-09-01T02:22:51,2,AUTOCENTER,1,Oprire ACC,Remediere avarie circuit primar,2026-09-02T23:00,• Str Venerei -
2026-09-01T02:22:51,2,7 Mosilor,8,Oprire ACC,Remediere avarie circuit primar,2026-09-02T23:00,"• Bld Carol I - bl. 2Bis • Cal Moşilor - bl. 2, 4Bis, 6, 8, 10, 12, 14 sc.2-3-4; • Str Zece Mese - bl.14 sc.1"
2026-09-01T02:22:51,2,Ion Maiorescu,4,Oprire ACC,Remediere avarie circuit primar,2026-09-02T23:00,"• Şos Mihai Bravu - bl.P21-21A, P22, P22A, P23-24"
2026-09-01T02:22:51,2,6 Mosilor,8,Oprire ACC,Remediere avarie circuit primar,2026-09-02T23:00,"• Str Cercului - bl.5-7 • Cal Moşilor - bl. 9, 3, 1Bis, 1 ( nr. 145 ), 11, 11B, 15; 1 ( nr. 189)"
2026-09-01T02:22:51,2,2 Mosilor,8,Oprire ACC,Remediere avarie circuit primar,2026-09-02T23:00,"• Cal Moşilor - bl.62, 58Bis, 54, 48Bis, 56, 60A • Şos Mihai Bravu - bl. 60C, 60B"
2026-09-01T02:22:51,2,4 Mosilor,18,Oprire ACC,Remediere avarie circuit primar,2026-09-02T23:00,"• Str Ardeleni - bl. 39A • Cal Moşilor - bl. 47, 47Bis, 49-49A, 51Bis, 53, 55, 45, 45A, 43, 41, 39, 37, 33-35, imob.Nr.257 • Str Făinari - bl.51 sc.C; 51 sc.B • Str Rovine - bl. 51B, 57A. 51 sc.A"
2026-09-01T02:22:51,2,1 Mosilor,22,Oprire ACC,Remediere avarie circuit primar,2026-09-02T23:00,"• Ale Cenuşeresei - bl.50, 52 • Str Traian - bl.30 B, imob.Nr.254 • Cal Moşilor - bl.36, 38, 42, 46, 48, 58, 32, 30A, 31A , 31C • Str Mihai Eminescu - bl.31B ,32 • Str Vaselor - bl.34, imob.Nr.3A • Str Ion Maiorescu - bl.44 ;50 ;40, imob.Nr.37, 7"
2026-09-01T02:22:51,2,3 Mosilor,25,Oprire ACC,Remediere avarie circuit primar,2026-09-02T23:00,"• Str Traian - bl.22B, 24 • Bld Dacia - bl.25B • Cal Moşilor - bl.25A ,23, 20, 20Bis, 22A, 22C, 18,16 ,21, 21A ,19,17 ;imob 215A • Str Mihai Eminescu - BL.25A SC.B • Str Energiei - imob.Nr.7, 10, 11, 12, 14, 16, 18, 20, 22"
2026-09-01T02:22:51,2,8 Doamna Ghica,3,Oprire ACC,Remediere avarie racord primar,2026-09-02T11:00,"• Str Pâncota - bl.11 Nord, 12 Nord,13 Nord"
2026-09-01T02:22:51,2,7 Doamna Ghica,3,Oprire ACC,Remediere avarie racord primar,2026-09-02T11:00,"• Str Sinaia - bl. 16 sc. A-B • Str Pâncota - bl.14, 16 sc. 3-4-5; 15"
2026-09-01T02:22:51,2,U2 Avrig,1,Oprire ACC,Reabilitarea sistemului de termoficare a Muncicipiului Bucuresti obiectiv 3.,2026-09-02T23:30,• Str Avrig - bl.U2
2026-09-01T02:22:51,2,U1 Avrig,1,Oprire ACC,Reabilitarea sistemului de termoficare a Muncicipiului Bucuresti obiectiv 3.,2026-09-02T23:30,• Str Avrig - bl.U1
2026-09-01T02:22:51,2,3 Vaselor,18,Oprire ACC,Reabilitarea sistemului de termoficare a Muncicipiului Bucuresti obiectiv 3.,2026-09-02T23:30,"• Şos Mihai Bravu - bl.P3, P30A, 4, 4Bis, P14, P12, P15Bis, P15, P13 • Str Pictor Oscar Obedeanu - imob.Nr.18 • Ale Avrig - bl.P4, P5, P6, P18Bis, P30, P18, P19Bis, P19"
2026-09-01T02:22:51,2,33 Muncii,3,Deficienta ACC,Manevre de pornire a CTE PROGRESU,2026-09-01T12:00,"• Bld Basarabia - bl.31, 32, 33"
2026-09-01T02:22:51,2,2 Voiniceni,26,Deficienta ACC,Manevre de pornire a CTE PROGRESU,2026-09-01T12:00,"• Bld Chişinău - bl.M7; M8; M9 • Str Cernăuţi - bl. M10, B28, M10A; B27 • Str Herţa - bl.D2, B29, J2, X1, X2, X3, X4; • Str Pescăruşului - bl.B26, D6 ; J1; D5; B25; D4; B24 • Ale Codlea - bl.D3, D1, J3, D7"
2026-09-01T02:22:51,2,6 Pantelimon,10,Deficienta ACC,Manevre de pornire a CTE PROGRESU,2026-09-01T12:00,"• Ale Dobrina - bl. 49B, 49C; 49D1; 49C1 • Bld Chişinău - bl. 48A; 49 • Şos Pantelimon - bl.45, 48, 54 • Str Renului - bl. 49D"
2026-09-01T02:22:51,2,A2 Basarabia,13,Deficienta ACC,Manevre de pornire a CTE PROGRESU,2026-09-01T12:00,"• Bld Basarabia - bl.A1, A2, A3, B1, B2, C1, C2, D1, D2, D3, D4, E1, F1"
2026-09-01T02:22:51,2,A4 Basarabia,8,Deficienta ACC,Manevre de pornire a CTE PROGRESU,2026-09-01T12:00,"• Str Murgeni - bl. O1 • Bld Basarabia - bl. A4, B3, D5, E2, F2, L10, L10A"
2026-09-01T02:22:51,2,1 Socului,14,Deficienta ACC,Manevre de pornire a CTE PROGRESU,2026-09-01T12:00,"• Ale Mozaicului - bl.B1, B2, B3 sc.A+B,C; B5, B4, B7, B8, B9 sc.A,B,C • Bld Chişinău - bl. B6 sc.A,B,C; A7, A7 bis, A8 • Str Cernăuţi - bl. A9 • Str Dimitrie Hârlescu - bl. A6"
2026-09-01T02:22:51,2,7 Muncii,9,Deficienta ACC,Manevre de pornire a CTE PROGRESU,2026-09-01T12:00,"• Str Carei - bl. A18Bis • Bld Basarabia - bl. A16A, A17, A16, A18, A20, A20A, A19, A18A"
2026-09-01T02:22:51,2,17 Pantelimon,5,Deficienta ACC,Manevre de pornire a CTE PROGRESU,2026-09-01T12:00,"• Ale Hobiţa - bl.300, 301 • Str Fântânica - • Şos Pantelimon - bl.66, 70, 200-201-202"
2026-09-01T02:22:51,2,4 Socului,11,Deficienta ACC,Manevre de pornire a CTE PROGRESU,2026-09-01T12:00,"• Bld Chişinău - bl.M15, M13, M14.sc.1,2, M23 • Str Cernăuţi - bl.M12, M11Bis • Bld Basarabia - bl.M22, M21 • Str Pescăruşului - .bl.M16, M11, M20"
2026-09-01T02:22:51,2,10 Pantelimon,15,Deficienta ACC,Manevre de pornire a CTE PROGRESU,2026-09-01T12:00,"• Str Alexandru Ipsilanti - bl.29Bis, 29E • Str Logofătul Dan - bl.22 • Str Bodeşti - bl.29A, 29B • Şos Pantelimon - bl.3, 4 • Str Armaşul Marcu - bl. 23, 24, 28, 27, 29, 25, 26 • Str Cluceru Sandu - bl.29C"
2026-09-01T02:22:51,2,5 Socului,8,Deficienta ACC,Manevre de pornire a CTE PROGRESU,2026-09-01T12:00,"• Bld Chişinău - bl.A1, A5, A5Bis, A3Bis, A4, A2, A3 • Str Dimitrie Hârlescu - bl.A5A"
2026-09-01T02:22:51,2,8 Muncii,4,Deficienta ACC,Manevre de pornire a CTE PROGRESU,2026-09-01T12:00,"• Str Carei - bl. MR7 • Bld Basarabia - bl.MR3, MR2, MR1"
2026-09-01T02:22:51,2,15 ABC,2,Deficienta ACC,Manevre de pornire a CTE PROGRESU,2026-09-01T12:00,• Şos Vergului - bl.15D • Şos Pantelimon - bl.15ABC
2026-09-01T02:22:51,3,8X,8,Oprire ACC,Remediere avarie rețea secundară pe circuitul de apă caldă de consum (str.Bj. Cucuteni.),2026-09-01T14:00,"• Bld Pictor Nicolae Grigorescu - bl.Y9, Y9A, Y9B, Y9C,Y9D • Ale Barajul Cucuteni - bl.A11, A12, A12bis"
2026-09-01T02:22:51,3,21 Foișor,17,Oprire ACC,Depistare si remediere avarie retea primara,2026-09-04T23:30,"• Str Vlaicu Vodă - bl. C8, C9 • Str Vlad Dracul - bl. B12, B13 • Str Vasile Cârlova - bl. A7, A7bis • Str Emil Gârleanu - bl. A6, A4 • Str Lt. col. Dumitru Papazoglu - bl. B10, C6 • Str Anastasie Panu - bl. A12, A5, A16, B7 • Str Alexandru Moruzzi Voievod - bl. A11, A13, B6"
2026-09-01T02:22:51,3,15 Foișor,4,Oprire ACC,Depistare si remediere avarie retea primara,2026-09-04T23:30,"• Str Zizin - bl. G1 • Str Brânduşelor - bl. G3 • Str Banu Udrea - bl. G7, G8"
2026-09-01T02:22:51,3,12 Foișor,14,Oprire ACC,Depistare si remediere avarie retea primara,2026-09-04T23:30,"• Str Vlad Dracul - bl. C12, C14, C13 • Str Foişorului - bl. F13C, F14C, F11C, F12C • Str Anastasie Panu - bl. C15, D3, D1, D2, D6, D4, D5"
2026-09-01T02:22:51,3,11 Foișor,14,Oprire ACC,Depistare si remediere avarie retea primara,2026-09-04T23:30,"• Str Zizin - bl. V75C • Str Vlaicu Vodă - bl. V65, V66 • Str Brânduşelor - bl. V70, V75A, V77 • Str Foişorului - bl. F9C, F8C • Str Rarău - bl. V69, V68, V70, V71, F10C, V74"
2026-09-01T02:22:51,3,9 Vitan,11,Oprire ACC,Depistare si remediere avarie retea primara,2026-09-04T23:30,"• Str Zizin - bl. 97, V101C, V101B • Str Vlaicu Vodă - bl. V34C, V100 • Cal Vitan - bl. V34A, V35 • Str Nucului - bl. V100, V101,V101A • Str Banu Udrea - bl. V104, V103, V101C, V99, V97, V102, V95"
2026-09-01T02:22:51,3,13 Foișor,11,Oprire ACC,Depistare si remediere avarie retea primara,2026-09-04T23:30,"• Str Vlaicu Vodă - bl. V62, V63, V61 • Str Brânduşelor - bl.V64 • Str Foişorului - bl. F6C, F7C, F5C, F4C • Str Alexandru Moruzzi Voievod - bl. V60, V59, V58"
2026-09-01T02:22:51,3,10 Vitan,17,Oprire ACC,Depistare si remediere avarie retea primara,2026-09-04T23:30,"• Str Zizin - bl. V80B, V80A, V81C, V40 • Str Vlaicu Vodă - bl. V43, V39, V82, V38, V81, V79, V82B, V81A • Cal Vitan - bl. V40, V42, V17, V82A, V42C,V42A • Str Brânduşelor - bl. V78"
2026-09-01T02:22:51,3,19 Foișor,10,Oprire ACC,Depistare si remediere avarie retea primara,2026-09-04T23:30,"• Str Brânduşelor - bl. G4, G4A, H1, H16 • Str Banu Udrea - bl. G5, G6, H5, J2, J1, H6"
2026-09-01T02:22:51,3,23 C5/2,17,Oprire ACC,Remediere avarie circuit primar - (str./Bd.1Decembrie 1918.),2026-09-14T23:30,"• Ale Lăceni - bl. PM83, PM84, PM85 • Str Liviu Rebreanu - bl. PM70, PM71, PM72 • Bld 1 Decembrie 1918 - bl. PM73, PM74, PM75, PM76, PM77, PM78, PM79, PM80, PM81, PM82, U6"
2026-09-01T02:22:51,3,10 Nefamilisti,13,Oprire ACC,Remediere avarie circuit primar - (str./Bd.1Decembrie 1918.),2026-09-14T23:30,"• Str Liviu Rebreanu - bl. PM22, Z22 • Ale Cioplea - bl. 1, 5, Camin ALCAZ, Camin ANL • Bld 1 Decembrie 1918 - bl. 2, 3, 10, 11, T1, T2, Z23"
2026-09-01T02:22:51,3,E1,6,Oprire ACC,Depistare si remediere avarie retea primara,2026-09-02T23:30,"• Str Vintilă Vodă - bl. E1 • Bld Unirii - bl. E2, E3,E3A, E3-3, E3A2"
2026-09-01T02:22:51,3,C3 Căuzaşi,11,Oprire ACC,Depistare si remediere avarie retea primara,2026-09-02T23:30,"• Ale Negru Vodă - C3, C4, C3A • Str Mămulari - C1, C2 • Bld Unirii - A1, A2, A3, A4 • Str Sfânta Vineri - A6, A5"
2026-09-01T02:22:51,3,7 Călăraşi,9,Oprire ACC,Depistare si remediere avarie retea primara,2026-09-02T23:30,"• Bld Corneliu Coposu - 105A, 103, 104, 101, 106A, 105A • Str Sfânta Vineri - 105B, 105C, 102"
2026-09-01T02:22:51,3,Tribunalul Bucuresti,1,Oprire ACC,Depistare si remediere avarie retea primara,2026-09-02T23:30,• Bld Unirii - 37
2026-09-01T02:22:51,3,1 C3/1,20,Deficienta ACC,Manevre de pornire a CTE Progresu.,2026-09-01T12:00,"• Int Horbotei - bl. M1, M2, T3, T4, G5, M10 • Int Bârsei - bl. G3, G4, G6, G7, G8 • Int Bădeni - bl. G1, G2, T5, T6, M13, M13A, M18, M19, M61"
2026-09-01T02:22:51,3,1Placare-T,16,Deficienta ACC,Manevre de pornire a CTE Progresu.,2026-09-01T12:00,"• Str Trapezului - bl. R12, C2, G1A, G1B, G2 • Bld Theodor Pallady - bl. PM25, R11 • Str Prevederii - bl. A12, C1, R13, G3, G6, G4-G5, G8, G9 • Str Plt. maj. Pazon Marin - bl. G7bis"
2026-09-01T02:22:51,3,11 C5/2,28,Deficienta ACC,Manevre de pornire a CTE Progresu.,2026-09-01T12:00,"• Str Ozana - bl. I32, J53 • Ale Lipăneşti - bl. 10, M1, J12, J17, J18, J19, J20, J21, J22, • Ale Iosif Hodoş - bl. J15, J43, J50, PC5-PC6 • Str Jean-Alexandru Steriadi - bl. M3, PC4 • Str Câmpineanca - bl. T1, T2, T3, T4, T4bis • Str Sg. Dumitru Pene - bl. J11, J51 • Bld 1 Decembrie 1918 - bl. J41, J42 • Str Ceairului - bl. M2, J10"
2026-09-01T02:22:51,3,2Catelu,9,Deficienta ACC,Manevre de pornire a CTE Progresu.,2026-09-01T12:00,"• Int Tropicelor - • Str Gruiul Argeşului - bl. 31A, 31B, MC5 • Str Câmpia Libertăţii - bl. 1C3, MC1, MC2, MC3, MC4, MC6"
2026-09-01T02:22:51,3,2 C5/1,22,Deficienta ACC,Manevre de pornire a CTE Progresu.,2026-09-01T12:00,"• Str Prisaca Dornei - bl. N16, N17, • Str Liviu Rebreanu - bl. A4, A5, A6, • Str Cozla - bl. A7, A8, A9, B1A, B1B, F3, F4 • Str Burdujeni - bl. A13, A14, B2, GC5, GC6, N11, N12 , N13, N14, N15"
2026-09-01T02:22:51,3,10 C5/2,15,Deficienta ACC,Manevre de pornire a CTE Progresu.,2026-09-01T12:00,"• Ale Feteşti - bl. F1, F2, F3,J16, I25 • Str Feteşti - bl.V12,F4,F5 • Str Jean-Alexandru Steriadi - bl. J14, L17,I19 ,I21 • Ale Ciucea - bl. L18, L19, L20"
2026-09-01T02:22:51,3,4C5/1,9,Deficienta ACC,Manevre de pornire a CTE Progresu.,2026-09-01T12:00,"• Str Prisaca Dornei - bl. D4, D5, D6 • Str Postăvarul - bl.E4, E5, C6, C5 • Ale Postăvarul - bl. D4bis, C5bis"
2026-09-01T02:22:51,3,4XA,5,Deficienta ACC,Manevre de pornire a CTE Progresu.,2026-09-01T12:00,"• Bld Nicolae Grigorescu - bl. N1, N21, N22 • Str Liviu Rebreanu - bl. N20 • Ale Barajul Lotru - bl. N23"
2026-09-01T02:22:51,3,SC.3C3/1 - Module Termice,5,Deficienta ACC,Manevre de pornire a CTE Progresu.,2026-09-01T12:00,"• Bld Nicolae Grigorescu - Module bl.M4, M5bis • Ale Budacu - Module bl.M3, M5, M6,"
2026-09-01T02:22:51,3,1Catelu,8,Deficienta ACC,Manevre de pornire a CTE Progresu.,2026-09-01T12:00,"• Int Patinoarului - bl.PM50, PM55 • Bld Basarabia - bl.34, • Str Gheorghe Petraşcu - bl.PM53, PM54 • Str Câmpia Libertăţii - bl.PM51, PM52, PM56"
2026-09-01T02:22:51,3,SC.6C3/2 - Module Termice,10,Deficienta ACC,Manevre de pornire a CTE Progresu.,2026-09-01T12:00,"• Ale Solidarităţii - Modul bl.M36A • Str Liviu Rebreanu - Module bl.M13, M14, M15, M16, M24, M36 • Ale Barajul Bistriţei - Module bl. G2, G3, G4"
2026-09-01T02:22:51,3,7 Placare-T,12,Deficienta ACC,Manevre de pornire a CTE Progresu.,2026-09-01T12:00,"• Str Ticuş - bl. M31A, M31B • Bld Nicolae Grigorescu - bl. S1D, M32A • Ale Ilioara - bl. M30A, M30B, M30C, M31, M32 • Bld Camil Ressu - bl. S1A, S1B-S1C, S2"
2026-09-01T02:22:51,3,9 C5/2,12,Deficienta ACC,Manevre de pornire a CTE Progresu.,2026-09-01T12:00,"• Ale Feteşti - bl. I26 • Str Jean-Alexandru Steriadi - bl. M9, M10, M11, P20bis • Ale Ciucea - bl. P15, P16, P17, P18, P19, P19bis, P20"
2026-09-01T02:22:51,3,8C3/2,10,Deficienta ACC,Manevre de pornire a CTE Progresu.,2026-09-01T12:00,"• Ale Vasile Goldiş - bl.1 • Ale Barajul Rovinari - bl.Y12, Y13 • Ale Barajul Bistriţei - bl.4, Y4, Y5 • Bld 1 Decembrie 1918 - bl.2, 3, 5, Y11"
2026-09-01T02:22:51,3,3 Placare-T,12,Deficienta ACC,Manevre de pornire a CTE Progresu.,2026-09-01T12:00,"• Str Mizil - bl. 1, 3A, 4ALCAZ, G17,TMUCB,C1, 3 • Str Prevederii - bl. G15,G16 • Str Lemnişorului - bl. G40, G41, G42"
2026-09-01T02:22:51,3,M14,5,Deficienta ACC,Manevre de pornire a CTE Progresu.,2026-09-01T12:00,"• Int Horbotei - bl. M11 • Str Constantin Brâncuşi - bl. T4-T5, M12, M13, M14"
2026-09-01T02:22:51,3,SC.2Viisoara - Module Termice,10,Deficienta ACC,Manevre de pornire a CTE Progresu.,2026-09-01T12:00,"• Ale Barajul Lotru - Module bl.M4B, M5B, M6B, M7B, • Ale Barajul Cucuteni - Module bl.M4A, M5A, M6A, M7A, M8A, M8B"
2026-09-01T02:22:51,3,8A,8,Deficienta ACC,Manevre de pornire a CTE Progresu.,2026-09-01T12:00,"• Ale Iosif Hodoş - bl. P102 • Str Ciucea - bl. P106 • Str Câmpineanca - bl. P103, P109, RE3 • Bld 1 Decembrie 1918 - bl. P100-101, P105, P108"
2026-09-01T02:22:51,3,1 C5/1,12,Deficienta ACC,Manevre de pornire a CTE Progresu.,2026-09-01T12:00,"• Ale Zăvideni - BL. A10, A12 BIS • Bld Nicolae Grigorescu - BL. A1,B3,B4,B4 bis,B5 • Str Liviu Rebreanu - BL. A2, A3 • Str Cozla - BL. A11, A11 bis • Str Burdujeni - BL. A12"
2026-09-01T02:22:51,3,D 16,3,Deficienta ACC,Manevre de pornire a CTE Progresu.,2026-09-01T12:00,"• Bld Nicolae Grigorescu - bl.V20 • Str Constantin Brâncuşi - bl.D15, D16"
2026-09-01T02:22:51,3,24 C5/2,7,Deficienta ACC,Manevre de pornire a CTE Progresu.,2026-09-01T12:00,"• Bld Theodor Pallady - bl. N1, N2, N3-N3A, N3B, N4A • Ale Perişoru - bl. N4B, N5"
2026-09-01T02:22:51,3,MY,12,Deficienta ACC,Manevre de pornire a CTE Progresu.,2026-09-01T12:00,"• Ale Textiliştilor - bl. MY1, MY2, MY11, MY12 • Bld Basarabia - bl. MY5, MY6, MY7, MY8 • Str Lucreţiu Pătrăşcanu - bl. MY3, MY4 • Bld 1 Decembrie 1918 - bl. MY9, M10"
2026-09-01T02:22:51,3,C4,10,Deficienta ACC,Manevre de pornire a CTE Progresu.,2026-09-01T12:00,"• Bld Pictor Nicolae Grigorescu - bl.L2, L3, L4, L5, L6, L7, V18 • Str Constantin Brâncuşi - bl.R19 • Ale Sibiana - bl.R17 • Ale Buchetului - bl.C4"
2026-09-01T02:22:51,3,8 C4/2,5,Deficienta ACC,Manevre de pornire a CTE Progresu.,2026-09-01T12:00,"• Str Pădurea Craiului - bl. H2, H3, H3bis • Str Liviu Rebreanu - bl. B1 • Str Lunca Bradului - bl. H1"
2026-09-01T02:22:51,3,9 Catelu,9,Deficienta ACC,Manevre de pornire a CTE Progresu.,2026-09-01T12:00,"• Str Gheorghe Petraşcu - bl.A7,8,9,9A,A9B,B7,B10,B9,B8"
2026-09-01T02:22:51,3,5X,11,Deficienta ACC,Manevre de pornire a CTE Progresu.,2026-09-01T12:00,"• Str Lucreţiu Pătrăşcanu - bl. T1 • Str Constantin Brâncuşi - bl. A13, A13bis • Ale Barajul Uzului - bl. Y14, Y15, Y16 • Ale Barajul Sadului - bl. T2, M4A2, M4A3, Y10 • Ale Barajul Cucuteni - bl. A14"
2026-09-01T02:22:51,3,1XA,1,Deficienta ACC,Manevre de pornire a CTE Progresu.,2026-09-01T12:00,• Str Câmpia Libertăţii - bl.52
2026-09-01T02:22:51,3,2 Placare-T,25,Deficienta ACC,Manevre de pornire a CTE Progresu.,2026-09-01T12:00,"• Str Mizil - G11, G18, G19, G24, C2, 6 • Str Valea Buzăului - bl.G12, G13,G7,G24bis, G26bis, G29, G30, G31. G32, G33, G34, • Str Trapezului - bl.G35 • Str Plt. maj. Pazon Marin - bl. G14, G28 • Str Gura Vadului - bl.G10, G20, G21-22, G23, G25, G26, G27"
2026-09-01T02:22:51,3,1 Nufarul,11,Deficienta ACC,Manevre de pornire a CTE Progresu.,2026-09-01T12:00,"• Str Liviu Rebreanu - K, K1, K1A, K2 • Str Cozla - A30, A31, A32, A33 • Ale Adjud - C, F1, F2"
2026-09-01T02:22:51,3,6Placare-T,26,Deficienta ACC,Manevre de pornire a CTE Progresu.,2026-09-01T12:00,"• Str Zemeş - bl. M29A, M29B, PM19 • Str Trapezului - bl. M6, M29G • Ale Vlăhiţa - bl.PM20 bis, PM21 • Bld Theodor Pallady - bl. M3B,M3A,M3C,M3D,M3H,M5A,M5(B+E) • Str Prevederii - bl. M29D,M29F(sc.B,C,E),M29H,PM20,M1C,M29C,M29E • Ale Prevederii - bl. M29F (sc.A),PM23,PM18bis"
2026-09-01T02:22:51,3,SC.1Cornisa - Module Termice,8,Deficienta ACC,Manevre de pornire a CTE Progresu.,2026-09-01T12:00,"• Ale Barajul Iezeru - Module bl.M1A+B • Ale Barajul Bicaz - Module bl. M2A+B, M3A, M3B, M25A+B, M26 • Bld 1 Decembrie 1918 - Module bl.M27, M28"
2026-09-01T02:22:51,3,21 C5/2,12,Deficienta ACC,Manevre de pornire a CTE Progresu.,2026-09-01T12:00,"• Str Poştaşului - bl. 1, 9, 10, 11 • Str Gura Ialomiţei - bl. 8 • Ale Buhuşi - bl. 2, 3, 4, 5, 6, 7, 11"
2026-09-01T02:22:51,3,7 C4/2,14,Deficienta ACC,Manevre de pornire a CTE Progresu.,2026-09-01T12:00,"• Ale Lunca Moldovei - bl. B4 • Ale Lunca Mureşului - bl. Y4B, Y4C • Bld Nicolae Grigorescu - bl. B3bis • Str Pădurea Craiului - bl. B2 • Str Lunca Bradului - bl. H4, H4bis, H5, H5bis, B6, B7, M31,M31K • Ale Rotundă - bl. Y4A"
2026-09-01T02:22:51,3,18 C5/2,14,Deficienta ACC,Manevre de pornire a CTE Progresu.,2026-09-01T12:00,"• Str Sold. Ghiţă Şerban - bl. 8A, 8B, 8C, 8D, 8E • Str Plt. Petre D. Ionescu - bl. 6A, 6B, 7, 7bis, 9, 10, 11, 12 • Bld 1 Decembrie 1918 - bl. U20"
2026-09-01T02:22:51,3,6Catelu,4,Deficienta ACC,Manevre de pornire a CTE Progresu.,2026-09-01T12:00,"• Str Gheorghe Petraşcu - • Str Câmpia Libertăţii - bl. 6A, B1, B2, B6"
2026-09-01T02:22:51,3,8 C5/2,12,Deficienta ACC,Manevre de pornire a CTE Progresu.,2026-09-01T12:00,"• Str Jean-Alexandru Steriadi - bl. V1, V2-V4, V5, L15, L16, M12, M13, M14, M14bis, M15, M19 • Bld 1 Decembrie 1918 - bl. L14"
2026-09-01T02:22:51,3,1Muncii,28,Deficienta ACC,Manevre de pornire a CTE Progresu.,2026-09-01T12:00,"• Str Sold. Niculae T. Sebe - bl. L11, L12, L32, L35, L36, L37, L40, L40A • Str Sold. Petre M. Tină - bl. L9B, L13, L30, L31, L33, L34, L38, L39, L41 • Str Murgeni - bl. L9A, L27, L28, L29 • Bld Basarabia - bl. L7, L8, L9, L13A, L13B, L13C, L13D"
2026-09-01T02:22:51,3,15 C5/2,27,Deficienta ACC,Manevre de pornire a CTE Progresu.,2026-09-01T12:00,"• Str Sold. Ghiţă Şerban - bl. X11, X12, X17 • Str Sold. Stelian N. Mihale - bl. 1, 2, 3, G1, X8, X10, X16, PM92, PM93, PM94, PM95, PM96 • Str Miniş - bl. X7, PM91 • Str Plt. Petre D. Ionescu - bl. 6, X13, X14, X15, X18, X19, X20 • Str Plt. Radu Gheorghe - bl. 16 • Str Pătulului - bl. 4, 5"
2026-09-01T02:22:51,3,Spital Victor Babes,0,Deficienta ACC,Manevre de pornire a CTE Progresu.,2026-09-01T12:00,• Şos Mihai Bravu -
2026-09-01T02:22:51,3,5 C3/2,14,Deficienta ACC,Manevre de pornire a CTE Progresu.,2026-09-01T12:00,"• Ale Solidarităţii - bl. Y6, M17, M18, M19, M20, M31C • Ale Barajul Rovinari - bl. M21, M22 • Ale Barajul Dunării - bl. 21A, 21B, 21C, M37, M38, M39"
2026-09-01T02:22:51,3,1X,8,Deficienta ACC,Manevre de pornire a CTE Progresu.,2026-09-01T12:00,"• Str Şapte Drumuri - bl.36B, PM40A • Str Pictor Ion Tuculescu - bl.PM40 • Str Cpt. Nicolae Licăreţ - bl.33B, 51, PM41, PM42, PM43,"
2026-09-01T02:22:51,3,5 C4/2,8,Deficienta ACC,Manevre de pornire a CTE Progresu.,2026-09-01T12:00,"• Str Rotundă - bl. Y2, H20, H20A, H21, H22, H23, H24 • Bld Camil Ressu - bl. H13"
2026-09-01T02:22:51,3,1L. Patrascanu,10,Deficienta ACC,Manevre de pornire a CTE Progresu.,2026-09-01T12:00,"• Int Muncii - bl. M8 • Bld Basarabia - bl. M11, M14, M15, MC17A • Str Lucreţiu Pătrăşcanu - bl. G1, MC18,MC18A, MC18B, MC19"
2026-09-01T02:22:51,3,2 Baia de Arama,11,Deficienta ACC,Manevre de pornire a CTE Progresu.,2026-09-01T12:00,"• Int Muncii - bl. C • Bld Basarabia - bl. A, B, T1, T2, G7, G7bis, G9, G9A, G10, G10A"
2026-09-01T02:22:51,3,8X,8,Deficienta ACC,Manevre de pornire a CTE Progresu.,2026-09-01T12:00,"• Bld Pictor Nicolae Grigorescu - bl.Y9, Y9A, Y9B, Y9C,Y9D • Ale Barajul Cucuteni - bl.A11, A12, A12bis"
2026-09-01T02:22:51,3,SC.4C3/2 - Module Termice,7,Deficienta ACC,Manevre de pornire a CTE Progresu.,2026-09-01T12:00,"• Str Liviu Rebreanu - M9,M10,M11,M12 • Ale Barajul Dunării - M35"
2026-09-01T02:22:51,3,8 Placare-T,9,Deficienta ACC,Manevre de pornire a CTE Progresu.,2026-09-01T12:00,"• Ale Ilioara - bl.PM27,PM29,PM30,PM30A • Bld Camil Ressu - bl. 1, 2, PM26, PM28,PM 31"
2026-09-01T02:22:51,3,12 C5/2,28,Deficienta ACC,Manevre de pornire a CTE Progresu.,2026-09-01T12:00,"• Bld Theodor Pallady - bl. G3, G3bis, P1, P4, V10, V11 • Str Ozana - bl. I30, I31 • Str Jean-Alexandru Steriadi - bl. G4, I17, I18, I18bis, I20, I21, I22, I23, I24 • Str Sg. Dumitru Pene - bl. I34, J7, J52, • Str Armeniş - bl. J1, J3, J5, P3 • Bld 1 Decembrie 1918 - bl. J38, J39, J40, P2 • Str Ceairului - bl. J9"
2026-09-01T02:22:51,3,13 C5/2,19,Deficienta ACC,Manevre de pornire a CTE Progresu.,2026-09-01T12:00,"• Bld Theodor Pallady - bl. R5, U27, U28 • Str Plt. Petre D. Ionescu - bl. 15, U22 • Str Plt. Radu Gheorghe - bl. 13, 14, VN8 • Str Becaţei - bl. R4, V7, VN9, U24, U26 • Bld 1 Decembrie 1918 - bl. VN5, VN6, VN7, U21, U23, U25"
2026-09-01T02:22:51,3,4Placare-T,11,Deficienta ACC,Manevre de pornire a CTE Progresu.,2026-09-01T12:00,"• Str Vlăhiţa - bl. PM8, M3K • Bld Theodor Pallady - bl. M2, M2A, A11 • Bld Nicolae Grigorescu - bl. M1 • Str Patrioţilor - bl. M3G, PM6, PM7, PM16, PM17"
2026-09-01T02:22:51,3,7C3/2,8,Deficienta ACC,Manevre de pornire a CTE Progresu.,2026-09-01T12:00,"• Ale Vasile Goldiş - bl.M40, M41, M42, M43 • Ale Barajul Rovinari - bl.M7A, M7C • Ale Barajul Dunării - bl.M8, M8A"
2026-09-01T02:22:51,3,6X,15,Deficienta ACC,Manevre de pornire a CTE Progresu.,2026-09-01T12:00,"• Str Pleşeşti - bl. Z7, Z8, Z12 • Ale Barajul Bistriţei - bl. Z5, Z6, Z13, Y7, Y8, M23 • Bld 1 Decembrie 1918 - bl. Z4, 6, 7, 8, 9 • Str Băbeni - Z1"
2026-09-01T02:22:51,3,5Placare-T,28,Deficienta ACC,Manevre de pornire a CTE Progresu.,2026-09-01T12:00,"• Str Vlăhiţa - bl. PM10, PM18 • Bld Nicolae Grigorescu - bl. PM1, PM2, PM3, D11, D11A, D12 • Str Prevederii - bl. D2, D3, D5, D6, D8, D13, PM4, PM5, PM11A, PM11B • Str Patrioţilor - bl. PM12, PM13, PM14, PM15 • Ale Mădăraşi - bl. D1, D4, D7, D9, D10, D10A"
2026-09-01T02:22:51,3,6 C5/2,28,Deficienta ACC,Manevre de pornire a CTE Progresu.,2026-09-01T12:00,"• Ale Onisifor Ghibu - bl. O21, O23, O24, O24bis, O25, O26, O27, O28bis, O29, O30, O31 • Str Postăvarul - bl. 9, 10, 12, 13, O28 • Ale Leorda - bl. MP1A, N20, N21 • Str Codrii Neamţului - bl. N19 • Str Sold. Tudor Ion - bl. 5, 6, 7, 8 • Bld 1 Decembrie 1918 - bl. 11,14, O20, O21, MP1"
2026-09-01T02:22:51,3,5Catelu,9,Deficienta ACC,Manevre de pornire a CTE Progresu.,2026-09-01T12:00,"• Int Vâslei - bl. PM63 • Bld Basarabia - bl. 35, 36 • Ale Frt. Constantin Tudor - bl. 40, 41 • Str Câmpia Libertăţii - bl. PM60, PM61, PM62, 42"
2026-09-01T02:22:51,3,14 C5/2,9,Deficienta ACC,Manevre de pornire a CTE Progresu.,2026-09-01T12:00,"• Str Miniş - bl. X5, X6, PM90 • Bld Theodor Pallady - bl. X1, X4, 26 • Str Pătulului - bl. 27, 28, V9"
2026-09-01T02:22:51,3,SC.G2 - Module Termice,6,Deficienta ACC,Manevre de pornire a CTE Progresu.,2026-09-01T12:00,"• Ale Pleniţa - Module bl.Y8 • Str Lucreţiu Pătrăşcanu - Module bl.G2, Y2 • Int Bârsei - Module bl.M9bis, M12 • Int Bădeni - Module bl.M9"
2026-09-01T02:22:51,3,4X,16,Deficienta ACC,Manevre de pornire a CTE Progresu.,2026-09-01T12:00,"• Str Liviu Rebreanu - bl. N2, N3, N4 • Ale Barajul Sadului - bl. M4, M4', N5, N12-N13, Z11A • Ale Barajul Lotru - bl. M4A1, N6, N7, N8, N9 , N10 ,N11, • Ale Barajul Dunării - bl. Z10A"
2026-09-01T02:22:51,3,PT Scoala Ilioara,0,Deficienta ACC,Manevre de pornire a CTE Progresu.,2026-09-01T12:00,• Ale Ilioara -
2026-09-01T02:22:51,3,5 C5/2,13,Deficienta ACC,Manevre de pornire a CTE Progresu.,2026-09-01T12:00,"• Str Codrii Neamţului - bl. NB1, NB1bis, NB2A, NB2, N18 • Str Răşinari - bl. U5, U6, N9, N10 • Bld 1 Decembrie 1918 - bl. U1, U2, U3, U4"
2026-09-01T02:22:51,3,3X,3,Deficienta ACC,Manevre de pornire a CTE Progresu.,2026-09-01T12:00,"• Str Sold. Niculae T. Sebe - bl.W2, L42 • Bld Nicolae Grigorescu - bl.W1"
2026-09-01T02:22:51,3,17 C5/2,8,Deficienta ACC,Manevre de pornire a CTE Progresu.,2026-09-01T12:00,"• Str Codrii Neamţului - bl. 1, 2, 3, 4, 5, 6, C2bis, PM26bis"
2026-09-01T02:22:51,3,IOR,26,Deficienta ACC,Manevre de pornire a CTE Progresu.,2026-09-01T12:00,"• Str Sold. Niculae T. Sebe - bl.S20, S21, S22, S23, S24, V11 • Str Gheorghe Tăttărescu - bl.P1, P2, S13 • Str Murgeni - bl.L23, L25, L26, • Str Bucovina - bl.G1, G2, G3, O1, O2 • Str Copăceni - bl. L20, L21, L22, L24, W3 • Str Constantin Brâncuşi - bl.D12, D13, D14, S14"
2026-09-01T02:22:51,3,SC.G3 - Module Termice,4,Deficienta ACC,Manevre de pornire a CTE Progresu.,2026-09-01T12:00,"• Str Lucreţiu Pătrăşcanu - Module bl.G3, Y1 • Int Bădeni - Module bl.Y7, Y7bis"
2026-09-01T02:22:51,3,3 C5/1,15,Deficienta ACC,Manevre de pornire a CTE Progresu.,2026-09-01T12:00,"• Bld Nicolae Grigorescu - bl. C1, C2, D1, E1 • Str Prisaca Dornei - bl. D3 • Ale Postăvarul - bl. C1bis, C2bis, C2A, C3, C4, C4A, C4B, E2, E3, D2, GC7"
2026-09-01T02:22:51,3,1CORNISA,8,Deficienta ACC,Manevre de pornire a CTE Progresu.,2026-09-01T12:00,"• Ale Barajul Uzului - bl. L23A, L23B • Ale Barajul Bicaz - bl. G1, M31, M32A, M32B, M33, M33A"
2026-09-01T02:22:51,3,16 C5/2,25,Deficienta ACC,Manevre de pornire a CTE Progresu.,2026-09-01T12:00,"• Ale Perişoru - bl. H34, H35, H36 • Ale Giurgeni - bl.F6, F7, F8, F9, F10, F11, F12, F13, F14 • Str Gura Ialomiţei - bl. PC8, PC9, PC10, PC11,H33,H32 PC12, H28, H29, H30, H31 • Str Feteşti - bl. V13, H27"
2026-09-01T02:22:51,3,3 Tomis,19,Deficienta ACC,Manevre de pornire a CTE Progresu.,2026-09-01T12:00,"• Str Plut. Ion Nedelcu - bl. 1, 3, C14, B3, B1, 1A • Str Fizicienilor - bl. 2A, 1B, 10A • Str Istriei - bl. 3A, 2B, 3B, 2, 10, 10B • Bld Camil Ressu - bl. A12, A13, A14, C13, C15,C16, C17"
2026-09-01T02:22:51,3,SC.4Catelu,1,Deficienta ACC,Manevre de pornire a CTE Progresu.,2026-09-01T12:00,• Str Câmpia Libertăţii - Module bl.21
2026-09-01T02:22:51,3,SC.2Catelu-module,4,Deficienta ACC,Manevre de pornire a CTE Progresu.,2026-09-01T12:00,"• Str Baba Novac - Module bl.G10, G11, G12, G13"
2026-09-01T02:22:51,3,9C4/2,15,Deficienta ACC,Manevre de pornire a CTE Progresu.,2026-09-01T12:00,"• Str Odobeşti - bl. T1, V35 • Str Lotrioara - bl. M31A, M31B, 31, V32, V30, V33, V34, V36, V37, V38, V39, V40, V41"
2026-09-01T02:22:51,3,2 Șulea,6,Deficienta ACC,Manevre de pornire a CTE Progresu.,2026-09-01T12:00,"• Str Odobeşti - bl. Z1, Z3 • Bld Camil Ressu - bl. N4, N5, Z4, Z5"
2026-09-01T02:22:51,3,4C4/2,15,Deficienta ACC,Manevre de pornire a CTE Progresu.,2026-09-01T12:00,"• Str Fuiorului - bl. H16A, H16B, H17, Y3 • Ale Fuiorului - bl. H16A, H16B, H17, Y3 • Str Firidei - bl. H15, H19 • Ale Lotrioara - bl. H25, N10 • Str Rotundă - bl. H19B • Bld Camil Ressu - bl. H14, H26, N8, N9, N11, N12"
2026-09-01T02:22:51,3,10 Matei Ambrozie,4,Deficienta ACC,Manevre de pornire a CTE Progresu.,2026-09-01T12:00,"• Str Odobeşti - bl. V16, V15 • Ale Ianca - bl. V18, V17"
2026-09-01T02:22:51,3,6C4/2,8,Deficienta ACC,Manevre de pornire a CTE Progresu.,2026-09-01T12:00,"• Ale Stănila - bl. H12, H9, H11, H7, H10 • Ale Rotundă - Y1, H8, H6"
2026-09-01T02:22:51,4,5 Metalurgiei,7,Oprire ACC,Remediere avarie retea primara .,2026-09-02T15:00,"• Bld Alexandru Obregia - bl. R7, II/32, II/34, II/33, R8, R9, R15"
2026-09-01T02:22:51,4,2 Zona II,19,Oprire ACC,Remediere avarie retea primara .,2026-09-02T15:00,"• Ale Someşul Mare - bl. A22, A23, E5, F7, F10 • Ale Stupilor - bl. A21, E7, E8, E9, E10, EF22, F8, F9, F11 • Bld Alexandru Obregia - bl. R10, R11 • Str Turnu Măgurele - bl. C1A, R12, Grădinița Nr.149 • Ale Covasna - bl. F6"
2026-09-01T02:22:51,4,2 Oltenitei,12,Oprire ACC,Remediere avarie circuit primar -str.Nitu Vasile ✕ Constantin Brancoveanu,2026-09-01T23:00,"• Str Mărţişor - Scoala Gimnaziala Martisor • Şos Olteniţei - bl. 1, 2, 3, 7, 8, 9, G1, G2, G3, G4, G5"
2026-09-01T02:22:51,4,2 Nitu Vasile,17,Oprire ACC,Remediere avarie circuit primar -str.Nitu Vasile ✕ Constantin Brancoveanu,2026-09-01T23:00,"• Str Sg. Niţu Vasile - bl. 10, 11V, 25, 26 • Str Rezonanţei - bl. 7, 8, 12V, 13V, 14V, N26 • Bld Constantin Brâncoveanu - bl. 27, 28 • Ale Cricovul Sărat - bl. 11, 12, 13, 14, N27"
2026-09-01T02:22:51,4,2 Serban Voda,5,Oprire ACC,Remediere avarie circuit primar -str.Nitu Vasile ✕ Constantin Brancoveanu,2026-09-01T23:00,"• Str Mitropolitul Dosoftei - Imobil nr.6 • Cal Şerban Vodă - bl. 13, 14, 15, Imobil nr.168"
2026-09-01T02:22:51,4,1 Oltenita Placare,4,Oprire ACC,Remediere avarie circuit primar -str.Nitu Vasile ✕ Constantin Brancoveanu,2026-09-01T23:00,"• Şos Olteniţei - bl. 4, 5, 6 • Str Păduroiu - B24 • Bld Constantin Brâncoveanu - U.M.0221"
2026-09-01T02:22:51,4,4 Oltenita Placare,7,Oprire ACC,Remediere avarie circuit primar -str.Nitu Vasile ✕ Constantin Brancoveanu,2026-09-01T23:00,"• Str Alunişului - bl. 12C • Str Împăratul Traian - bl. B1A, B12 • Bld Constantin Brâncoveanu - bl. 12A, 12B, B1, B2"
2026-09-01T02:22:51,4,1 Nitu Vasile,19,Oprire ACC,Remediere avarie circuit primar -str.Nitu Vasile ✕ Constantin Brancoveanu,2026-09-01T23:00,"• Str Secuilor - bl. 2, 3, 4, 5; Scoala Gimnaziala nr.96 • Str Sg. Niţu Vasile - bl. 1, 1V, 2, 3V, 4V, 5V, 6V, 8V, 9V, Complex Comercial • Ale Mirea Mioara Luiza - bl. 6. 7, Biserica • Ale Cricovul Sărat - bl. 8, 9, 10"
2026-09-01T02:22:51,4,2 Stoian Militaru,15,Oprire ACC,Remediere avarie circuit primar -str.Nitu Vasile ✕ Constantin Brancoveanu,2026-09-01T23:00,"• Str Stoian Militaru - bl. 17, 18 • Str Padeşu - bl. 4, 5, 9, 10, 14, 15 • Str Pictor Ştefan Dimitrescu - bl. 3, 7, 8, 11, 12, 13 • Str Laloşu - bl. 6"
2026-09-01T02:22:51,4,19 Dolhasca,4,Oprire ACC,Remediere avarie circuit primar -str.Nitu Vasile ✕ Constantin Brancoveanu,2026-09-01T23:00,"• Str Secuilor - bl. 18, 19, 20, B47"
2026-09-01T02:22:51,4,5 Oltenita,10,Oprire ACC,Remediere avarie circuit primar -str.Nitu Vasile ✕ Constantin Brancoveanu,2026-09-01T23:00,"• Str Mărţişor - Imobil nr.1 • Şos Olteniţei - bl. 4, 5, 6, 10, 11, 12, G6, G7 Turn • Str Prinosului - Imobil nr.2"
2026-09-01T02:22:51,4,1 Serban Voda,4,Oprire ACC,Remediere avarie circuit primar -str.Nitu Vasile ✕ Constantin Brancoveanu,2026-09-01T23:00,"• Str Simion - Imobil nr. 42 • Str G-ral Candiano Popescu - bl. 2 • Cal Şerban Vodă - bl. 1, 2, 2B"
2026-09-01T02:22:51,4,9 Brâncoveanu,4,Oprire ACC,Remediere avarie circuit primar -str.Nitu Vasile ✕ Constantin Brancoveanu,2026-09-01T23:00,"• Str Secuilor - bl. B46 • Str Sg. Gheorghe Tache - bl. B41, B43, B44"
2026-09-01T02:22:51,4,5 Brancoveanu,8,Oprire ACC,Remediere avarie circuit primar -str.Nitu Vasile ✕ Constantin Brancoveanu,2026-09-01T23:00,"• Str Împăratul Traian - bl. B8, B9, B10, B11 • Bld Constantin Brâncoveanu - bl. B3, B4, B5, B7"
2026-09-01T02:22:51,4,2 Oltenita Placare,9,Oprire ACC,Remediere avarie circuit primar -str.Nitu Vasile ✕ Constantin Brancoveanu,2026-09-01T23:00,"• Str Stoian Militaru - bl. 7B • Şos Olteniţei - bl. 6A , 7A, 11C • Str Alunişului - bl. 11A, 11B • Str Radului - bl. 8A, 10A • Str Dr. Anton Colorian - bl. 9A"
2026-09-01T02:22:51,4,Prasilei,25,Oprire ACC,Remediere avarie circuit primar -str.Nitu Vasile ✕ Constantin Brancoveanu,2026-09-01T23:00,"• Str Sold. Dumitru Minca - bl. 23, 24, 25 • Str Sg. Avram Petcu - Imobil nr.8 • Str Melineşti - bl. 1, 2, 3, 4, 11, 12, 13, 14 • Str Giovanni Boccaccio - bl. 5, 6, 7, 8 • Str Frt. Niculaie Marinescu - bl. A1, A2, A3, A4 • Str Praşilei - bl. 21, 22 • Str Peroni - bl. 9, 10, Imobil nr.45"
2026-09-01T02:22:51,4,1 Stoian Militaru,6,Oprire ACC,Remediere avarie circuit primar -str.Nitu Vasile ✕ Constantin Brancoveanu,2026-09-01T23:00,"• Str Padeşu - bl. 1 • Str Pictor Ştefan Dimitrescu - bl. 2, 19 • Str Şura Mare - bl. 1A, 1B • Str Cornetului - bl. 20"
2026-09-01T02:22:51,4,3 Oltenita Placare,22,Oprire ACC,Remediere avarie circuit primar -str.Nitu Vasile ✕ Constantin Brancoveanu,2026-09-01T23:00,"• Şos Olteniţei - bl. 2A, 2B, 2C, 2D, 3C, 3D, 3E, 4A, 4B, 4C, 4D, 5A, 5B, 5C, 5D, 5E • Str Gheorghe Adamescu - bl. 4E • Str Pometului - Imobil nr.41 • Str Laloşu - bl. 3A, 3B, 2E"
2026-09-01T02:22:51,4,Sincai,8,Oprire ACC,Remediere avarie circuit primar -str.Nitu Vasile ✕ Constantin Brancoveanu,2026-09-01T23:00,"• Str Mocăncuţei - Imobil nr.12 • Bld Gheorghe Şincai - bl. 2, 4 • Str Tineretului - bl 5,Z1 • Str Trestiana - bl. 3 • Str Constantin Rădulescu-Motru - bl. 1, 35 • Str Cuza Vodă - bl. 37A"
2026-09-01T02:22:51,4,6 Brancoveanu,14,Oprire ACC,Remediere avarie circuit primar -str.Nitu Vasile ✕ Constantin Brancoveanu,2026-09-01T23:00,"• Str Secuilor - bl. B17A • Str Păduroiu - bl. B22A, B23, B24, B25 • Str Pomârla - bl. B20, B21, B22 • Bld Constantin Brâncoveanu - bl. B14, B15, B16, B17 • Str Băltiţa - bl. B18 ,B19"
2026-09-01T02:22:51,4,8 Brancoveanu,12,Oprire ACC,Remediere avarie circuit primar -str.Nitu Vasile ✕ Constantin Brancoveanu,2026-09-01T23:00,"• Str Secuilor - bl. B27, B29, B31 • Str Păduroiu - bl. B30 • Str Huşi - bl. B32, B36, B37,B35 • Str Băltiţa - bl. B26, B28, B33, B34, B35"
2026-09-01T02:22:51,4,Pieptanari,14,Oprire ACC,Remediere avarie circuit primar -str.Nitu Vasile ✕ Constantin Brancoveanu,2026-09-01T23:00,"• Str Constantin Mănescu - bl. 6, 7, 8, Comunitatea Musulmană • Bld Pieptănari - bl. 5 • Str Dârste - Imobil nr.3 • Şos Viilor - bl. 4AB • Str Dumitru P. Botez - bl. Plomba 12 • Cal Şerban Vodă - bl. 2, 3A, 3B, 11 • Str Pandele Roşca - Scoala Gimnaziala Princepesa Margareta • Str Nicolae Galea - bl. 10 • Str Scarlat Otulescu - bl. 9"
2026-09-01T02:22:51,4,3 Nitu Vasile,23,Oprire ACC,Remediere avarie circuit primar -str.Nitu Vasile ✕ Constantin Brancoveanu,2026-09-01T23:00,"• Str Secuilor - bl. 21, 22 • Ale Donea Diana Alexandra - bl.19, 32, V18, 19B • Str Rezonanţei - bl. 15+16 • Bld Constantin Brâncoveanu - bl. 29, 30 • Ale Cricovul Dulce - bl. 15, 16, 17, 18, 17-18, N16, N17, N18, N19, N21, Policlinica • Ale Adrian Dan Urucu - bl. 20, 31, N17, Gradinița nr.227"
2026-09-01T02:22:51,4,4 Nitu Vasile,16,Oprire ACC,Avarie retea primara str Mirea Mioara Luiza nr 1,2026-09-01T23:00,"• Ale Secuilor - bl. 24, 35, N24, N25 • Str Secuilor - bl. 34, 23 • Str Sg. Niţu Vasile - bl. 36 • Ale Mirea Mioara Luiza - bl. N7, N20, N22, N23, 20V, 33 • Ale Donea Diana Alexandra - bl. 19 • Ale Cricovul Dulce - bl. N21, 19V"
2026-09-01T02:22:51,4,6 Zona II,5,Oprire ACC,Remediere avarie retea primara str. Vatra Dornei,2026-09-01T23:00,"• Str Râul Mara - bl. M4, M5, Vila Antonescu • Bld Constantin Brâncoveanu - bl. M6 • Str Cimpoierilor - Sc British College,Vila Raduica"
2026-09-01T02:22:51,4,Izvorul Cosbuc,9,Oprire ACC,Lucrări de modernizare a sistemului de temoficare al Municipiului Bucureṣti efectuate de către SC Construcţii Erbaṣu,2026-09-06T23:00,"• Bld Regina Maria - bl. 119 • Bld Libertăţii - bl. 113, 114, 115, 116, 117, 118, A1, A2"
2026-09-01T02:22:51,4,Metalurgiei,5,Oprire ACC,Depistare si remediere avarie retea primara-Bulevardul C-tin. Brancoveanu.,2026-09-01T23:00,"• Bld Alexandru Obregia - bl. OD1, 2B, 2A, M1, OD2"
2026-09-01T02:22:51,4,2 A Metalurgiei,1,Oprire ACC,Depistare si remediere avarie retea primara-Bulevardul C-tin. Brancoveanu.,2026-09-01T23:00,• Bld Alexandru Obregia - 2A
2026-09-01T02:22:51,4,17 Dolhasca,11,Oprire ACC,Depistare si remediere avarie retea primara-Bulevardul C-tin. Brancoveanu.,2026-09-01T23:00,"• Str Sg. Gheorghe Tache - bl. 17 • Şos Olteniţei - bl. 1, 2, 3, 13, 14, 16, Parohie • Str Huşi - bl. PA1, PA2 • Str Dolhasca - Vila Serban"
2026-09-01T02:22:51,5,3 Drumul Sării,19,Oprire ACC,Lucrari modernizare retea termica primara program POIM Lot 5 Obiectiv 14,2026-09-03T23:00,"• Str Baltagului - bl. V77, V78, V81 • Ale Botorani - bl. V28, V35, V36, V37, V42, V43, V80, V82, V83, V84 • Cal 13 Septembrie - bl. V38, V39, V40 • Str Mihail Sebastian - bl. V29, V30, V79"
2026-09-01T02:22:51,5,4 Drumul Sarii,15,Oprire ACC,Lucrari modernizare retea termica primara program POIM Lot 5 Obiectiv 14,2026-09-03T23:00,"• Str Lacul Plopului - bl. V7, P73 • Cal 13 Septembrie - bl. V1, V3, V4, V5, V6 • Str Şerbota - bl. P74, V8, V9, V19, V20, V21 • Str Sg. maj. Ion Nedeleanu - bl. V22, V23"
2026-09-01T02:22:51,5,6 Petre Ispirescu,10,Oprire ACC,Lucrari modernizare retea termica primara program POIM Lot 5 Obiectiv 14,2026-09-03T23:00,"• Str Sg.maj. Vasile Topliceanu - bl. P37, P31, P32, P38, P36, P38A • Str Sg. maj. Ion Nedeleanu - bl. P33, P34, P35, P39"
2026-09-01T02:22:51,5,7 Petre Ispirescu,6,Oprire ACC,Lucrari modernizare retea termica primara program POIM Lot 5 Obiectiv 14,2026-09-03T23:00,"• Str Petre Ispirescu - bl. P71A, P72B • Str Lacul Plopului - bl. P64 • Str Dorneasca - bl. P72 • Str Sg.maj. Vasile Topliceanu - bl. P66, P67"
2026-09-01T02:22:51,5,1 Drumul Sarii,14,Oprire ACC,Lucrari modernizare retea termica primara program POIM Lot 5 Obiectiv 14,2026-09-03T23:00,"• Ale Botorani - bl. V44, V50, V57, V49, V51 • Cal 13 Septembrie - bl. V53, V54, V47, V46, V45 • Drm Sării - bl. V58, V60, V55 • Str Năbucului - bl. V59"
2026-09-01T02:22:51,5,2 Alexandria,27,Oprire ACC,Remediere avarie retea primara Soseaua Alexandria,2026-09-02T12:00,"• Ale Lereşti - bl D1, D2, D3, A2, 37, 38, Sc.126, Cresa Sf. Stelian • Str Antiaeriană - bl A1, A1Prim • Şos Alexandria - bl L21, L22, L23, L24, L25, L26, L27, L28, L29, M1, M2, M3, M4, M5, OD1, PC9, PC10, PC11, PC12"
2026-09-01T02:22:51,5,1 Alexandria,10,Oprire ACC,Remediere avarie retea primara Soseaua Alexandria,2026-09-02T12:00,"• Şos Alexandria - bl L1, L2, L3,L4, L5, L6, PC1, PC2, PC7, PC6"
2026-09-01T02:22:51,5,7 Margeanului,19,Oprire ACC,Remediere avarie retea primara Soseaua Alexandria,2026-09-02T12:00,"• Str Cap. Ivan Anghelache - bl. M29, M30, M31, M32, M33, M34 • Str Sold. Ene Modoran - bl. M93A, M93B • Str Dumbrava Nouă - bl. M78 scara 1, M79 • Str Buzoeni - bl. M38, M39, M40, M41, M76, M77, M78 scara 2 • Str Mărgeanului - bl. M35, M36, M37"
2026-09-01T02:22:51,5,Teiuş,30,Oprire ACC,Remediere avarie retea primara Soseaua Alexandria,2026-09-02T12:00,"• Ale Posada - bl. 31, 32, 33, 35, 36, 34, Şcoala nr. 131 • Str Teiuş - bl. 10, Şcoala generală nr. 139 ,Policlinica Teius • Şos Alexandria - bl. C11, 4, 5bis, 21, 21bis, 22, 26, 27, 30, imobil nr 7B • Ale Ghimeş - bl. 23, 24, 25,28, 29 • Str Garoafei - bl. 5, 6, 7, 8, 9, Grădiniţa nr. 185"
2026-09-01T02:22:51,5,Soldat Croitoru,29,Oprire ACC,Remediere avarie retea primara Soseaua Alexandria,2026-09-02T12:00,"• Str Pecineaga - bl.17C, 23, 24 • Str Cap. Preda - bl. 3E, 19, 4 • Str Cap. Ilina - bl. 3B, 3C, 14, 21, 21A, 3D • Str Sold. Vasile Croitoru - bl. 3, 8, 9, 9A, 9B • Str Sold. Ion Cândea - bl. 22, 21B • Str Lt. Ilie Câmpeanu - bl. 2, 18, 18A, 18B, 15, 15A • Str Amurgului - Sectia 19 Politie • Str Slt. Popa - bl. 17, 17A, 17B, 20, 23A REZILIAT 21 – Sc. 1, 2"
2026-09-01T02:22:51,5,8 Alexandria,11,Oprire ACC,Remediere avarie retea primara Soseaua Alexandria,2026-09-02T12:00,"• Str Dobrun - bl. M67 • Şos Alexandria - bl. L8, L9, L10, L11, PC8 • Str Mărgeanului - bl. M68, M69, M70, M71"
2026-09-01T02:22:51,5,Garoafei,14,Oprire ACC,Remediere avarie retea primara Soseaua Alexandria,2026-09-02T12:00,"• Ale Costineşti - bl. 1, 2, 3, 4, 5, 6, 7, 8, 9 • Str Pucheni - bl. 2, 3 • Şos Alexandria - bl. 1, 12, imobil"
2026-09-01T02:22:51,5,8 Margeanului,19,Oprire ACC,Remediere avarie retea primara Soseaua Alexandria,2026-09-02T12:00,"• Str Topolniţa - bl. M44, M45, M54 • Str Dobrun - bl. M57, M58 • Str Buzoeni - bl. M43, M46, M47, M48, M72, M73, M74 • Str Mărgeanului - bl. M49, M50 • Str Glicinelor - bl. M51, M52, M53, M55, M56"
2026-09-01T02:22:51,5,6 Margeanului,19,Oprire ACC,Remediere avarie retea primara Soseaua Alexandria,2026-09-02T12:00,"• Str Cap. Ivan Anghelache - bl. M21, M25, M26, M27 • Str Sold. Ene Modoran - bl. M91, M92, M94 • Str Dumbrava Nouă - bl. M17, M28, M80, M81, M82 • Str Cap. Petre Mişcă - bl. M18, M19, M20, M22 • Str Mărgeanului - bl. M23, M23A, M24"
2026-09-01T02:22:51,5,Ministerul Finanţelor,1,Oprire ACC,Lucrări de modernizare a sistemului de temoficare al Municipiului Bucureṣti efectuate de către SC Construcţii Erbaṣu,2026-09-06T23:00,• Str Apolodor - Nr .17 - instituţie
2026-09-01T02:22:51,5,CASA ACADEMIEI,1,Oprire ACC,Lucrări de modernizare a sistemului de temoficare al Municipiului Bucureṣti efectuate de către SC Construcţii Erbaṣu,2026-09-06T23:00,• Cal 13 Septembrie - Nr. 13 - instituţie
2026-09-01T02:22:51,5,Hotel CONTINENTAL,1,Oprire ACC,Lucrări de modernizare a sistemului de temoficare al Municipiului Bucureṣti efectuate de către SC Construcţii Erbaṣu,2026-09-06T23:00,• Str Izvor - Nr. 82 - instituţie
2026-09-01T02:22:51,5,Facultatea de Medicină Veterinară,1,Oprire ACC,Lucrări de modernizare a sistemului de temoficare al Municipiului Bucureṣti efectuate de către SC Construcţii Erbaṣu,2026-09-06T23:00,• Spl Independenţei - Nr. 105 - instituţie
2026-09-01T02:22:51,5,Tudor Vladimirescu,9,Oprire ACC,Lucrări de modernizare a sistemului de temoficare al Municipiului Bucureṣti efectuate de către SC Construcţii Erbaṣu,2026-09-06T23:00,"• Bld Tudor Vladimirescu - bl. T4, T5, T6 • Cal 13 Septembrie - bl. T1B, T1C, T2B, T2C, T3, T3A"
2026-09-01T02:22:51,5,1 din 13 Septembrie,12,Oprire ACC,Lucrări de modernizare a sistemului de temoficare al Municipiului Bucureṣti efectuate de către SC Construcţii Erbaṣu,2026-09-06T23:00,"• Cal 13 Septembrie - bl. 48, 48A, 50, 52-54, 56, 58, 60, 60-62 • Str Mihail Cioranu - bl. 66, 68, 70, 70A, 70B"
2026-09-01T02:22:51,5,SRI PARCHET,1,Oprire ACC,Lucrări de modernizare a sistemului de temoficare al Municipiului Bucureṣti efectuate de către SC Construcţii Erbaṣu,2026-09-06T23:00,• Str Libertăţii - Nr. 14 - instituţie
2026-09-01T02:22:51,5,3 din 13 Septembrie,19,Oprire ACC,Lucrări de modernizare a sistemului de temoficare al Municipiului Bucureṣti efectuate de către SC Construcţii Erbaṣu,2026-09-06T23:00,"• Str Uranus - bl. U8, 53 • Str Ion Creangă - bl. 87, 89, 91 • Cal 13 Septembrie - bl. 55-57, 59-61, 63, 65-67, 69 ,71, 73-75, 77ABC,79 ,81, 83, 85"
2026-09-01T02:22:51,5,Palatul Parlamentului,1,Oprire ACC,Lucrări de modernizare a sistemului de temoficare al Municipiului Bucureṣti efectuate de către SC Construcţii Erbaṣu,2026-09-06T23:00,• Str Izvor - Nr. 2-4 - instituţie
2026-09-01T02:22:51,5,2 din 13 Septembrie,22,Oprire ACC,Lucrări de modernizare a sistemului de temoficare al Municipiului Bucureṣti efectuate de către SC Construcţii Erbaṣu,2026-09-06T23:00,"• Bld Tudor Vladimirescu - bl. 131,133,135 • Cal 13 Septembrie - bl. 93, 95, 97, 99, 101, 103, 105, 107, 109, 111, 123, 125, 127, 129 • Str Sabinelor - bl. 113, 115, 119, 121 • Str Sirenelor - bl. 117"
2026-09-01T02:22:51,5,Garajul Parlamentului,1,Oprire ACC,Lucrări de modernizare a sistemului de temoficare al Municipiului Bucureṣti efectuate de către SC Construcţii Erbaṣu,2026-09-06T23:00,• Str Izvor - Nr. 2-4 - instituţie
2026-09-01T02:22:51,5,Grădiniţa Nr.268 Scoala Nr.128,1,Oprire ACC,Lucrări de modernizare a sistemului de temoficare al Municipiului Bucureṣti efectuate de către SC Construcţii Erbaṣu,2026-09-06T23:00,• Str Ion Creangă - Gradinita 268 / Scoala 128
2026-09-01T02:22:51,5,MApN,1,Oprire ACC,Lucrări de modernizare a sistemului de temoficare al Municipiului Bucureṣti efectuate de către SC Construcţii Erbaṣu,2026-09-06T23:00,• Str Izvor - Nr. 13-15 - instituţie
2026-09-01T02:22:51,5,Modul Toporaşi,1,Oprire ACC,Revizie tehnică - CTE Progresu,2026-10-01T23:00,• Str Toporaşi - 1
2026-09-01T02:22:51,6,ISCH,1,Oprire ACC,Remediere avarie circuit primar - Giulesti-Crangasi,2026-09-04T23:30,• Spl Independenţei - bl. ISCH
2026-09-01T02:22:51,6,REGIE 3,10,Oprire ACC,Remediere avarie circuit primar - Giulesti-Crangasi,2026-09-04T23:30,"• Spl Independenţei - CAMIN P7, P8, P9, P10, P11, P12, P13, P14, CANTINA VEST, CANTINA EST"
2026-09-01T02:22:51,6,MT PLAVAT,1,Oprire ACC,Remediere avarie circuit primar - Giulesti-Crangasi,2026-09-04T23:30,• Str Alexandru Ivasiuc - E6
2026-09-01T02:22:51,6,"S.G.A. Ilfov-Bucureşti, Administratia Nationala Apele Romane)",1,Oprire ACC,Remediere avarie circuit primar - Giulesti-Crangasi,2026-09-04T23:30,• Spl Independenţei - Instituție
2026-09-01T02:22:51,6,ZAGANESCU,8,Oprire ACC,Remediere avarie circuit primar - Giulesti-Crangasi,2026-09-04T23:30,"• Str Burlă Vasile - imobil 3,17,19, 21 • Str Cpt. Pavel Zăgănescu - imobil 3,4,5,8"
2026-09-01T02:22:51,6,REGIE 4,11,Oprire ACC,Remediere avarie circuit primar - Giulesti-Crangasi,2026-09-04T23:30,"• Spl Independenţei - CAMIN P1, P2, P3, P4, P5, P6, P20, P21, P22, SALA SPORT, COMPLEX COMERCIAL"
2026-09-01T02:22:51,6,STUDENTI 2,5,Oprire ACC,Remediere avarie circuit primar - Giulesti-Crangasi,2026-09-04T23:30,"• Spl Independenţei - CAMIN P18, P19, P17, P16, P15"
2026-09-01T02:22:51,6,REGIE 2,5,Oprire ACC,Remediere avarie circuit primar - Giulesti-Crangasi,2026-09-04T23:30,"• Spl Independenţei - P23, P24,P25, P26, P27"
2026-09-01T02:22:51,6,1 Giulești,3,Oprire ACC,Remediere avarie retea primara,2026-09-04T23:30,"• Cal Giuleşti - bl. 1, 5 • Str George Vâlsan - bl. 2"
2026-09-01T02:22:51,6,5 Crivina,30,Oprire ACC,Remediere avarie retea primara,2026-09-04T23:30,"• Str Olăneşti - bl. 38, 43 • Str Fraţilor - bl. 85 • Str Vintilă Mihăilescu - bl. 42A • Str Zboina Neagră - bl. 88 • Str Porumbacu - bl. 33, 30, 35, 34, 87, 86, 31 • Str 9 Mai - bl. 24, 36, 37, 25, 25bis • Str Ceahlăul - bl. 28, 29, 32, 38A, 39,27, 26 sc. 1 • Cal Crângaşi - bl. 42, 26 sc. 2+3, 40, 41, 84, 43A"
2026-09-01T02:22:51,6,3 Crivina,17,Oprire ACC,Remediere avarie retea primara,2026-09-04T23:30,"• Str Vintilă Mihăilescu - bl. 60, 61, 72, 70, 62, 63, 63A, 64 • Str Zboina Neagră - bl. 69 • Str Stoian Popescu - Imobil Str. P. Stoian nr. 4 • Str George Vâlsan - bl. 65, 65A • Str Ceahlăul - bl. 66, 71, 67, 68, 73"
2026-09-01T02:22:51,6,B Giulești,14,Oprire ACC,Remediere avarie retea primara,2026-09-04T23:30,"• Cal Giuleşti - bl. A, B20, B, B19, D2, E2, B21, D1, B3, C, B2, B1 • Str Plaviei - Imobil Str. Plaviei nr. 5"
2026-09-01T02:22:51,6,G3 Giulești,17,Oprire ACC,Remediere avarie retea primara,2026-09-04T23:30,"• Str Ruşeţu - bl. A1+A2, G11, G8, CFR • Int Craiovei - bl. A5 • Bld Constructorilor - bl. A3, A4, G4, G7, G2, G3, 4(G5), G6, G12, G1, G10, F2, 10"
2026-09-01T02:22:51,6,2 Crivina,33,Oprire ACC,Remediere avarie retea primara,2026-09-04T23:30,"• Str Lt. Gheorghe Saidac - bl. 24, 25, 35, 20, 26, 27, 34, 33, 36, 28, 23, 12 ICEM, 12A, 29, 30 • Str Nucşoara - bl. 31, 32, 38, 39, 40, 37 • Str Mehadiei - bl. 4 ICEM, 1 ICEM • Cal Crângaşi - bl. 13 ICEM, 11 ICEM, 10, 9 ICEM, 6-7 ICEM, 8 ICEM, 2 ICEM, 3 ICEM, 4A ICEM, 5 ICEM"
2026-09-01T02:22:51,6,8 Crivina,29,Oprire ACC,Remediere avarie retea primara,2026-09-04T23:30,"• Str Nicolae Oncescu - bl. 104A, 100, 105, 101, 114, 110, 111, 112,113 • Str Zboina Neagră - bl. 91-95, 116 • Str Porumbacu - bl. 89 • Str Simion Mehedinţi - bl. 98, 99, 117, 90 • Str George Vâlsan - bl. 109, 107, 108 • Str George Mihail Zamfirescu - bl. 102 • Str Grigore Preoteasa - bl. 115A, 115, 97, 96, 118 • Str Ceahlăul - bl. 104, 103, 24, 106, 102A"
2026-09-01T02:22:51,6,10 Giulești,9,Oprire ACC,Remediere avarie retea primara,2026-09-04T23:30,"• Str Finta - bl. 1, Imobil Str. Finta nr. 4, Imobil Str. Finta nr. 5 • Str Porumbacu - Colegiul Tehnic Carol I • Str Tabla Butii - Imobil Str. Tabla Butii nr. 80 • Cal Giuleşti - bl. 6, 10, 11"
2026-09-01T02:22:51,6,Prunaru,9,Oprire ACC,Remediere avarie retea primara,2026-09-04T23:30,"• Cal Giuleşti - bl. Z1, Z2, Z3, OD4 • Str Prunaru - bl. 6, 7, 9, OD5,8"
2026-09-01T02:22:51,6,J Giulești,15,Oprire ACC,Remediere avarie retea primara,2026-09-04T23:30,"• Str Ruşeţu - bl. G15, G14, G13 • Bld Constructorilor - bl. G19+20, H3, J3, G17+18, G16, J1, I, H1, H2, 31, 29, 21, 23, 27, 33"
2026-09-01T02:22:51,6,4 Crivina,31,Oprire ACC,Remediere avarie retea primara,2026-09-04T23:30,"• Str Olăneşti - bl. 76A, 83 • Str Pădureni - bl. 51, 52, 58D, 53A, 53B, 53C, 52 • Str Vintilă Mihăilescu - bl. 78, 54, 55, 56, 57, 58, 59, 77, 80, 79, 44 • Str Zboina Neagră - bl. 81, 74 • Str Ceahlăul - bl. 82, 75, 76 • Cal Crângaşi - bl. 46, 48, 49, 45, 50, 47"
2026-09-01T02:22:51,6,1 Crivina,13,Oprire ACC,Remediere avarie retea primara,2026-09-04T23:30,"• Str Nucşoara - bl. 15A ICEM, 41, 42 • Str Mehadiei - bl. 21, 22 • Cal Crângaşi - bl. 15 ICEM, 16 • Bld Constructorilor - bl. 20, 17, 18, 19, 20A, 44"
2026-09-01T02:22:51,6,7 Giulești,9,Oprire ACC,Remediere avarie retea primara,2026-09-04T23:30,"• Str Nicolae Oncescu - Imobil N. Oncescu nr. 50, Imobil N. Oncescu nr. 52 • Cal Giuleşti - bl. 3, 4+4ANEXA, 7, 8 • Str Măgura Odobeşti - Imobil M. Odobești nr. 6 • Str Haltei - Imobil Haltei nr. 25 • Str Prunaru - bl. 9"
2026-09-01T02:22:51,6,7 Crivina,14,Oprire ACC,Remediere avarie retea primara,2026-09-04T23:30,"• Str 9 Mai - bl. 20A, 23A, 22A, 10A, 11B • Cal Giuleşti - bl. 12A, 13A, 11A, 14A • Cal Crângaşi - bl. 19A, 18A, 16A, 17A, 15"
2026-09-01T02:22:51,6,9 Crivina,25,Oprire ACC,Remediere avarie retea primara,2026-09-04T23:30,"• Str Nicolae Filimon - bl. 15 sc. 2, 16, 17, 18 • Str George Mihail Zamfirescu - bl. 19A, 22, 22A • Str Ceahlăul - bl. 14, 15 sc. 1, 18, 19 • Cal Crângaşi - bl. 1, 2, 3, 4, 5, 6, 7, 11, 11A, 11B, 12, 13, 20, 21"
2026-09-01T02:22:51,6,1 Veteranilor,15,Oprire ACC,Remediere avarie retea primara,2026-09-04T23:30,"• Str Peştera Dâmbovicioara - bl. M12, Colegiul Economic Costin C. Kirițescu • Str Partizanilor - bl. M3A. M10, M11, M3 • Bld Iuliu Maniu - bl. 3, 4, 5 • Str Veteranilor - bl. M13, M14, M15 • Bld Uverturii - bl. 1, 9, 10"
2026-09-01T02:22:51,6,UM 0276 (0333),0,Oprire ACC,Remediere avarie retea primara,2026-09-04T23:30,• Bld Iuliu Maniu - Instituție
2026-09-01T02:22:51,6,MILITARI - 6 Placare,8,Oprire ACC,Remediere avarie retea primara,2026-09-04T23:30,"• Bld Iuliu Maniu - bl. D3, D4, D5, D6, R1, R2, 21P"
2026-09-01T02:22:51,6,MILITARI - 4 Placare,20,Oprire ACC,Remediere avarie retea primara,2026-09-04T23:30,"• Bld Iuliu Maniu - bl. 14M, OD16, 16C, 42S14, 10A • Str Răsăritului - bl. 9M • Ale Zorelelor - bl. 8A, 9A, 10M, 11M, 12M, 13M, 43, 44, 45 • Drm Timonierului - bl. 16A, 40S14 • Str Centurii - bl. 15M, 16B, 41S14,Școala nr.142"
2026-09-01T02:22:51,6,5 Desișului,13,Oprire ACC,Remediere avarie retea primara,2026-09-04T23:30,"• Str Dreptăţii - bl. M22, M22A • Bld Iuliu Maniu - bl. 20, 21, 22 • Str Dezrobirii - bl. 23, 24, M25, 25, 26 • Str Cetatea de Baltă - bl. M23, M23A, M24"
2026-09-01T02:22:51,6,SC 6/7,6,Oprire ACC,Remediere avarie retea primara,2026-09-04T23:30,"• Str Partiturii - bl. 62 • Str Cernişoara - bl. 56, 57, 59, 60, 61"
2026-09-01T02:22:51,6,MILITARI - 8 Placare,17,Oprire ACC,Remediere avarie retea primara,2026-09-04T23:30,"• Str Liniei - bl. 6C • Str Azurului - bl. 114A, 118A • Str Răsăritului - bl. 1, 4C, 5C, 7C, 116, 117, 118 • Str Velei - bl. 2, 3 • Str George Calboreanu - bl. 115, 119, 120, 122"
2026-09-01T02:22:51,6,3 Uverturii,12,Oprire ACC,Remediere avarie retea primara,2026-09-04T23:30,"• Str Fabricii - bl. 15E, 15D, 15C, 25/III, 25/IV, 25/V • Bld Iuliu Maniu - bl. 15bis, 15A, 15B • Ale Cetăţuia - bl. 25/I, 25/II"
2026-09-01T02:22:51,6,2 Veteranilor,13,Oprire ACC,Remediere avarie retea primara,2026-09-04T23:30,"• Str Partizanilor - bl.M3 • Str Veteranilor - bl. M6, M16, 6, 7 • Bld Uverturii - bl. M8, 11 • Str Dealul Ţugulea - bl. 8, 12, 13, 14, 15, 16, Școala Gimnazială nr. 156"
2026-09-01T02:22:51,6,SC 4/5,11,Oprire ACC,Remediere avarie retea primara,2026-09-04T23:30,"• Str Roşia Montană - bl. 29, 30, 32 • Str Dezrobirii - bl. 23, 24, 25, 26, 27, 33 • Str Cetatea de Baltă - bl. 28, 31"
2026-09-01T02:22:51,6,UM 02296,1,Oprire ACC,Remediere avarie retea primara,2026-09-04T23:30,• Bld Iuliu Maniu -
2026-09-01T02:22:51,6,MILITARI - 7 Placare,17,Oprire ACC,Remediere avarie retea primara,2026-09-04T23:30,"• Str Azurului - bl. 113B • Ale Poarta Albă - bl. 109A, 110, 110A • Str Basmului - bl. 108A • Drm Timonierului - bl. 1, 2, 109, 111, 111A, 111B, 113C, 113D • Str Centurii - bl. 112, 113, 113A • Str Cupolei - bl. 108"
2026-09-01T09:59:19,1,Club Steaua,1,Oprire ACC,"Lucrari de modernizare retea primara prin programul POIM Lot 2,obiectiv 9 efectuate de firma ELSACO",2026-09-04T23:30,• Cal Plevnei - 114
2026-09-01T09:59:19,1,3 Dinicu Golescu,4,Oprire ACC,"Lucrari de modernizare retea primara prin programul POIM Lot 2,obiectiv 9 efectuate de firma ELSACO",2026-09-04T23:30,"• Bld Dinicu Golescu - bl. 1, 2, 3, 4"
2026-09-01T09:59:19,1,10-22 Duca,9,Oprire ACC,"Lucrari de modernizare retea primara prin programul POIM Lot 2,obiectiv 9 efectuate de firma ELSACO",2026-09-04T23:30,"• Str Lt.Col. Paul Ionescu - Imobil nr. 3 • Bld Gheorghe Duca - bl. 10-22, 4, 8, 17, 26, 24, 15, 6"
2026-09-01T09:59:19,1,3 Titulescu,12,Oprire ACC,"Lucrari de modernizare retea primara prin programul POIM Lot 2,obiectiv 9 efectuate de firma ELSACO",2026-09-04T23:30,"• Str Miron Costin - bl. 5A+5B • Şos Nicolae Titulescu - bl. 7, 10A, 9A+B, 8, 10, 6, 4, 2, 3 • Bld Alexandru Ioan Cuza - imob.Nr.80 • Str G-ral Alexandru Cernat - imob.Nr.24"
2026-09-01T09:59:19,1,Garnizoana,1,Oprire ACC,"Lucrari de modernizare retea primara prin programul POIM Lot 2,obiectiv 9 efectuate de firma ELSACO",2026-09-04T23:30,• Str Institutul Medico-Militar - 22
2026-09-01T09:59:19,1,Spitalul Militar Central,1,Oprire ACC,"Lucrari de modernizare retea primara prin programul POIM Lot 2,obiectiv 9 efectuate de firma ELSACO",2026-09-04T23:30,• Str Mircea Vulcănescu -
2026-09-01T09:59:19,1,Palatul CFR,1,Oprire ACC,"Lucrari de modernizare retea primara prin programul POIM Lot 2,obiectiv 9 efectuate de firma ELSACO",2026-09-04T23:30,• Bld Dinicu Golescu - 38
2026-09-01T09:59:19,1,A Gara,4,Oprire ACC,"Lucrari de modernizare retea primara prin programul POIM Lot 2,obiectiv 9 efectuate de firma ELSACO",2026-09-04T23:30,"• Str Gării de Nord - bl. A, C • Cal Griviţei - bl. 139 • Str Atelierului -"
2026-09-01T09:59:19,1,150 Grivita,3,Oprire ACC,"Lucrari de modernizare retea primara prin programul POIM Lot 2,obiectiv 9 efectuate de firma ELSACO",2026-09-04T23:30,"• Cal Griviţei - bl. 150 • Str Alexandru Depărăţeanu - imob.Nr.4, 6"
2026-09-01T09:59:19,1,Veronica Micle,16,Oprire ACC,"Lucrari de modernizare retea primara prin programul POIM Lot 2,obiectiv 9 efectuate de firma ELSACO",2026-09-04T23:30,"• Str Veronica Micle - bl. M5, M6, 1C, imob. nr. 40, 38, 36Bis • Str Dr. Iacob Felix - bl. M4, A1, B1, C2,imob. nr. 53, 12 • Şos Nicolae Titulescu - bl. 12, 11B, 11A • Str Bradului - bl. C2"
2026-09-01T09:59:19,1,D3 Gara,4,Oprire ACC,"Lucrari de modernizare retea primara prin programul POIM Lot 2,obiectiv 9 efectuate de firma ELSACO",2026-09-04T23:30,• Str Gării de Nord - bl. D3 • Cal Griviţei - bl. J1
2026-09-01T09:59:19,1,148 Grivita,3,Oprire ACC,"Lucrari de modernizare retea primara prin programul POIM Lot 2,obiectiv 9 efectuate de firma ELSACO",2026-09-04T23:30,• Cal Griviţei - bl. 1B • Str Constantin Disescu - imobil Nr.7
2026-09-01T09:59:19,1,146 Grivita,5,Oprire ACC,"Lucrari de modernizare retea primara prin programul POIM Lot 2,obiectiv 9 efectuate de firma ELSACO",2026-09-04T23:30,"• Cal Griviţei - bl. 146 • Str Constantin Disescu - imobil Nr.2A, 2 • Str Pandele Ţăruşanu - imob.Nr.3, 5, 11"
2026-09-01T09:59:19,1,B Dinicu Golescu,5,Oprire ACC,"Lucrari de modernizare retea primara prin programul POIM Lot 2,obiectiv 9 efectuate de firma ELSACO",2026-09-04T23:30,"• Bld Dinicu Golescu - bl. E, F, H, G, B"
2026-09-01T09:59:19,1,Muzeul Militar,1,Oprire ACC,"Lucrari de modernizare retea primara prin programul POIM Lot 2,obiectiv 9 efectuate de firma ELSACO",2026-09-04T23:30,• Str Mircea Vulcănescu - Muzeul Militar
2026-09-01T09:59:19,1,Sora,1,Oprire ACC,"Lucrari de modernizare retea primara prin programul POIM Lot 2,obiectiv 9 efectuate de firma ELSACO",2026-09-04T23:30,• Cal Griviţei - bl.Sora
2026-09-01T09:59:19,1,Iacob Negruzzi,1,Oprire ACC,"Lucrari de modernizare retea primara prin programul POIM Lot 2,obiectiv 9 efectuate de firma ELSACO",2026-09-04T23:30,• Str Iacob Negruzzi - imob.Nr.45
2026-09-01T09:59:19,1,9 Titulescu,5,Oprire ACC,"Lucrari de modernizare retea primara prin programul POIM Lot 2,obiectiv 9 efectuate de firma ELSACO",2026-09-04T23:30,"• Şos Nicolae Titulescu - bl. 23, 20, 21A, 21, 22"
2026-09-01T09:59:19,1,3-11 Duca,8,Oprire ACC,"Lucrari de modernizare retea primara prin programul POIM Lot 2,obiectiv 9 efectuate de firma ELSACO",2026-09-04T23:30,"• Str Petru Poni - bl.1 • Cal Griviţei - bl.142 • Bld Gheorghe Duca - bl.3-11 • Str Pandele Ţăruşanu - imobile.18, 6, 14, 6Bis,12"
2026-09-01T09:59:19,1,Depozit Medicamente,1,Oprire ACC,Remediere avarie circuit primar,2026-09-01T23:30,• Str Mr. Ştefan Sănătescu -
2026-09-01T09:59:19,1,7-1 Mai,6,Oprire ACC,Remediere avarie circuit primar,2026-09-01T23:30,"• Bld Ion Mihalache - bl. 5, 6, 7, 8, 9, 10"
2026-09-01T09:59:19,1,140 – 1 Mai,3,Oprire ACC,Remediere avarie circuit primar,2026-09-01T23:30,"• Bld Ion Mihalache - bl. 138, 140, 142"
2026-09-01T09:59:19,1,126-1 Mai,3,Oprire ACC,Remediere avarie circuit primar,2026-09-01T23:30,"• Bld Ion Mihalache - bl. 1, 2"
2026-09-01T09:59:19,1,Palazul Mare,6,Oprire ACC,Remediere avarie circuit primar,2026-09-01T23:30,"• Str Gen. Athanasie Enescu - bl. 49, 3, 5, 45, 2, 1"
2026-09-01T09:59:19,1,Sandu Aldea,5,Oprire ACC,Remediere avarie circuit primar,2026-09-01T23:30,"• Str Constantin Sandu-Aldea - bl. 1, 2, 3, 4, 5"
2026-09-01T09:59:19,1,Popişteanu,5,Oprire ACC,Remediere avarie circuit primar,2026-09-01T23:30,"• Str Popişteanu - Str.Alexandru Popisteanu bl.1, 2, 3"
2026-09-01T09:59:19,1,Av. Sanatescu,9,Oprire ACC,Remediere avarie circuit primar,2026-09-01T23:30,"• Str Mr. Ştefan Sănătescu - Nr.28 Vilă • Ale Lt. Gheorghe Stâlpeanu - bl.1, 2, 3, 4, 5, 6, 7, 8"
2026-09-01T09:59:19,1,Locuinţe Steaua,4,Oprire ACC,Remediere avarie circuit primar,2026-09-01T23:30,"• Bld Ion Mihalache - bl. C, E, H, B"
2026-09-01T09:59:19,1,Ct Luterana,5,Oprire ACC,Sistare furnizare gaze naturale /Centrala Termica Luterana.,2026-10-01T20:00,"• Str Ion Câmpineanu - Bl. 3, 6, 4, 5, 6A"
2026-09-01T09:59:19,1,"Școala Gimnazială ,,Nicolae Titulescu”",0,Oprire ACC,"Lucrari modernizare Retea Termica Primara prin programul POIM Lot 2, obiectiv 9. Firma Elsaco",2026-09-04T23:30,• Şos Nicolae Titulescu -
2026-09-01T09:59:19,2,33 Muncii,3,Oprire ACC,Remediere avarie circuit primar,2026-09-02T23:00,"• Bld Basarabia - bl.31, 32, 33"
2026-09-01T09:59:19,2,2 Iancului,17,Oprire ACC,Remediere avarie în punctul termic pe circuitul de apă caldă de consum,2026-09-01T22:00,"• Str Măgura Vulturului - bl.117B, 117A • Str Slt. Dima Cristescu - bl.105C • Şos Iancului - bl.106C, 106B, 106A, 105B, 105D, 108, 107, imob.Nr.25, 15 • Str Lt. Sachelarie Visarion - Visarion bl.118B, 119, 118A, 117C, imob.Nr.49-51"
2026-09-01T09:59:19,2,ICB,2,Oprire ACC,Remediere avarie racord primar,2026-09-03T23:00,• Bld Lacul Tei -
2026-09-01T09:59:19,2,5 Lacul Tei,12,Oprire ACC,Remediere avarie racord primar,2026-09-03T23:00,"• Str Tuzla - bl.11, 11A • Str Grigore C. Moisil - bl.9, 10, 8, 6A, 6 • Bld Lacul Tei - bl.5A2, 5, 5A1, 4, 6B"
2026-09-01T09:59:19,2,Mecanica Fina,9,Oprire ACC,Remediere avarie circuit primar,2026-09-02T23:00,"• Str Popa Lazăr - bl. Aversa • Şos Pantelimon - bl. P2, 5D, 5C, 5A, 5B, • Bld Ferdinand I - bl. E1- E4, G1- G3, imob.Nr.125"
2026-09-01T09:59:19,2,AUTOCENTER,1,Oprire ACC,Remediere avarie circuit primar,2026-09-02T23:00,• Str Venerei -
2026-09-01T09:59:19,2,7 Mosilor,8,Oprire ACC,Remediere avarie circuit primar,2026-09-02T23:00,"• Bld Carol I - bl. 2Bis • Cal Moşilor - bl. 2, 4Bis, 6, 8, 10, 12, 14 sc.2-3-4; • Str Zece Mese - bl.14 sc.1"
2026-09-01T09:59:19,2,Ion Maiorescu,4,Oprire ACC,Remediere avarie circuit primar,2026-09-02T23:00,"• Şos Mihai Bravu - bl.P21-21A, P22, P22A, P23-24"
2026-09-01T09:59:19,2,6 Mosilor,8,Oprire ACC,Remediere avarie circuit primar,2026-09-02T23:00,"• Str Cercului - bl.5-7 • Cal Moşilor - bl. 9, 3, 1Bis, 1 ( nr. 145 ), 11, 11B, 15; 1 ( nr. 189)"
2026-09-01T09:59:19,2,2 Mosilor,8,Oprire ACC,Remediere avarie circuit primar,2026-09-02T23:00,"• Cal Moşilor - bl.62, 58Bis, 54, 48Bis, 56, 60A • Şos Mihai Bravu - bl. 60C, 60B"
2026-09-01T09:59:19,2,4 Mosilor,18,Oprire ACC,Remediere avarie circuit primar,2026-09-02T23:00,"• Str Ardeleni - bl. 39A • Cal Moşilor - bl. 47, 47Bis, 49-49A, 51Bis, 53, 55, 45, 45A, 43, 41, 39, 37, 33-35, imob.Nr.257 • Str Făinari - bl.51 sc.C; 51 sc.B • Str Rovine - bl. 51B, 57A. 51 sc.A"
2026-09-01T09:59:19,2,1 Mosilor,22,Oprire ACC,Remediere avarie circuit primar,2026-09-02T23:00,"• Ale Cenuşeresei - bl.50, 52 • Str Traian - bl.30 B, imob.Nr.254 • Cal Moşilor - bl.36, 38, 42, 46, 48, 58, 32, 30A, 31A , 31C • Str Mihai Eminescu - bl.31B ,32 • Str Vaselor - bl.34, imob.Nr.3A • Str Ion Maiorescu - bl.44 ;50 ;40, imob.Nr.37, 7"
2026-09-01T09:59:19,2,3 Mosilor,25,Oprire ACC,Remediere avarie circuit primar,2026-09-02T23:00,"• Str Traian - bl.22B, 24 • Bld Dacia - bl.25B • Cal Moşilor - bl.25A ,23, 20, 20Bis, 22A, 22C, 18,16 ,21, 21A ,19,17 ;imob 215A • Str Mihai Eminescu - BL.25A SC.B • Str Energiei - imob.Nr.7, 10, 11, 12, 14, 16, 18, 20, 22"
2026-09-01T09:59:19,2,8 Doamna Ghica,3,Oprire ACC,Remediere avarie racord primar,2026-09-02T11:00,"• Str Pâncota - bl.11 Nord, 12 Nord,13 Nord"
2026-09-01T09:59:19,2,7 Doamna Ghica,3,Oprire ACC,Remediere avarie racord primar,2026-09-02T11:00,"• Str Sinaia - bl. 16 sc. A-B • Str Pâncota - bl.14, 16 sc. 3-4-5; 15"
2026-09-01T09:59:19,2,U2 Avrig,1,Oprire ACC,Reabilitarea sistemului de termoficare a Muncicipiului Bucuresti obiectiv 3.,2026-09-02T23:30,• Str Avrig - bl.U2
2026-09-01T09:59:19,2,U1 Avrig,1,Oprire ACC,Reabilitarea sistemului de termoficare a Muncicipiului Bucuresti obiectiv 3.,2026-09-02T23:30,• Str Avrig - bl.U1
2026-09-01T09:59:19,2,3 Vaselor,18,Oprire ACC,Reabilitarea sistemului de termoficare a Muncicipiului Bucuresti obiectiv 3.,2026-09-02T23:30,"• Şos Mihai Bravu - bl.P3, P30A, 4, 4Bis, P14, P12, P15Bis, P15, P13 • Str Pictor Oscar Obedeanu - imob.Nr.18 • Ale Avrig - bl.P4, P5, P6, P18Bis, P30, P18, P19Bis, P19"
2026-09-01T09:59:19,2,33 Muncii,3,Deficienta ACC,Manevre de pornire a CTE PROGRESU,2026-09-01T12:00,"• Bld Basarabia - bl.31, 32, 33"
2026-09-01T09:59:19,2,2 Voiniceni,26,Deficienta ACC,Manevre de pornire a CTE PROGRESU,2026-09-01T12:00,"• Bld Chişinău - bl.M7; M8; M9 • Str Cernăuţi - bl. M10, B28, M10A; B27 • Str Herţa - bl.D2, B29, J2, X1, X2, X3, X4; • Str Pescăruşului - bl.B26, D6 ; J1; D5; B25; D4; B24 • Ale Codlea - bl.D3, D1, J3, D7"
2026-09-01T09:59:19,2,6 Pantelimon,10,Deficienta ACC,Manevre de pornire a CTE PROGRESU,2026-09-01T12:00,"• Ale Dobrina - bl. 49B, 49C; 49D1; 49C1 • Bld Chişinău - bl. 48A; 49 • Şos Pantelimon - bl.45, 48, 54 • Str Renului - bl. 49D"
2026-09-01T09:59:19,2,A2 Basarabia,13,Deficienta ACC,Manevre de pornire a CTE PROGRESU,2026-09-01T12:00,"• Bld Basarabia - bl.A1, A2, A3, B1, B2, C1, C2, D1, D2, D3, D4, E1, F1"
2026-09-01T09:59:19,2,A4 Basarabia,8,Deficienta ACC,Manevre de pornire a CTE PROGRESU,2026-09-01T12:00,"• Str Murgeni - bl. O1 • Bld Basarabia - bl. A4, B3, D5, E2, F2, L10, L10A"
2026-09-01T09:59:19,2,1 Socului,14,Deficienta ACC,Manevre de pornire a CTE PROGRESU,2026-09-01T12:00,"• Ale Mozaicului - bl.B1, B2, B3 sc.A+B,C; B5, B4, B7, B8, B9 sc.A,B,C • Bld Chişinău - bl. B6 sc.A,B,C; A7, A7 bis, A8 • Str Cernăuţi - bl. A9 • Str Dimitrie Hârlescu - bl. A6"
2026-09-01T09:59:19,2,7 Muncii,9,Deficienta ACC,Manevre de pornire a CTE PROGRESU,2026-09-01T12:00,"• Str Carei - bl. A18Bis • Bld Basarabia - bl. A16A, A17, A16, A18, A20, A20A, A19, A18A"
2026-09-01T09:59:19,2,17 Pantelimon,5,Deficienta ACC,Manevre de pornire a CTE PROGRESU,2026-09-01T12:00,"• Ale Hobiţa - bl.300, 301 • Str Fântânica - • Şos Pantelimon - bl.66, 70, 200-201-202"
2026-09-01T09:59:19,2,4 Socului,11,Deficienta ACC,Manevre de pornire a CTE PROGRESU,2026-09-01T12:00,"• Bld Chişinău - bl.M15, M13, M14.sc.1,2, M23 • Str Cernăuţi - bl.M12, M11Bis • Bld Basarabia - bl.M22, M21 • Str Pescăruşului - .bl.M16, M11, M20"
2026-09-01T09:59:19,2,10 Pantelimon,15,Deficienta ACC,Manevre de pornire a CTE PROGRESU,2026-09-01T12:00,"• Str Alexandru Ipsilanti - bl.29Bis, 29E • Str Logofătul Dan - bl.22 • Str Bodeşti - bl.29A, 29B • Şos Pantelimon - bl.3, 4 • Str Armaşul Marcu - bl. 23, 24, 28, 27, 29, 25, 26 • Str Cluceru Sandu - bl.29C"
2026-09-01T09:59:19,2,5 Socului,8,Deficienta ACC,Manevre de pornire a CTE PROGRESU,2026-09-01T12:00,"• Bld Chişinău - bl.A1, A5, A5Bis, A3Bis, A4, A2, A3 • Str Dimitrie Hârlescu - bl.A5A"
2026-09-01T09:59:19,2,8 Muncii,4,Deficienta ACC,Manevre de pornire a CTE PROGRESU,2026-09-01T12:00,"• Str Carei - bl. MR7 • Bld Basarabia - bl.MR3, MR2, MR1"
2026-09-01T09:59:19,2,15 ABC,2,Deficienta ACC,Manevre de pornire a CTE PROGRESU,2026-09-01T12:00,• Şos Vergului - bl.15D • Şos Pantelimon - bl.15ABC
2026-09-01T09:59:19,3,SC.4C3/2 - Module Termice,7,Oprire ACC,Remediere avarie racord primar - Str Liviu Rebreanu,2026-09-01T20:30,"• Str Liviu Rebreanu - M9,M10,M11,M12 • Ale Barajul Dunării - M35"
2026-09-01T09:59:19,3,8X,8,Oprire ACC,Remediere avarie rețea secundară pe circuitul de apă caldă de consum (str.Bj. Cucuteni.),2026-09-01T14:00,"• Bld Pictor Nicolae Grigorescu - bl.Y9, Y9A, Y9B, Y9C,Y9D • Ale Barajul Cucuteni - bl.A11, A12, A12bis"
2026-09-01T09:59:19,3,21 Foișor,17,Oprire ACC,Depistare si remediere avarie retea primara,2026-09-04T23:30,"• Str Vlaicu Vodă - bl. C8, C9 • Str Vlad Dracul - bl. B12, B13 • Str Vasile Cârlova - bl. A7, A7bis • Str Emil Gârleanu - bl. A6, A4 • Str Lt. col. Dumitru Papazoglu - bl. B10, C6 • Str Anastasie Panu - bl. A12, A5, A16, B7 • Str Alexandru Moruzzi Voievod - bl. A11, A13, B6"
2026-09-01T09:59:19,3,15 Foișor,4,Oprire ACC,Depistare si remediere avarie retea primara,2026-09-04T23:30,"• Str Zizin - bl. G1 • Str Brânduşelor - bl. G3 • Str Banu Udrea - bl. G7, G8"
2026-09-01T09:59:19,3,12 Foișor,14,Oprire ACC,Depistare si remediere avarie retea primara,2026-09-04T23:30,"• Str Vlad Dracul - bl. C12, C14, C13 • Str Foişorului - bl. F13C, F14C, F11C, F12C • Str Anastasie Panu - bl. C15, D3, D1, D2, D6, D4, D5"
2026-09-01T09:59:19,3,11 Foișor,14,Oprire ACC,Depistare si remediere avarie retea primara,2026-09-04T23:30,"• Str Zizin - bl. V75C • Str Vlaicu Vodă - bl. V65, V66 • Str Brânduşelor - bl. V70, V75A, V77 • Str Foişorului - bl. F9C, F8C • Str Rarău - bl. V69, V68, V70, V71, F10C, V74"
2026-09-01T09:59:19,3,9 Vitan,11,Oprire ACC,Depistare si remediere avarie retea primara,2026-09-04T23:30,"• Str Zizin - bl. 97, V101C, V101B • Str Vlaicu Vodă - bl. V34C, V100 • Cal Vitan - bl. V34A, V35 • Str Nucului - bl. V100, V101,V101A • Str Banu Udrea - bl. V104, V103, V101C, V99, V97, V102, V95"
2026-09-01T09:59:19,3,13 Foișor,11,Oprire ACC,Depistare si remediere avarie retea primara,2026-09-04T23:30,"• Str Vlaicu Vodă - bl. V62, V63, V61 • Str Brânduşelor - bl.V64 • Str Foişorului - bl. F6C, F7C, F5C, F4C • Str Alexandru Moruzzi Voievod - bl. V60, V59, V58"
2026-09-01T09:59:19,3,10 Vitan,17,Oprire ACC,Depistare si remediere avarie retea primara,2026-09-04T23:30,"• Str Zizin - bl. V80B, V80A, V81C, V40 • Str Vlaicu Vodă - bl. V43, V39, V82, V38, V81, V79, V82B, V81A • Cal Vitan - bl. V40, V42, V17, V82A, V42C,V42A • Str Brânduşelor - bl. V78"
2026-09-01T09:59:19,3,19 Foișor,10,Oprire ACC,Depistare si remediere avarie retea primara,2026-09-04T23:30,"• Str Brânduşelor - bl. G4, G4A, H1, H16 • Str Banu Udrea - bl. G5, G6, H5, J2, J1, H6"
2026-09-01T09:59:19,3,23 C5/2,17,Oprire ACC,Remediere avarie circuit primar - (str./Bd.1Decembrie 1918.),2026-09-14T23:30,"• Ale Lăceni - bl. PM83, PM84, PM85 • Str Liviu Rebreanu - bl. PM70, PM71, PM72 • Bld 1 Decembrie 1918 - bl. PM73, PM74, PM75, PM76, PM77, PM78, PM79, PM80, PM81, PM82, U6"
2026-09-01T09:59:19,3,10 Nefamilisti,13,Oprire ACC,Remediere avarie circuit primar - (str./Bd.1Decembrie 1918.),2026-09-14T23:30,"• Str Liviu Rebreanu - bl. PM22, Z22 • Ale Cioplea - bl. 1, 5, Camin ALCAZ, Camin ANL • Bld 1 Decembrie 1918 - bl. 2, 3, 10, 11, T1, T2, Z23"
2026-09-01T09:59:19,3,E1,6,Oprire ACC,Depistare si remediere avarie retea primara,2026-09-02T23:30,"• Str Vintilă Vodă - bl. E1 • Bld Unirii - bl. E2, E3,E3A, E3-3, E3A2"
2026-09-01T09:59:19,3,C3 Căuzaşi,11,Oprire ACC,Depistare si remediere avarie retea primara,2026-09-02T23:30,"• Ale Negru Vodă - C3, C4, C3A • Str Mămulari - C1, C2 • Bld Unirii - A1, A2, A3, A4 • Str Sfânta Vineri - A6, A5"
2026-09-01T09:59:19,3,7 Călăraşi,9,Oprire ACC,Depistare si remediere avarie retea primara,2026-09-02T23:30,"• Bld Corneliu Coposu - 105A, 103, 104, 101, 106A, 105A • Str Sfânta Vineri - 105B, 105C, 102"
2026-09-01T09:59:19,3,Tribunalul Bucuresti,1,Oprire ACC,Depistare si remediere avarie retea primara,2026-09-02T23:30,• Bld Unirii - 37
2026-09-01T09:59:19,3,1 C3/1,20,Deficienta ACC,Manevre de pornire a CTE Progresu.,2026-09-01T12:00,"• Int Horbotei - bl. M1, M2, T3, T4, G5, M10 • Int Bârsei - bl. G3, G4, G6, G7, G8 • Int Bădeni - bl. G1, G2, T5, T6, M13, M13A, M18, M19, M61"
2026-09-01T09:59:19,3,1Placare-T,16,Deficienta ACC,Manevre de pornire a CTE Progresu.,2026-09-01T12:00,"• Str Trapezului - bl. R12, C2, G1A, G1B, G2 • Bld Theodor Pallady - bl. PM25, R11 • Str Prevederii - bl. A12, C1, R13, G3, G6, G4-G5, G8, G9 • Str Plt. maj. Pazon Marin - bl. G7bis"
2026-09-01T09:59:19,3,11 C5/2,28,Deficienta ACC,Manevre de pornire a CTE Progresu.,2026-09-01T12:00,"• Str Ozana - bl. I32, J53 • Ale Lipăneşti - bl. 10, M1, J12, J17, J18, J19, J20, J21, J22, • Ale Iosif Hodoş - bl. J15, J43, J50, PC5-PC6 • Str Jean-Alexandru Steriadi - bl. M3, PC4 • Str Câmpineanca - bl. T1, T2, T3, T4, T4bis • Str Sg. Dumitru Pene - bl. J11, J51 • Bld 1 Decembrie 1918 - bl. J41, J42 • Str Ceairului - bl. M2, J10"
2026-09-01T09:59:19,3,2Catelu,9,Deficienta ACC,Manevre de pornire a CTE Progresu.,2026-09-01T12:00,"• Int Tropicelor - • Str Gruiul Argeşului - bl. 31A, 31B, MC5 • Str Câmpia Libertăţii - bl. 1C3, MC1, MC2, MC3, MC4, MC6"
2026-09-01T09:59:19,3,2 C5/1,22,Deficienta ACC,Manevre de pornire a CTE Progresu.,2026-09-01T12:00,"• Str Prisaca Dornei - bl. N16, N17, • Str Liviu Rebreanu - bl. A4, A5, A6, • Str Cozla - bl. A7, A8, A9, B1A, B1B, F3, F4 • Str Burdujeni - bl. A13, A14, B2, GC5, GC6, N11, N12 , N13, N14, N15"
2026-09-01T09:59:19,3,10 C5/2,15,Deficienta ACC,Manevre de pornire a CTE Progresu.,2026-09-01T12:00,"• Ale Feteşti - bl. F1, F2, F3,J16, I25 • Str Feteşti - bl.V12,F4,F5 • Str Jean-Alexandru Steriadi - bl. J14, L17,I19 ,I21 • Ale Ciucea - bl. L18, L19, L20"
2026-09-01T09:59:19,3,4C5/1,9,Deficienta ACC,Manevre de pornire a CTE Progresu.,2026-09-01T12:00,"• Str Prisaca Dornei - bl. D4, D5, D6 • Str Postăvarul - bl.E4, E5, C6, C5 • Ale Postăvarul - bl. D4bis, C5bis"
2026-09-01T09:59:19,3,4XA,5,Deficienta ACC,Manevre de pornire a CTE Progresu.,2026-09-01T12:00,"• Bld Nicolae Grigorescu - bl. N1, N21, N22 • Str Liviu Rebreanu - bl. N20 • Ale Barajul Lotru - bl. N23"
2026-09-01T09:59:19,3,SC.3C3/1 - Module Termice,5,Deficienta ACC,Manevre de pornire a CTE Progresu.,2026-09-01T12:00,"• Bld Nicolae Grigorescu - Module bl.M4, M5bis • Ale Budacu - Module bl.M3, M5, M6,"
2026-09-01T09:59:19,3,1Catelu,8,Deficienta ACC,Manevre de pornire a CTE Progresu.,2026-09-01T12:00,"• Int Patinoarului - bl.PM50, PM55 • Bld Basarabia - bl.34, • Str Gheorghe Petraşcu - bl.PM53, PM54 • Str Câmpia Libertăţii - bl.PM51, PM52, PM56"
2026-09-01T09:59:19,3,SC.6C3/2 - Module Termice,10,Deficienta ACC,Manevre de pornire a CTE Progresu.,2026-09-01T12:00,"• Ale Solidarităţii - Modul bl.M36A • Str Liviu Rebreanu - Module bl.M13, M14, M15, M16, M24, M36 • Ale Barajul Bistriţei - Module bl. G2, G3, G4"
2026-09-01T09:59:19,3,7 Placare-T,12,Deficienta ACC,Manevre de pornire a CTE Progresu.,2026-09-01T12:00,"• Str Ticuş - bl. M31A, M31B • Bld Nicolae Grigorescu - bl. S1D, M32A • Ale Ilioara - bl. M30A, M30B, M30C, M31, M32 • Bld Camil Ressu - bl. S1A, S1B-S1C, S2"
2026-09-01T09:59:19,3,9 C5/2,12,Deficienta ACC,Manevre de pornire a CTE Progresu.,2026-09-01T12:00,"• Ale Feteşti - bl. I26 • Str Jean-Alexandru Steriadi - bl. M9, M10, M11, P20bis • Ale Ciucea - bl. P15, P16, P17, P18, P19, P19bis, P20"
2026-09-01T09:59:19,3,8C3/2,10,Deficienta ACC,Manevre de pornire a CTE Progresu.,2026-09-01T12:00,"• Ale Vasile Goldiş - bl.1 • Ale Barajul Rovinari - bl.Y12, Y13 • Ale Barajul Bistriţei - bl.4, Y4, Y5 • Bld 1 Decembrie 1918 - bl.2, 3, 5, Y11"
2026-09-01T09:59:19,3,3 Placare-T,12,Deficienta ACC,Manevre de pornire a CTE Progresu.,2026-09-01T12:00,"• Str Mizil - bl. 1, 3A, 4ALCAZ, G17,TMUCB,C1, 3 • Str Prevederii - bl. G15,G16 • Str Lemnişorului - bl. G40, G41, G42"
2026-09-01T09:59:19,3,M14,5,Deficienta ACC,Manevre de pornire a CTE Progresu.,2026-09-01T12:00,"• Int Horbotei - bl. M11 • Str Constantin Brâncuşi - bl. T4-T5, M12, M13, M14"
2026-09-01T09:59:19,3,SC.2Viisoara - Module Termice,10,Deficienta ACC,Manevre de pornire a CTE Progresu.,2026-09-01T12:00,"• Ale Barajul Lotru - Module bl.M4B, M5B, M6B, M7B, • Ale Barajul Cucuteni - Module bl.M4A, M5A, M6A, M7A, M8A, M8B"
2026-09-01T09:59:19,3,8A,8,Deficienta ACC,Manevre de pornire a CTE Progresu.,2026-09-01T12:00,"• Ale Iosif Hodoş - bl. P102 • Str Ciucea - bl. P106 • Str Câmpineanca - bl. P103, P109, RE3 • Bld 1 Decembrie 1918 - bl. P100-101, P105, P108"
2026-09-01T09:59:19,3,1 C5/1,12,Deficienta ACC,Manevre de pornire a CTE Progresu.,2026-09-01T12:00,"• Ale Zăvideni - BL. A10, A12 BIS • Bld Nicolae Grigorescu - BL. A1,B3,B4,B4 bis,B5 • Str Liviu Rebreanu - BL. A2, A3 • Str Cozla - BL. A11, A11 bis • Str Burdujeni - BL. A12"
2026-09-01T09:59:19,3,D 16,3,Deficienta ACC,Manevre de pornire a CTE Progresu.,2026-09-01T12:00,"• Bld Nicolae Grigorescu - bl.V20 • Str Constantin Brâncuşi - bl.D15, D16"
2026-09-01T09:59:19,3,24 C5/2,7,Deficienta ACC,Manevre de pornire a CTE Progresu.,2026-09-01T12:00,"• Bld Theodor Pallady - bl. N1, N2, N3-N3A, N3B, N4A • Ale Perişoru - bl. N4B, N5"
2026-09-01T09:59:19,3,MY,12,Deficienta ACC,Manevre de pornire a CTE Progresu.,2026-09-01T12:00,"• Ale Textiliştilor - bl. MY1, MY2, MY11, MY12 • Bld Basarabia - bl. MY5, MY6, MY7, MY8 • Str Lucreţiu Pătrăşcanu - bl. MY3, MY4 • Bld 1 Decembrie 1918 - bl. MY9, M10"
2026-09-01T09:59:19,3,C4,10,Deficienta ACC,Manevre de pornire a CTE Progresu.,2026-09-01T12:00,"• Bld Pictor Nicolae Grigorescu - bl.L2, L3, L4, L5, L6, L7, V18 • Str Constantin Brâncuşi - bl.R19 • Ale Sibiana - bl.R17 • Ale Buchetului - bl.C4"
2026-09-01T09:59:19,3,8 C4/2,5,Deficienta ACC,Manevre de pornire a CTE Progresu.,2026-09-01T12:00,"• Str Pădurea Craiului - bl. H2, H3, H3bis • Str Liviu Rebreanu - bl. B1 • Str Lunca Bradului - bl. H1"
2026-09-01T09:59:19,3,9 Catelu,9,Deficienta ACC,Manevre de pornire a CTE Progresu.,2026-09-01T12:00,"• Str Gheorghe Petraşcu - bl.A7,8,9,9A,A9B,B7,B10,B9,B8"
2026-09-01T09:59:19,3,5X,11,Deficienta ACC,Manevre de pornire a CTE Progresu.,2026-09-01T12:00,"• Str Lucreţiu Pătrăşcanu - bl. T1 • Str Constantin Brâncuşi - bl. A13, A13bis • Ale Barajul Uzului - bl. Y14, Y15, Y16 • Ale Barajul Sadului - bl. T2, M4A2, M4A3, Y10 • Ale Barajul Cucuteni - bl. A14"
2026-09-01T09:59:19,3,1XA,1,Deficienta ACC,Manevre de pornire a CTE Progresu.,2026-09-01T12:00,• Str Câmpia Libertăţii - bl.52
2026-09-01T09:59:19,3,2 Placare-T,25,Deficienta ACC,Manevre de pornire a CTE Progresu.,2026-09-01T12:00,"• Str Mizil - G11, G18, G19, G24, C2, 6 • Str Valea Buzăului - bl.G12, G13,G7,G24bis, G26bis, G29, G30, G31. G32, G33, G34, • Str Trapezului - bl.G35 • Str Plt. maj. Pazon Marin - bl. G14, G28 • Str Gura Vadului - bl.G10, G20, G21-22, G23, G25, G26, G27"
2026-09-01T09:59:19,3,1 Nufarul,11,Deficienta ACC,Manevre de pornire a CTE Progresu.,2026-09-01T12:00,"• Str Liviu Rebreanu - K, K1, K1A, K2 • Str Cozla - A30, A31, A32, A33 • Ale Adjud - C, F1, F2"
2026-09-01T09:59:19,3,6Placare-T,26,Deficienta ACC,Manevre de pornire a CTE Progresu.,2026-09-01T12:00,"• Str Zemeş - bl. M29A, M29B, PM19 • Str Trapezului - bl. M6, M29G • Ale Vlăhiţa - bl.PM20 bis, PM21 • Bld Theodor Pallady - bl. M3B,M3A,M3C,M3D,M3H,M5A,M5(B+E) • Str Prevederii - bl. M29D,M29F(sc.B,C,E),M29H,PM20,M1C,M29C,M29E • Ale Prevederii - bl. M29F (sc.A),PM23,PM18bis"
2026-09-01T09:59:19,3,SC.1Cornisa - Module Termice,8,Deficienta ACC,Manevre de pornire a CTE Progresu.,2026-09-01T12:00,"• Ale Barajul Iezeru - Module bl.M1A+B • Ale Barajul Bicaz - Module bl. M2A+B, M3A, M3B, M25A+B, M26 • Bld 1 Decembrie 1918 - Module bl.M27, M28"
2026-09-01T09:59:19,3,21 C5/2,12,Deficienta ACC,Manevre de pornire a CTE Progresu.,2026-09-01T12:00,"• Str Poştaşului - bl. 1, 9, 10, 11 • Str Gura Ialomiţei - bl. 8 • Ale Buhuşi - bl. 2, 3, 4, 5, 6, 7, 11"
2026-09-01T09:59:19,3,7 C4/2,14,Deficienta ACC,Manevre de pornire a CTE Progresu.,2026-09-01T12:00,"• Ale Lunca Moldovei - bl. B4 • Ale Lunca Mureşului - bl. Y4B, Y4C • Bld Nicolae Grigorescu - bl. B3bis • Str Pădurea Craiului - bl. B2 • Str Lunca Bradului - bl. H4, H4bis, H5, H5bis, B6, B7, M31,M31K • Ale Rotundă - bl. Y4A"
2026-09-01T09:59:19,3,18 C5/2,14,Deficienta ACC,Manevre de pornire a CTE Progresu.,2026-09-01T12:00,"• Str Sold. Ghiţă Şerban - bl. 8A, 8B, 8C, 8D, 8E • Str Plt. Petre D. Ionescu - bl. 6A, 6B, 7, 7bis, 9, 10, 11, 12 • Bld 1 Decembrie 1918 - bl. U20"
2026-09-01T09:59:19,3,6Catelu,4,Deficienta ACC,Manevre de pornire a CTE Progresu.,2026-09-01T12:00,"• Str Gheorghe Petraşcu - • Str Câmpia Libertăţii - bl. 6A, B1, B2, B6"
2026-09-01T09:59:19,3,8 C5/2,12,Deficienta ACC,Manevre de pornire a CTE Progresu.,2026-09-01T12:00,"• Str Jean-Alexandru Steriadi - bl. V1, V2-V4, V5, L15, L16, M12, M13, M14, M14bis, M15, M19 • Bld 1 Decembrie 1918 - bl. L14"
2026-09-01T09:59:19,3,1Muncii,28,Deficienta ACC,Manevre de pornire a CTE Progresu.,2026-09-01T12:00,"• Str Sold. Niculae T. Sebe - bl. L11, L12, L32, L35, L36, L37, L40, L40A • Str Sold. Petre M. Tină - bl. L9B, L13, L30, L31, L33, L34, L38, L39, L41 • Str Murgeni - bl. L9A, L27, L28, L29 • Bld Basarabia - bl. L7, L8, L9, L13A, L13B, L13C, L13D"
2026-09-01T09:59:19,3,15 C5/2,27,Deficienta ACC,Manevre de pornire a CTE Progresu.,2026-09-01T12:00,"• Str Sold. Ghiţă Şerban - bl. X11, X12, X17 • Str Sold. Stelian N. Mihale - bl. 1, 2, 3, G1, X8, X10, X16, PM92, PM93, PM94, PM95, PM96 • Str Miniş - bl. X7, PM91 • Str Plt. Petre D. Ionescu - bl. 6, X13, X14, X15, X18, X19, X20 • Str Plt. Radu Gheorghe - bl. 16 • Str Pătulului - bl. 4, 5"
2026-09-01T09:59:19,3,Spital Victor Babes,0,Deficienta ACC,Manevre de pornire a CTE Progresu.,2026-09-01T12:00,• Şos Mihai Bravu -
2026-09-01T09:59:19,3,5 C3/2,14,Deficienta ACC,Manevre de pornire a CTE Progresu.,2026-09-01T12:00,"• Ale Solidarităţii - bl. Y6, M17, M18, M19, M20, M31C • Ale Barajul Rovinari - bl. M21, M22 • Ale Barajul Dunării - bl. 21A, 21B, 21C, M37, M38, M39"
2026-09-01T09:59:19,3,1X,8,Deficienta ACC,Manevre de pornire a CTE Progresu.,2026-09-01T12:00,"• Str Şapte Drumuri - bl.36B, PM40A • Str Pictor Ion Tuculescu - bl.PM40 • Str Cpt. Nicolae Licăreţ - bl.33B, 51, PM41, PM42, PM43,"
2026-09-01T09:59:19,3,5 C4/2,8,Deficienta ACC,Manevre de pornire a CTE Progresu.,2026-09-01T12:00,"• Str Rotundă - bl. Y2, H20, H20A, H21, H22, H23, H24 • Bld Camil Ressu - bl. H13"
2026-09-01T09:59:19,3,1L. Patrascanu,10,Deficienta ACC,Manevre de pornire a CTE Progresu.,2026-09-01T12:00,"• Int Muncii - bl. M8 • Bld Basarabia - bl. M11, M14, M15, MC17A • Str Lucreţiu Pătrăşcanu - bl. G1, MC18,MC18A, MC18B, MC19"
2026-09-01T09:59:19,3,2 Baia de Arama,11,Deficienta ACC,Manevre de pornire a CTE Progresu.,2026-09-01T12:00,"• Int Muncii - bl. C • Bld Basarabia - bl. A, B, T1, T2, G7, G7bis, G9, G9A, G10, G10A"
2026-09-01T09:59:19,3,8X,8,Deficienta ACC,Manevre de pornire a CTE Progresu.,2026-09-01T12:00,"• Bld Pictor Nicolae Grigorescu - bl.Y9, Y9A, Y9B, Y9C,Y9D • Ale Barajul Cucuteni - bl.A11, A12, A12bis"
2026-09-01T09:59:19,3,SC.4C3/2 - Module Termice,7,Deficienta ACC,Manevre de pornire a CTE Progresu.,2026-09-01T12:00,"• Str Liviu Rebreanu - M9,M10,M11,M12 • Ale Barajul Dunării - M35"
2026-09-01T09:59:19,3,8 Placare-T,9,Deficienta ACC,Manevre de pornire a CTE Progresu.,2026-09-01T12:00,"• Ale Ilioara - bl.PM27,PM29,PM30,PM30A • Bld Camil Ressu - bl. 1, 2, PM26, PM28,PM 31"
2026-09-01T09:59:19,3,12 C5/2,28,Deficienta ACC,Manevre de pornire a CTE Progresu.,2026-09-01T12:00,"• Bld Theodor Pallady - bl. G3, G3bis, P1, P4, V10, V11 • Str Ozana - bl. I30, I31 • Str Jean-Alexandru Steriadi - bl. G4, I17, I18, I18bis, I20, I21, I22, I23, I24 • Str Sg. Dumitru Pene - bl. I34, J7, J52, • Str Armeniş - bl. J1, J3, J5, P3 • Bld 1 Decembrie 1918 - bl. J38, J39, J40, P2 • Str Ceairului - bl. J9"
2026-09-01T09:59:19,3,13 C5/2,19,Deficienta ACC,Manevre de pornire a CTE Progresu.,2026-09-01T12:00,"• Bld Theodor Pallady - bl. R5, U27, U28 • Str Plt. Petre D. Ionescu - bl. 15, U22 • Str Plt. Radu Gheorghe - bl. 13, 14, VN8 • Str Becaţei - bl. R4, V7, VN9, U24, U26 • Bld 1 Decembrie 1918 - bl. VN5, VN6, VN7, U21, U23, U25"
2026-09-01T09:59:19,3,4Placare-T,11,Deficienta ACC,Manevre de pornire a CTE Progresu.,2026-09-01T12:00,"• Str Vlăhiţa - bl. PM8, M3K • Bld Theodor Pallady - bl. M2, M2A, A11 • Bld Nicolae Grigorescu - bl. M1 • Str Patrioţilor - bl. M3G, PM6, PM7, PM16, PM17"
2026-09-01T09:59:19,3,7C3/2,8,Deficienta ACC,Manevre de pornire a CTE Progresu.,2026-09-01T12:00,"• Ale Vasile Goldiş - bl.M40, M41, M42, M43 • Ale Barajul Rovinari - bl.M7A, M7C • Ale Barajul Dunării - bl.M8, M8A"
2026-09-01T09:59:19,3,6X,15,Deficienta ACC,Manevre de pornire a CTE Progresu.,2026-09-01T12:00,"• Str Pleşeşti - bl. Z7, Z8, Z12 • Ale Barajul Bistriţei - bl. Z5, Z6, Z13, Y7, Y8, M23 • Bld 1 Decembrie 1918 - bl. Z4, 6, 7, 8, 9 • Str Băbeni - Z1"
2026-09-01T09:59:19,3,5Placare-T,28,Deficienta ACC,Manevre de pornire a CTE Progresu.,2026-09-01T12:00,"• Str Vlăhiţa - bl. PM10, PM18 • Bld Nicolae Grigorescu - bl. PM1, PM2, PM3, D11, D11A, D12 • Str Prevederii - bl. D2, D3, D5, D6, D8, D13, PM4, PM5, PM11A, PM11B • Str Patrioţilor - bl. PM12, PM13, PM14, PM15 • Ale Mădăraşi - bl. D1, D4, D7, D9, D10, D10A"
2026-09-01T09:59:19,3,6 C5/2,28,Deficienta ACC,Manevre de pornire a CTE Progresu.,2026-09-01T12:00,"• Ale Onisifor Ghibu - bl. O21, O23, O24, O24bis, O25, O26, O27, O28bis, O29, O30, O31 • Str Postăvarul - bl. 9, 10, 12, 13, O28 • Ale Leorda - bl. MP1A, N20, N21 • Str Codrii Neamţului - bl. N19 • Str Sold. Tudor Ion - bl. 5, 6, 7, 8 • Bld 1 Decembrie 1918 - bl. 11,14, O20, O21, MP1"
2026-09-01T09:59:19,3,5Catelu,9,Deficienta ACC,Manevre de pornire a CTE Progresu.,2026-09-01T12:00,"• Int Vâslei - bl. PM63 • Bld Basarabia - bl. 35, 36 • Ale Frt. Constantin Tudor - bl. 40, 41 • Str Câmpia Libertăţii - bl. PM60, PM61, PM62, 42"
2026-09-01T09:59:19,3,14 C5/2,9,Deficienta ACC,Manevre de pornire a CTE Progresu.,2026-09-01T12:00,"• Str Miniş - bl. X5, X6, PM90 • Bld Theodor Pallady - bl. X1, X4, 26 • Str Pătulului - bl. 27, 28, V9"
2026-09-01T09:59:19,3,SC.G2 - Module Termice,6,Deficienta ACC,Manevre de pornire a CTE Progresu.,2026-09-01T12:00,"• Ale Pleniţa - Module bl.Y8 • Str Lucreţiu Pătrăşcanu - Module bl.G2, Y2 • Int Bârsei - Module bl.M9bis, M12 • Int Bădeni - Module bl.M9"
2026-09-01T09:59:19,3,4X,16,Deficienta ACC,Manevre de pornire a CTE Progresu.,2026-09-01T12:00,"• Str Liviu Rebreanu - bl. N2, N3, N4 • Ale Barajul Sadului - bl. M4, M4', N5, N12-N13, Z11A • Ale Barajul Lotru - bl. M4A1, N6, N7, N8, N9 , N10 ,N11, • Ale Barajul Dunării - bl. Z10A"
2026-09-01T09:59:19,3,PT Scoala Ilioara,0,Deficienta ACC,Manevre de pornire a CTE Progresu.,2026-09-01T12:00,• Ale Ilioara -
2026-09-01T09:59:19,3,5 C5/2,13,Deficienta ACC,Manevre de pornire a CTE Progresu.,2026-09-01T12:00,"• Str Codrii Neamţului - bl. NB1, NB1bis, NB2A, NB2, N18 • Str Răşinari - bl. U5, U6, N9, N10 • Bld 1 Decembrie 1918 - bl. U1, U2, U3, U4"
2026-09-01T09:59:19,3,3X,3,Deficienta ACC,Manevre de pornire a CTE Progresu.,2026-09-01T12:00,"• Str Sold. Niculae T. Sebe - bl.W2, L42 • Bld Nicolae Grigorescu - bl.W1"
2026-09-01T09:59:19,3,17 C5/2,8,Deficienta ACC,Manevre de pornire a CTE Progresu.,2026-09-01T12:00,"• Str Codrii Neamţului - bl. 1, 2, 3, 4, 5, 6, C2bis, PM26bis"
2026-09-01T09:59:19,3,IOR,26,Deficienta ACC,Manevre de pornire a CTE Progresu.,2026-09-01T12:00,"• Str Sold. Niculae T. Sebe - bl.S20, S21, S22, S23, S24, V11 • Str Gheorghe Tăttărescu - bl.P1, P2, S13 • Str Murgeni - bl.L23, L25, L26, • Str Bucovina - bl.G1, G2, G3, O1, O2 • Str Copăceni - bl. L20, L21, L22, L24, W3 • Str Constantin Brâncuşi - bl.D12, D13, D14, S14"
2026-09-01T09:59:19,3,SC.G3 - Module Termice,4,Deficienta ACC,Manevre de pornire a CTE Progresu.,2026-09-01T12:00,"• Str Lucreţiu Pătrăşcanu - Module bl.G3, Y1 • Int Bădeni - Module bl.Y7, Y7bis"
2026-09-01T09:59:19,3,3 C5/1,15,Deficienta ACC,Manevre de pornire a CTE Progresu.,2026-09-01T12:00,"• Bld Nicolae Grigorescu - bl. C1, C2, D1, E1 • Str Prisaca Dornei - bl. D3 • Ale Postăvarul - bl. C1bis, C2bis, C2A, C3, C4, C4A, C4B, E2, E3, D2, GC7"
2026-09-01T09:59:19,3,1CORNISA,8,Deficienta ACC,Manevre de pornire a CTE Progresu.,2026-09-01T12:00,"• Ale Barajul Uzului - bl. L23A, L23B • Ale Barajul Bicaz - bl. G1, M31, M32A, M32B, M33, M33A"
2026-09-01T09:59:19,3,16 C5/2,25,Deficienta ACC,Manevre de pornire a CTE Progresu.,2026-09-01T12:00,"• Ale Perişoru - bl. H34, H35, H36 • Ale Giurgeni - bl.F6, F7, F8, F9, F10, F11, F12, F13, F14 • Str Gura Ialomiţei - bl. PC8, PC9, PC10, PC11,H33,H32 PC12, H28, H29, H30, H31 • Str Feteşti - bl. V13, H27"
2026-09-01T09:59:19,3,3 Tomis,19,Deficienta ACC,Manevre de pornire a CTE Progresu.,2026-09-01T12:00,"• Str Plut. Ion Nedelcu - bl. 1, 3, C14, B3, B1, 1A • Str Fizicienilor - bl. 2A, 1B, 10A • Str Istriei - bl. 3A, 2B, 3B, 2, 10, 10B • Bld Camil Ressu - bl. A12, A13, A14, C13, C15,C16, C17"
2026-09-01T09:59:19,3,SC.4Catelu,1,Deficienta ACC,Manevre de pornire a CTE Progresu.,2026-09-01T12:00,• Str Câmpia Libertăţii - Module bl.21
2026-09-01T09:59:19,3,SC.2Catelu-module,4,Deficienta ACC,Manevre de pornire a CTE Progresu.,2026-09-01T12:00,"• Str Baba Novac - Module bl.G10, G11, G12, G13"
2026-09-01T09:59:19,3,9C4/2,15,Deficienta ACC,Manevre de pornire a CTE Progresu.,2026-09-01T12:00,"• Str Odobeşti - bl. T1, V35 • Str Lotrioara - bl. M31A, M31B, 31, V32, V30, V33, V34, V36, V37, V38, V39, V40, V41"
2026-09-01T09:59:19,3,4C4/2,15,Deficienta ACC,Manevre de pornire a CTE Progresu.,2026-09-01T12:00,"• Str Fuiorului - bl. H16A, H16B, H17, Y3 • Ale Fuiorului - bl. H16A, H16B, H17, Y3 • Str Firidei - bl. H15, H19 • Ale Lotrioara - bl. H25, N10 • Str Rotundă - bl. H19B • Bld Camil Ressu - bl. H14, H26, N8, N9, N11, N12"
2026-09-01T09:59:19,3,10 Matei Ambrozie,4,Deficienta ACC,Manevre de pornire a CTE Progresu.,2026-09-01T12:00,"• Str Odobeşti - bl. V16, V15 • Ale Ianca - bl. V18, V17"
2026-09-01T09:59:19,3,6C4/2,8,Deficienta ACC,Manevre de pornire a CTE Progresu.,2026-09-01T12:00,"• Ale Stănila - bl. H12, H9, H11, H7, H10 • Ale Rotundă - Y1, H8, H6"
2026-09-01T09:59:19,4,5 Metalurgiei,7,Oprire ACC,Remediere avarie retea primara .,2026-09-02T15:00,"• Bld Alexandru Obregia - bl. R7, II/32, II/34, II/33, R8, R9, R15"
2026-09-01T09:59:19,4,2 Zona II,19,Oprire ACC,Remediere avarie retea primara .,2026-09-02T15:00,"• Ale Someşul Mare - bl. A22, A23, E5, F7, F10 • Ale Stupilor - bl. A21, E7, E8, E9, E10, EF22, F8, F9, F11 • Bld Alexandru Obregia - bl. R10, R11 • Str Turnu Măgurele - bl. C1A, R12, Grădinița Nr.149 • Ale Covasna - bl. F6"
2026-09-01T09:59:19,4,2 Oltenitei,12,Oprire ACC,Remediere avarie circuit primar -str.Nitu Vasile ✕ Constantin Brancoveanu,2026-09-01T23:00,"• Str Mărţişor - Scoala Gimnaziala Martisor • Şos Olteniţei - bl. 1, 2, 3, 7, 8, 9, G1, G2, G3, G4, G5"
2026-09-01T09:59:19,4,2 Nitu Vasile,17,Oprire ACC,Remediere avarie circuit primar -str.Nitu Vasile ✕ Constantin Brancoveanu,2026-09-01T23:00,"• Str Sg. Niţu Vasile - bl. 10, 11V, 25, 26 • Str Rezonanţei - bl. 7, 8, 12V, 13V, 14V, N26 • Bld Constantin Brâncoveanu - bl. 27, 28 • Ale Cricovul Sărat - bl. 11, 12, 13, 14, N27"
2026-09-01T09:59:19,4,2 Serban Voda,5,Oprire ACC,Remediere avarie circuit primar -str.Nitu Vasile ✕ Constantin Brancoveanu,2026-09-01T23:00,"• Str Mitropolitul Dosoftei - Imobil nr.6 • Cal Şerban Vodă - bl. 13, 14, 15, Imobil nr.168"
2026-09-01T09:59:19,4,1 Oltenita Placare,4,Oprire ACC,Remediere avarie circuit primar -str.Nitu Vasile ✕ Constantin Brancoveanu,2026-09-01T23:00,"• Şos Olteniţei - bl. 4, 5, 6 • Str Păduroiu - B24 • Bld Constantin Brâncoveanu - U.M.0221"
2026-09-01T09:59:19,4,4 Oltenita Placare,7,Oprire ACC,Remediere avarie circuit primar -str.Nitu Vasile ✕ Constantin Brancoveanu,2026-09-01T23:00,"• Str Alunişului - bl. 12C • Str Împăratul Traian - bl. B1A, B12 • Bld Constantin Brâncoveanu - bl. 12A, 12B, B1, B2"
2026-09-01T09:59:19,4,1 Nitu Vasile,19,Oprire ACC,Remediere avarie circuit primar -str.Nitu Vasile ✕ Constantin Brancoveanu,2026-09-01T23:00,"• Str Secuilor - bl. 2, 3, 4, 5; Scoala Gimnaziala nr.96 • Str Sg. Niţu Vasile - bl. 1, 1V, 2, 3V, 4V, 5V, 6V, 8V, 9V, Complex Comercial • Ale Mirea Mioara Luiza - bl. 6. 7, Biserica • Ale Cricovul Sărat - bl. 8, 9, 10"
2026-09-01T09:59:19,4,2 Stoian Militaru,15,Oprire ACC,Remediere avarie circuit primar -str.Nitu Vasile ✕ Constantin Brancoveanu,2026-09-01T23:00,"• Str Stoian Militaru - bl. 17, 18 • Str Padeşu - bl. 4, 5, 9, 10, 14, 15 • Str Pictor Ştefan Dimitrescu - bl. 3, 7, 8, 11, 12, 13 • Str Laloşu - bl. 6"
2026-09-01T09:59:19,4,19 Dolhasca,4,Oprire ACC,Remediere avarie circuit primar -str.Nitu Vasile ✕ Constantin Brancoveanu,2026-09-01T23:00,"• Str Secuilor - bl. 18, 19, 20, B47"
2026-09-01T09:59:19,4,5 Oltenita,10,Oprire ACC,Remediere avarie circuit primar -str.Nitu Vasile ✕ Constantin Brancoveanu,2026-09-01T23:00,"• Str Mărţişor - Imobil nr.1 • Şos Olteniţei - bl. 4, 5, 6, 10, 11, 12, G6, G7 Turn • Str Prinosului - Imobil nr.2"
2026-09-01T09:59:19,4,1 Serban Voda,4,Oprire ACC,Remediere avarie circuit primar -str.Nitu Vasile ✕ Constantin Brancoveanu,2026-09-01T23:00,"• Str Simion - Imobil nr. 42 • Str G-ral Candiano Popescu - bl. 2 • Cal Şerban Vodă - bl. 1, 2, 2B"
2026-09-01T09:59:19,4,9 Brâncoveanu,4,Oprire ACC,Remediere avarie circuit primar -str.Nitu Vasile ✕ Constantin Brancoveanu,2026-09-01T23:00,"• Str Secuilor - bl. B46 • Str Sg. Gheorghe Tache - bl. B41, B43, B44"
2026-09-01T09:59:19,4,5 Brancoveanu,8,Oprire ACC,Remediere avarie circuit primar -str.Nitu Vasile ✕ Constantin Brancoveanu,2026-09-01T23:00,"• Str Împăratul Traian - bl. B8, B9, B10, B11 • Bld Constantin Brâncoveanu - bl. B3, B4, B5, B7"
2026-09-01T09:59:19,4,2 Oltenita Placare,9,Oprire ACC,Remediere avarie circuit primar -str.Nitu Vasile ✕ Constantin Brancoveanu,2026-09-01T23:00,"• Str Stoian Militaru - bl. 7B • Şos Olteniţei - bl. 6A , 7A, 11C • Str Alunişului - bl. 11A, 11B • Str Radului - bl. 8A, 10A • Str Dr. Anton Colorian - bl. 9A"
2026-09-01T09:59:19,4,Prasilei,25,Oprire ACC,Remediere avarie circuit primar -str.Nitu Vasile ✕ Constantin Brancoveanu,2026-09-01T23:00,"• Str Sold. Dumitru Minca - bl. 23, 24, 25 • Str Sg. Avram Petcu - Imobil nr.8 • Str Melineşti - bl. 1, 2, 3, 4, 11, 12, 13, 14 • Str Giovanni Boccaccio - bl. 5, 6, 7, 8 • Str Frt. Niculaie Marinescu - bl. A1, A2, A3, A4 • Str Praşilei - bl. 21, 22 • Str Peroni - bl. 9, 10, Imobil nr.45"
2026-09-01T09:59:19,4,1 Stoian Militaru,6,Oprire ACC,Remediere avarie circuit primar -str.Nitu Vasile ✕ Constantin Brancoveanu,2026-09-01T23:00,"• Str Padeşu - bl. 1 • Str Pictor Ştefan Dimitrescu - bl. 2, 19 • Str Şura Mare - bl. 1A, 1B • Str Cornetului - bl. 20"
2026-09-01T09:59:19,4,3 Oltenita Placare,22,Oprire ACC,Remediere avarie circuit primar -str.Nitu Vasile ✕ Constantin Brancoveanu,2026-09-01T23:00,"• Şos Olteniţei - bl. 2A, 2B, 2C, 2D, 3C, 3D, 3E, 4A, 4B, 4C, 4D, 5A, 5B, 5C, 5D, 5E • Str Gheorghe Adamescu - bl. 4E • Str Pometului - Imobil nr.41 • Str Laloşu - bl. 3A, 3B, 2E"
2026-09-01T09:59:19,4,Sincai,8,Oprire ACC,Remediere avarie circuit primar -str.Nitu Vasile ✕ Constantin Brancoveanu,2026-09-01T23:00,"• Str Mocăncuţei - Imobil nr.12 • Bld Gheorghe Şincai - bl. 2, 4 • Str Tineretului - bl 5,Z1 • Str Trestiana - bl. 3 • Str Constantin Rădulescu-Motru - bl. 1, 35 • Str Cuza Vodă - bl. 37A"
2026-09-01T09:59:19,4,6 Brancoveanu,14,Oprire ACC,Remediere avarie circuit primar -str.Nitu Vasile ✕ Constantin Brancoveanu,2026-09-01T23:00,"• Str Secuilor - bl. B17A • Str Păduroiu - bl. B22A, B23, B24, B25 • Str Pomârla - bl. B20, B21, B22 • Bld Constantin Brâncoveanu - bl. B14, B15, B16, B17 • Str Băltiţa - bl. B18 ,B19"
2026-09-01T09:59:19,4,8 Brancoveanu,12,Oprire ACC,Remediere avarie circuit primar -str.Nitu Vasile ✕ Constantin Brancoveanu,2026-09-01T23:00,"• Str Secuilor - bl. B27, B29, B31 • Str Păduroiu - bl. B30 • Str Huşi - bl. B32, B36, B37,B35 • Str Băltiţa - bl. B26, B28, B33, B34, B35"
2026-09-01T09:59:19,4,Pieptanari,14,Oprire ACC,Remediere avarie circuit primar -str.Nitu Vasile ✕ Constantin Brancoveanu,2026-09-01T23:00,"• Str Constantin Mănescu - bl. 6, 7, 8, Comunitatea Musulmană • Bld Pieptănari - bl. 5 • Str Dârste - Imobil nr.3 • Şos Viilor - bl. 4AB • Str Dumitru P. Botez - bl. Plomba 12 • Cal Şerban Vodă - bl. 2, 3A, 3B, 11 • Str Pandele Roşca - Scoala Gimnaziala Princepesa Margareta • Str Nicolae Galea - bl. 10 • Str Scarlat Otulescu - bl. 9"
2026-09-01T09:59:19,4,3 Nitu Vasile,23,Oprire ACC,Remediere avarie circuit primar -str.Nitu Vasile ✕ Constantin Brancoveanu,2026-09-01T23:00,"• Str Secuilor - bl. 21, 22 • Ale Donea Diana Alexandra - bl.19, 32, V18, 19B • Str Rezonanţei - bl. 15+16 • Bld Constantin Brâncoveanu - bl. 29, 30 • Ale Cricovul Dulce - bl. 15, 16, 17, 18, 17-18, N16, N17, N18, N19, N21, Policlinica • Ale Adrian Dan Urucu - bl. 20, 31, N17, Gradinița nr.227"
2026-09-01T09:59:19,4,4 Nitu Vasile,16,Oprire ACC,Avarie retea primara str Mirea Mioara Luiza nr 1,2026-09-01T23:00,"• Ale Secuilor - bl. 24, 35, N24, N25 • Str Secuilor - bl. 34, 23 • Str Sg. Niţu Vasile - bl. 36 • Ale Mirea Mioara Luiza - bl. N7, N20, N22, N23, 20V, 33 • Ale Donea Diana Alexandra - bl. 19 • Ale Cricovul Dulce - bl. N21, 19V"
2026-09-01T09:59:19,4,6 Zona II,5,Oprire ACC,Remediere avarie retea primara str. Vatra Dornei,2026-09-01T23:00,"• Str Râul Mara - bl. M4, M5, Vila Antonescu • Bld Constantin Brâncoveanu - bl. M6 • Str Cimpoierilor - Sc British College,Vila Raduica"
2026-09-01T09:59:19,4,Izvorul Cosbuc,9,Oprire ACC,Lucrări de modernizare a sistemului de temoficare al Municipiului Bucureṣti efectuate de către SC Construcţii Erbaṣu,2026-09-06T23:00,"• Bld Regina Maria - bl. 119 • Bld Libertăţii - bl. 113, 114, 115, 116, 117, 118, A1, A2"
2026-09-01T09:59:19,4,Metalurgiei,5,Oprire ACC,Depistare si remediere avarie retea primara-Bulevardul C-tin. Brancoveanu.,2026-09-01T23:00,"• Bld Alexandru Obregia - bl. OD1, 2B, 2A, M1, OD2"
2026-09-01T09:59:19,4,2 A Metalurgiei,1,Oprire ACC,Depistare si remediere avarie retea primara-Bulevardul C-tin. Brancoveanu.,2026-09-01T23:00,• Bld Alexandru Obregia - 2A
2026-09-01T09:59:19,4,17 Dolhasca,11,Oprire ACC,Depistare si remediere avarie retea primara-Bulevardul C-tin. Brancoveanu.,2026-09-01T23:00,"• Str Sg. Gheorghe Tache - bl. 17 • Şos Olteniţei - bl. 1, 2, 3, 13, 14, 16, Parohie • Str Huşi - bl. PA1, PA2 • Str Dolhasca - Vila Serban"
2026-09-01T09:59:19,5,3 Drumul Sării,19,Oprire ACC,Lucrari modernizare retea termica primara program POIM Lot 5 Obiectiv 14,2026-09-03T23:00,"• Str Baltagului - bl. V77, V78, V81 • Ale Botorani - bl. V28, V35, V36, V37, V42, V43, V80, V82, V83, V84 • Cal 13 Septembrie - bl. V38, V39, V40 • Str Mihail Sebastian - bl. V29, V30, V79"
2026-09-01T09:59:19,5,4 Drumul Sarii,15,Oprire ACC,Lucrari modernizare retea termica primara program POIM Lot 5 Obiectiv 14,2026-09-03T23:00,"• Str Lacul Plopului - bl. V7, P73 • Cal 13 Septembrie - bl. V1, V3, V4, V5, V6 • Str Şerbota - bl. P74, V8, V9, V19, V20, V21 • Str Sg. maj. Ion Nedeleanu - bl. V22, V23"
2026-09-01T09:59:19,5,6 Petre Ispirescu,10,Oprire ACC,Lucrari modernizare retea termica primara program POIM Lot 5 Obiectiv 14,2026-09-03T23:00,"• Str Sg.maj. Vasile Topliceanu - bl. P37, P31, P32, P38, P36, P38A • Str Sg. maj. Ion Nedeleanu - bl. P33, P34, P35, P39"
2026-09-01T09:59:19,5,7 Petre Ispirescu,6,Oprire ACC,Lucrari modernizare retea termica primara program POIM Lot 5 Obiectiv 14,2026-09-03T23:00,"• Str Petre Ispirescu - bl. P71A, P72B • Str Lacul Plopului - bl. P64 • Str Dorneasca - bl. P72 • Str Sg.maj. Vasile Topliceanu - bl. P66, P67"
2026-09-01T09:59:19,5,1 Drumul Sarii,14,Oprire ACC,Lucrari modernizare retea termica primara program POIM Lot 5 Obiectiv 14,2026-09-03T23:00,"• Ale Botorani - bl. V44, V50, V57, V49, V51 • Cal 13 Septembrie - bl. V53, V54, V47, V46, V45 • Drm Sării - bl. V58, V60, V55 • Str Năbucului - bl. V59"
2026-09-01T09:59:19,5,2 Alexandria,27,Oprire ACC,Remediere avarie retea primara Soseaua Alexandria,2026-09-02T12:00,"• Ale Lereşti - bl D1, D2, D3, A2, 37, 38, Sc.126, Cresa Sf. Stelian • Str Antiaeriană - bl A1, A1Prim • Şos Alexandria - bl L21, L22, L23, L24, L25, L26, L27, L28, L29, M1, M2, M3, M4, M5, OD1, PC9, PC10, PC11, PC12"
2026-09-01T09:59:19,5,1 Alexandria,10,Oprire ACC,Remediere avarie retea primara Soseaua Alexandria,2026-09-02T12:00,"• Şos Alexandria - bl L1, L2, L3,L4, L5, L6, PC1, PC2, PC7, PC6"
2026-09-01T09:59:19,5,7 Margeanului,19,Oprire ACC,Remediere avarie retea primara Soseaua Alexandria,2026-09-02T12:00,"• Str Cap. Ivan Anghelache - bl. M29, M30, M31, M32, M33, M34 • Str Sold. Ene Modoran - bl. M93A, M93B • Str Dumbrava Nouă - bl. M78 scara 1, M79 • Str Buzoeni - bl. M38, M39, M40, M41, M76, M77, M78 scara 2 • Str Mărgeanului - bl. M35, M36, M37"
2026-09-01T09:59:19,5,Teiuş,30,Oprire ACC,Remediere avarie retea primara Soseaua Alexandria,2026-09-02T12:00,"• Ale Posada - bl. 31, 32, 33, 35, 36, 34, Şcoala nr. 131 • Str Teiuş - bl. 10, Şcoala generală nr. 139 ,Policlinica Teius • Şos Alexandria - bl. C11, 4, 5bis, 21, 21bis, 22, 26, 27, 30, imobil nr 7B • Ale Ghimeş - bl. 23, 24, 25,28, 29 • Str Garoafei - bl. 5, 6, 7, 8, 9, Grădiniţa nr. 185"
2026-09-01T09:59:19,5,Soldat Croitoru,29,Oprire ACC,Remediere avarie retea primara Soseaua Alexandria,2026-09-02T12:00,"• Str Pecineaga - bl.17C, 23, 24 • Str Cap. Preda - bl. 3E, 19, 4 • Str Cap. Ilina - bl. 3B, 3C, 14, 21, 21A, 3D • Str Sold. Vasile Croitoru - bl. 3, 8, 9, 9A, 9B • Str Sold. Ion Cândea - bl. 22, 21B • Str Lt. Ilie Câmpeanu - bl. 2, 18, 18A, 18B, 15, 15A • Str Amurgului - Sectia 19 Politie • Str Slt. Popa - bl. 17, 17A, 17B, 20, 23A REZILIAT 21 – Sc. 1, 2"
2026-09-01T09:59:19,5,8 Alexandria,11,Oprire ACC,Remediere avarie retea primara Soseaua Alexandria,2026-09-02T12:00,"• Str Dobrun - bl. M67 • Şos Alexandria - bl. L8, L9, L10, L11, PC8 • Str Mărgeanului - bl. M68, M69, M70, M71"
2026-09-01T09:59:19,5,Garoafei,14,Oprire ACC,Remediere avarie retea primara Soseaua Alexandria,2026-09-02T12:00,"• Ale Costineşti - bl. 1, 2, 3, 4, 5, 6, 7, 8, 9 • Str Pucheni - bl. 2, 3 • Şos Alexandria - bl. 1, 12, imobil"
2026-09-01T09:59:19,5,8 Margeanului,19,Oprire ACC,Remediere avarie retea primara Soseaua Alexandria,2026-09-02T12:00,"• Str Topolniţa - bl. M44, M45, M54 • Str Dobrun - bl. M57, M58 • Str Buzoeni - bl. M43, M46, M47, M48, M72, M73, M74 • Str Mărgeanului - bl. M49, M50 • Str Glicinelor - bl. M51, M52, M53, M55, M56"
2026-09-01T09:59:19,5,6 Margeanului,19,Oprire ACC,Remediere avarie retea primara Soseaua Alexandria,2026-09-02T12:00,"• Str Cap. Ivan Anghelache - bl. M21, M25, M26, M27 • Str Sold. Ene Modoran - bl. M91, M92, M94 • Str Dumbrava Nouă - bl. M17, M28, M80, M81, M82 • Str Cap. Petre Mişcă - bl. M18, M19, M20, M22 • Str Mărgeanului - bl. M23, M23A, M24"
2026-09-01T09:59:19,5,Ministerul Finanţelor,1,Oprire ACC,Lucrări de modernizare a sistemului de temoficare al Municipiului Bucureṣti efectuate de către SC Construcţii Erbaṣu,2026-09-06T23:00,• Str Apolodor - Nr .17 - instituţie
2026-09-01T09:59:19,5,CASA ACADEMIEI,1,Oprire ACC,Lucrări de modernizare a sistemului de temoficare al Municipiului Bucureṣti efectuate de către SC Construcţii Erbaṣu,2026-09-06T23:00,• Cal 13 Septembrie - Nr. 13 - instituţie
2026-09-01T09:59:19,5,Hotel CONTINENTAL,1,Oprire ACC,Lucrări de modernizare a sistemului de temoficare al Municipiului Bucureṣti efectuate de către SC Construcţii Erbaṣu,2026-09-06T23:00,• Str Izvor - Nr. 82 - instituţie
2026-09-01T09:59:19,5,Facultatea de Medicină Veterinară,1,Oprire ACC,Lucrări de modernizare a sistemului de temoficare al Municipiului Bucureṣti efectuate de către SC Construcţii Erbaṣu,2026-09-06T23:00,• Spl Independenţei - Nr. 105 - instituţie
2026-09-01T09:59:19,5,Tudor Vladimirescu,9,Oprire ACC,Lucrări de modernizare a sistemului de temoficare al Municipiului Bucureṣti efectuate de către SC Construcţii Erbaṣu,2026-09-06T23:00,"• Bld Tudor Vladimirescu - bl. T4, T5, T6 • Cal 13 Septembrie - bl. T1B, T1C, T2B, T2C, T3, T3A"
2026-09-01T09:59:19,5,1 din 13 Septembrie,12,Oprire ACC,Lucrări de modernizare a sistemului de temoficare al Municipiului Bucureṣti efectuate de către SC Construcţii Erbaṣu,2026-09-06T23:00,"• Cal 13 Septembrie - bl. 48, 48A, 50, 52-54, 56, 58, 60, 60-62 • Str Mihail Cioranu - bl. 66, 68, 70, 70A, 70B"
2026-09-01T09:59:19,5,SRI PARCHET,1,Oprire ACC,Lucrări de modernizare a sistemului de temoficare al Municipiului Bucureṣti efectuate de către SC Construcţii Erbaṣu,2026-09-06T23:00,• Str Libertăţii - Nr. 14 - instituţie
2026-09-01T09:59:19,5,3 din 13 Septembrie,19,Oprire ACC,Lucrări de modernizare a sistemului de temoficare al Municipiului Bucureṣti efectuate de către SC Construcţii Erbaṣu,2026-09-06T23:00,"• Str Uranus - bl. U8, 53 • Str Ion Creangă - bl. 87, 89, 91 • Cal 13 Septembrie - bl. 55-57, 59-61, 63, 65-67, 69 ,71, 73-75, 77ABC,79 ,81, 83, 85"
2026-09-01T09:59:19,5,Palatul Parlamentului,1,Oprire ACC,Lucrări de modernizare a sistemului de temoficare al Municipiului Bucureṣti efectuate de către SC Construcţii Erbaṣu,2026-09-06T23:00,• Str Izvor - Nr. 2-4 - instituţie
2026-09-01T09:59:19,5,2 din 13 Septembrie,22,Oprire ACC,Lucrări de modernizare a sistemului de temoficare al Municipiului Bucureṣti efectuate de către SC Construcţii Erbaṣu,2026-09-06T23:00,"• Bld Tudor Vladimirescu - bl. 131,133,135 • Cal 13 Septembrie - bl. 93, 95, 97, 99, 101, 103, 105, 107, 109, 111, 123, 125, 127, 129 • Str Sabinelor - bl. 113, 115, 119, 121 • Str Sirenelor - bl. 117"
2026-09-01T09:59:19,5,Garajul Parlamentului,1,Oprire ACC,Lucrări de modernizare a sistemului de temoficare al Municipiului Bucureṣti efectuate de către SC Construcţii Erbaṣu,2026-09-06T23:00,• Str Izvor - Nr. 2-4 - instituţie
2026-09-01T09:59:19,5,Grădiniţa Nr.268 Scoala Nr.128,1,Oprire ACC,Lucrări de modernizare a sistemului de temoficare al Municipiului Bucureṣti efectuate de către SC Construcţii Erbaṣu,2026-09-06T23:00,• Str Ion Creangă - Gradinita 268 / Scoala 128
2026-09-01T09:59:19,5,MApN,1,Oprire ACC,Lucrări de modernizare a sistemului de temoficare al Municipiului Bucureṣti efectuate de către SC Construcţii Erbaṣu,2026-09-06T23:00,• Str Izvor - Nr. 13-15 - instituţie
2026-09-01T09:59:19,5,Modul Toporaşi,1,Oprire ACC,Revizie tehnică - CTE Progresu,2026-10-01T23:00,• Str Toporaşi - 1
2026-09-01T09:59:19,6,6/8 - Partial,3,Oprire ACC,Lucrari rețea secundară pe circuitul de apă caldă de consum-Al. Valea Prahovei,2026-09-01T14:00,"• Str Bozieni - bl. 830, 830bis • Ale Valea Prahovei - bl. 831"
2026-09-01T09:59:19,6,10 Liniei,9,Oprire ACC,Remediere avarie rețea secundară pe circuitul de apă caldă de consum,2026-09-01T14:30,"• Str Liniei - BL 15-16 • Str Apusului - CAMIN TELECONSTRUCTIA • Str Vistiernicul Stavrinos - bl. 55, 56 • Str Băbeşti - bl.57, 57A, CAMIN FIROS • Str Trenului - UNITATE MILITARA, Imobil"
2026-09-01T09:59:19,6,2 Virtuții - Partial,1,Oprire ACC,Remediere avarie rețea secundară pe circuitul de apă caldă de consum,2026-09-01T14:30,• Bld Uverturii - bl.B2
2026-09-01T09:59:19,6,ISCH,1,Oprire ACC,Remediere avarie circuit primar - Giulesti-Crangasi,2026-09-04T23:30,• Spl Independenţei - bl. ISCH
2026-09-01T09:59:19,6,REGIE 3,10,Oprire ACC,Remediere avarie circuit primar - Giulesti-Crangasi,2026-09-04T23:30,"• Spl Independenţei - CAMIN P7, P8, P9, P10, P11, P12, P13, P14, CANTINA VEST, CANTINA EST"
2026-09-01T09:59:19,6,MT PLAVAT,1,Oprire ACC,Remediere avarie circuit primar - Giulesti-Crangasi,2026-09-04T23:30,• Str Alexandru Ivasiuc - E6
2026-09-01T09:59:19,6,"S.G.A. Ilfov-Bucureşti, Administratia Nationala Apele Romane)",1,Oprire ACC,Remediere avarie circuit primar - Giulesti-Crangasi,2026-09-04T23:30,• Spl Independenţei - Instituție
2026-09-01T09:59:19,6,ZAGANESCU,8,Oprire ACC,Remediere avarie circuit primar - Giulesti-Crangasi,2026-09-04T23:30,"• Str Burlă Vasile - imobil 3,17,19, 21 • Str Cpt. Pavel Zăgănescu - imobil 3,4,5,8"
2026-09-01T09:59:19,6,REGIE 4,11,Oprire ACC,Remediere avarie circuit primar - Giulesti-Crangasi,2026-09-04T23:30,"• Spl Independenţei - CAMIN P1, P2, P3, P4, P5, P6, P20, P21, P22, SALA SPORT, COMPLEX COMERCIAL"
2026-09-01T09:59:19,6,STUDENTI 2,5,Oprire ACC,Remediere avarie circuit primar - Giulesti-Crangasi,2026-09-04T23:30,"• Spl Independenţei - CAMIN P18, P19, P17, P16, P15"
2026-09-01T09:59:19,6,REGIE 2,5,Oprire ACC,Remediere avarie circuit primar - Giulesti-Crangasi,2026-09-04T23:30,"• Spl Independenţei - P23, P24,P25, P26, P27"
2026-09-01T09:59:19,6,1 Giulești,3,Oprire ACC,Remediere avarie retea primara,2026-09-04T23:30,"• Cal Giuleşti - bl. 1, 5 • Str George Vâlsan - bl. 2"
2026-09-01T09:59:19,6,5 Crivina,30,Oprire ACC,Remediere avarie retea primara,2026-09-04T23:30,"• Str Olăneşti - bl. 38, 43 • Str Fraţilor - bl. 85 • Str Vintilă Mihăilescu - bl. 42A • Str Zboina Neagră - bl. 88 • Str Porumbacu - bl. 33, 30, 35, 34, 87, 86, 31 • Str 9 Mai - bl. 24, 36, 37, 25, 25bis • Str Ceahlăul - bl. 28, 29, 32, 38A, 39,27, 26 sc. 1 • Cal Crângaşi - bl. 42, 26 sc. 2+3, 40, 41, 84, 43A"
2026-09-01T09:59:19,6,3 Crivina,17,Oprire ACC,Remediere avarie retea primara,2026-09-04T23:30,"• Str Vintilă Mihăilescu - bl. 60, 61, 72, 70, 62, 63, 63A, 64 • Str Zboina Neagră - bl. 69 • Str Stoian Popescu - Imobil Str. P. Stoian nr. 4 • Str George Vâlsan - bl. 65, 65A • Str Ceahlăul - bl. 66, 71, 67, 68, 73"
2026-09-01T09:59:19,6,B Giulești,14,Oprire ACC,Remediere avarie retea primara,2026-09-04T23:30,"• Cal Giuleşti - bl. A, B20, B, B19, D2, E2, B21, D1, B3, C, B2, B1 • Str Plaviei - Imobil Str. Plaviei nr. 5"
2026-09-01T09:59:19,6,G3 Giulești,17,Oprire ACC,Remediere avarie retea primara,2026-09-04T23:30,"• Str Ruşeţu - bl. A1+A2, G11, G8, CFR • Int Craiovei - bl. A5 • Bld Constructorilor - bl. A3, A4, G4, G7, G2, G3, 4(G5), G6, G12, G1, G10, F2, 10"
2026-09-01T09:59:19,6,2 Crivina,33,Oprire ACC,Remediere avarie retea primara,2026-09-04T23:30,"• Str Lt. Gheorghe Saidac - bl. 24, 25, 35, 20, 26, 27, 34, 33, 36, 28, 23, 12 ICEM, 12A, 29, 30 • Str Nucşoara - bl. 31, 32, 38, 39, 40, 37 • Str Mehadiei - bl. 4 ICEM, 1 ICEM • Cal Crângaşi - bl. 13 ICEM, 11 ICEM, 10, 9 ICEM, 6-7 ICEM, 8 ICEM, 2 ICEM, 3 ICEM, 4A ICEM, 5 ICEM"
2026-09-01T09:59:19,6,8 Crivina,29,Oprire ACC,Remediere avarie retea primara,2026-09-04T23:30,"• Str Nicolae Oncescu - bl. 104A, 100, 105, 101, 114, 110, 111, 112,113 • Str Zboina Neagră - bl. 91-95, 116 • Str Porumbacu - bl. 89 • Str Simion Mehedinţi - bl. 98, 99, 117, 90 • Str George Vâlsan - bl. 109, 107, 108 • Str George Mihail Zamfirescu - bl. 102 • Str Grigore Preoteasa - bl. 115A, 115, 97, 96, 118 • Str Ceahlăul - bl. 104, 103, 24, 106, 102A"
2026-09-01T09:59:19,6,10 Giulești,9,Oprire ACC,Remediere avarie retea primara,2026-09-04T23:30,"• Str Finta - bl. 1, Imobil Str. Finta nr. 4, Imobil Str. Finta nr. 5 • Str Porumbacu - Colegiul Tehnic Carol I • Str Tabla Butii - Imobil Str. Tabla Butii nr. 80 • Cal Giuleşti - bl. 6, 10, 11"
2026-09-01T09:59:19,6,Prunaru,9,Oprire ACC,Remediere avarie retea primara,2026-09-04T23:30,"• Cal Giuleşti - bl. Z1, Z2, Z3, OD4 • Str Prunaru - bl. 6, 7, 9, OD5,8"
2026-09-01T09:59:19,6,J Giulești,15,Oprire ACC,Remediere avarie retea primara,2026-09-04T23:30,"• Str Ruşeţu - bl. G15, G14, G13 • Bld Constructorilor - bl. G19+20, H3, J3, G17+18, G16, J1, I, H1, H2, 31, 29, 21, 23, 27, 33"
2026-09-01T09:59:19,6,4 Crivina,31,Oprire ACC,Remediere avarie retea primara,2026-09-04T23:30,"• Str Olăneşti - bl. 76A, 83 • Str Pădureni - bl. 51, 52, 58D, 53A, 53B, 53C, 52 • Str Vintilă Mihăilescu - bl. 78, 54, 55, 56, 57, 58, 59, 77, 80, 79, 44 • Str Zboina Neagră - bl. 81, 74 • Str Ceahlăul - bl. 82, 75, 76 • Cal Crângaşi - bl. 46, 48, 49, 45, 50, 47"
2026-09-01T09:59:19,6,1 Crivina,13,Oprire ACC,Remediere avarie retea primara,2026-09-04T23:30,"• Str Nucşoara - bl. 15A ICEM, 41, 42 • Str Mehadiei - bl. 21, 22 • Cal Crângaşi - bl. 15 ICEM, 16 • Bld Constructorilor - bl. 20, 17, 18, 19, 20A, 44"
2026-09-01T09:59:19,6,7 Giulești,9,Oprire ACC,Remediere avarie retea primara,2026-09-04T23:30,"• Str Nicolae Oncescu - Imobil N. Oncescu nr. 50, Imobil N. Oncescu nr. 52 • Cal Giuleşti - bl. 3, 4+4ANEXA, 7, 8 • Str Măgura Odobeşti - Imobil M. Odobești nr. 6 • Str Haltei - Imobil Haltei nr. 25 • Str Prunaru - bl. 9"
2026-09-01T09:59:19,6,7 Crivina,14,Oprire ACC,Remediere avarie retea primara,2026-09-04T23:30,"• Str 9 Mai - bl. 20A, 23A, 22A, 10A, 11B • Cal Giuleşti - bl. 12A, 13A, 11A, 14A • Cal Crângaşi - bl. 19A, 18A, 16A, 17A, 15"
2026-09-01T09:59:19,6,9 Crivina,25,Oprire ACC,Remediere avarie retea primara,2026-09-04T23:30,"• Str Nicolae Filimon - bl. 15 sc. 2, 16, 17, 18 • Str George Mihail Zamfirescu - bl. 19A, 22, 22A • Str Ceahlăul - bl. 14, 15 sc. 1, 18, 19 • Cal Crângaşi - bl. 1, 2, 3, 4, 5, 6, 7, 11, 11A, 11B, 12, 13, 20, 21"
2026-09-01T09:59:19,6,1 Veteranilor,15,Oprire ACC,Remediere avarie retea primara,2026-09-04T23:30,"• Str Peştera Dâmbovicioara - bl. M12, Colegiul Economic Costin C. Kirițescu • Str Partizanilor - bl. M3A. M10, M11, M3 • Bld Iuliu Maniu - bl. 3, 4, 5 • Str Veteranilor - bl. M13, M14, M15 • Bld Uverturii - bl. 1, 9, 10"
2026-09-01T09:59:19,6,UM 0276 (0333),0,Oprire ACC,Remediere avarie retea primara,2026-09-04T23:30,• Bld Iuliu Maniu - Instituție
2026-09-01T09:59:19,6,MILITARI - 6 Placare,8,Oprire ACC,Remediere avarie retea primara,2026-09-04T23:30,"• Bld Iuliu Maniu - bl. D3, D4, D5, D6, R1, R2, 21P"
2026-09-01T09:59:19,6,MILITARI - 4 Placare,20,Oprire ACC,Remediere avarie retea primara,2026-09-04T23:30,"• Bld Iuliu Maniu - bl. 14M, OD16, 16C, 42S14, 10A • Str Răsăritului - bl. 9M • Ale Zorelelor - bl. 8A, 9A, 10M, 11M, 12M, 13M, 43, 44, 45 • Drm Timonierului - bl. 16A, 40S14 • Str Centurii - bl. 15M, 16B, 41S14,Școala nr.142"
2026-09-01T09:59:19,6,5 Desișului,13,Oprire ACC,Remediere avarie retea primara,2026-09-04T23:30,"• Str Dreptăţii - bl. M22, M22A • Bld Iuliu Maniu - bl. 20, 21, 22 • Str Dezrobirii - bl. 23, 24, M25, 25, 26 • Str Cetatea de Baltă - bl. M23, M23A, M24"
2026-09-01T09:59:19,6,SC 6/7,6,Oprire ACC,Remediere avarie retea primara,2026-09-04T23:30,"• Str Partiturii - bl. 62 • Str Cernişoara - bl. 56, 57, 59, 60, 61"
2026-09-01T09:59:19,6,MILITARI - 8 Placare,17,Oprire ACC,Remediere avarie retea primara,2026-09-04T23:30,"• Str Liniei - bl. 6C • Str Azurului - bl. 114A, 118A • Str Răsăritului - bl. 1, 4C, 5C, 7C, 116, 117, 118 • Str Velei - bl. 2, 3 • Str George Calboreanu - bl. 115, 119, 120, 122"
2026-09-01T09:59:19,6,3 Uverturii,12,Oprire ACC,Remediere avarie retea primara,2026-09-04T23:30,"• Str Fabricii - bl. 15E, 15D, 15C, 25/III, 25/IV, 25/V • Bld Iuliu Maniu - bl. 15bis, 15A, 15B • Ale Cetăţuia - bl. 25/I, 25/II"
2026-09-01T09:59:19,6,2 Veteranilor,13,Oprire ACC,Remediere avarie retea primara,2026-09-04T23:30,"• Str Partizanilor - bl.M3 • Str Veteranilor - bl. M6, M16, 6, 7 • Bld Uverturii - bl. M8, 11 • Str Dealul Ţugulea - bl. 8, 12, 13, 14, 15, 16, Școala Gimnazială nr. 156"
2026-09-01T09:59:19,6,SC 4/5,11,Oprire ACC,Remediere avarie retea primara,2026-09-04T23:30,"• Str Roşia Montană - bl. 29, 30, 32 • Str Dezrobirii - bl. 23, 24, 25, 26, 27, 33 • Str Cetatea de Baltă - bl. 28, 31"
2026-09-01T09:59:19,6,UM 02296,1,Oprire ACC,Remediere avarie retea primara,2026-09-04T23:30,• Bld Iuliu Maniu -
2026-09-01T09:59:19,6,MILITARI - 7 Placare,17,Oprire ACC,Remediere avarie retea primara,2026-09-04T23:30,"• Str Azurului - bl. 113B • Ale Poarta Albă - bl. 109A, 110, 110A • Str Basmului - bl. 108A • Drm Timonierului - bl. 1, 2, 109, 111, 111A, 111B, 113C, 113D • Str Centurii - bl. 112, 113, 113A • Str Cupolei - bl. 108"
