snapshot_ts,sector,pt_name,blocks,service,cause,estimated_restore,zone_raw
2026-08-01T00:29:56,1,1 Aviatiei,49,Oprire ACC,"Lucrari de modernizare conducta Dn-600 retea termica primara, magistrala II-III Grozavesti,obiectiv 4,executate de ENERGETICA",2026-08-01T12:00,"• Str Măguricea - bl. 3K, 3F, 8H, 8J, 8G • Str Nicolae G. Caramfil - bl. 1B, 1C, 10B, 10C, 10D • Str Elena Caragiani - bl. 8A-2, 8A-3, 2G, 3B, 8C, 2H, 3J, 3I, 8B • Şos Pipera - bl. 1D, 1E, 2D, 2E, 2F, 3E, 3D, 3C • Str Borşa - bl. 1A, 1B, 2 I, 2J, 8D, 8E, 3H, 3A, 8F, 3B, 10E, 10F, 3G • Str Smaranda Brăescu - bl. 2C, 1H, 1 I, 1G, 2K, 2B, 1F, 10G, 10 H • Str Feleacu - bl. 8I, 8A-1, 10A, 10I, FELEACU 2"
2026-08-01T00:29:56,1,4 Aviatiei,33,Oprire ACC,"Lucrari de modernizare conducta Dn-600 retea termica primara, magistrala II-III Grozavesti,obiectiv 4,executate de ENERGETICA",2026-08-01T12:00,"• Str Măguricea - bl. 13D, 13E, 7P • Str Nicolae G. Caramfil - bl. 11C, 11A, 11B • Str G-ral Ştefan Burileanu - bl. 11I, 12J, 12K, 13M, 13N • Str Cpt. Alexandru Şerbănescu - bl. 7M, 7L, 7N • Str Elena Caragiani - bl. 12D • Str Smaranda Brăescu - bl. 11G, 12I, 12H, 12A, 11H • Str Prometeu - bl. 12G, 12E, 12F, 13F, 13G • Str Feleacu - bl. 13B, 11E, 12B, 12C, 13A, 13C, 11D, 11F"
2026-08-01T00:29:56,1,3 Aviatiei,27,Oprire ACC,"Lucrari de modernizare conducta Dn-600 retea termica primara, magistrala II-III Grozavesti,obiectiv 4,executate de ENERGETICA",2026-08-01T12:00,"• Str Căpâlna - bl. 15M, 14D+14E, 15B, 15J, 15K, 15A, 15L, 16H, 16I • Str Cpt. Alexandru Şerbănescu - bl. 14B, SERBANESCU 12-14, 14C, 16A, 16C • Str Avionului - bl. 16J, 15H, 15D, 15F, 15E • Str Aripilor - bl. 15C , STAR • Str Siriului - bl. 16J, 16F, 16E • Str Prometeu - bl. 14F, 16G, 16D"
2026-08-01T00:29:56,1,Floreasca,1,Oprire ACC,"Lucrari de modernizare conducta Dn-600 retea termica primara, magistrala II-III Grozavesti,obiectiv 4,executate de ENERGETICA",2026-08-01T12:00,• Cal Floreasca - bl.1F
2026-08-01T00:29:56,1,2 Aviatiei,32,Oprire ACC,"Lucrari de modernizare conducta Dn-600 retea termica primara, magistrala II-III Grozavesti,obiectiv 4,executate de ENERGETICA",2026-08-01T12:00,"• Str Cpt. Alexandru Şerbănescu - bl. G6, 6A, 7E, 7F, 7, 7I, 7K,7M • Str Avionului - bl. 5C, 5E, 5E PRIM, 6B, 6C, 6D • Str Aviaţiei - bl. 4C, 5D, 5G, 4D, 5F,7D, 5A • Şos Pipera - bl. 4A, 4B, 5B • Str Aripilor - bl. 6E,6F • Str Borşa - bl. 5F, 4F, 4G, 4E, 7G, ARMONIA, 7B, 7A, 7H"
2026-08-01T00:29:56,1,6 Aviatiei,20,Oprire ACC,"Lucrari de modernizare conducta Dn-600 retea termica primara, magistrala II-III Grozavesti,obiectiv 4,executate de ENERGETICA",2026-08-01T12:00,"• Str Nicolae G. Caramfil - bl. 21H, 21B, 21A, 21C, 22 B • Str G-ral Ştefan Burileanu - bl. 20A, 20C, 20B, 21E • Str Cpt. Alexandru Şerbănescu - bl. 20-I, 20J, 22H, 20E, 20D • Str Smaranda Brăescu - bl. 20H, 20F, 21 I, 21G, 22D, 21F"
2026-08-01T00:29:56,1,Radu Beller,25,Oprire ACC,"Lucrari de modernizare conducta Dn-600 retea termica primara, magistrala II-III Grozavesti,obiectiv 4,executate de ENERGETICA",2026-08-01T12:00,"• Str N. Constantinescu - bl. 15A, 14, 14A, 16, 16A, 13, 15, imob.Nr.60 • Str Lt. D. Darian - Nr.27 • Str George Călinescu - bl. 17, 17A, 19A, 20B, 20A • Str Gen. Andrei Popovici - bl. 8, 7, 8A, 7A, imob.Nr.65, 41 • Str Constantin D. Aricescu - bl. 21, 20 • Str Ştefan Protopopescu - bl. 3, 4, 2"
2026-08-01T00:29:56,1,5 Aviatiei,12,Oprire ACC,"Lucrari de modernizare conducta Dn-600 retea termica primara, magistrala II-III Grozavesti,obiectiv 4,executate de ENERGETICA",2026-08-01T12:00,"• Str Cpt. Alexandru Şerbănescu - bl. 17A, 17B, 18A, 19A, 19B, 19F, 19G • Str Siriului - bl. 17C, 17D, 18B, 19D, 19E"
2026-08-01T00:29:56,1,Beller Bitolia,11,Oprire ACC,"Lucrari de modernizare conducta Dn-600 retea termica primara, magistrala II-III Grozavesti,obiectiv 4,executate de ENERGETICA",2026-08-01T12:00,"• Str N. Constantinescu - bl. 9, 11, 11A • Str Lt. D. Darian - bl. 11B, 23 • Str Lt. Radu Beller - bl. 20, 22 • Str Gen. Andrei Popovici - bl. 6, 1+1B • Str Ştefan Protopopescu - bl. 24 • Str Puţul lui Zamfir - bl. 20A"
2026-08-01T00:29:56,2,ICB,2,Deficienta ACC,Funcționare deficitară a apei calde de consum din cauza manevrelor de echilibrare hidraulică a rețelei termice,2026-08-01T23:00,• Bld Lacul Tei -
2026-08-01T00:29:56,2,4 Stefan cel Mare,22,Deficienta ACC,Funcționare deficitară a apei calde de consum din cauza manevrelor de echilibrare hidraulică a rețelei termice,2026-08-01T23:00,"• Şos Ştefan cel Mare - bl.38B, 39, 41; 33A, 35A, 36B, 35B, 36A, 41BC, 37, 38, 33B, 35B2 • Str Viitorului - bl.42A, 42B • Str Viesparilor - bl. 33C, 34 • Str Badea Cârţan - bl.37A , 40, 40Bis, imob.Nr.62, 67"
2026-08-01T00:29:56,2,13 Lacul Tei,11,Deficienta ACC,Funcționare deficitară a apei calde de consum din cauza manevrelor de echilibrare hidraulică a rețelei termice,2026-08-01T23:00,"• Str Grigore C. Moisil - bl. 13B, 7B, 7 • Bld Lacul Tei - bl. 14, 15A, 18, 16, 17, 13A, imob. nr.89-91, 77 • Str Opanez - bl.15B"
2026-08-01T00:29:56,2,4 Mosilor,18,Deficienta ACC,Funcționare deficitară a apei calde de consum din cauza manevrelor de echilibrare hidraulică a rețelei termice,2026-08-01T23:00,"• Str Ardeleni - bl. 39A • Cal Moşilor - bl. 47, 47Bis, 49-49A, 51Bis, 53, 55, 45, 45A, 43, 41, 39, 37, 33-35, imob.Nr.257 • Str Făinari - bl.51 sc.C; 51 sc.B • Str Rovine - bl. 51B, 57A. 51 sc.A"
2026-08-01T00:29:56,2,1 Mosilor,22,Deficienta ACC,Funcționare deficitară a apei calde de consum din cauza manevrelor de echilibrare hidraulică a rețelei termice,2026-08-01T23:00,"• Ale Cenuşeresei - bl.50, 52 • Str Traian - bl.30 B, imob.Nr.254 • Cal Moşilor - bl.36, 38, 42, 46, 48, 58, 32, 30A, 31A , 31C • Str Mihai Eminescu - bl.31B ,32 • Str Vaselor - bl.34, imob.Nr.3A • Str Ion Maiorescu - bl.44 ;50 ;40, imob.Nr.37, 7"
2026-08-01T00:29:56,2,Galvani Tei,9,Deficienta ACC,Funcționare deficitară a apei calde de consum din cauza manevrelor de echilibrare hidraulică a rețelei termice,2026-08-01T23:00,"• Str Johannes K. Kepler - bl.K/4/1; 2 • Bld Lacul Tei - bl.7, 8, 5, 6 • Str Păstorului - bl.4, 3, 4Bis"
2026-08-01T00:29:56,2,201 Mihai Bravu,5,Oprire ACC,Execuție lucrări de modernizare - firma SICOR pe Magistrala II Sud,2026-08-02T23:00,"• Şos Mihai Bravu - bl. 205, 203, 204, 200, • Cal Călăraşilor - bl. 201, 202"
2026-08-01T00:29:56,2,Barbu Vacarescu,6,Oprire ACC,"Lucrari de modernizare conducta Dn-600 retea termica primara, magistrala II-III Grozavesti,obiectiv 4,executate de ENERGETICA",2026-08-01T12:00,"• Str Dinu Vintilă - bl.3, 4, 5 • Str Barbu Văcărescu - bl.1,2; 7"
2026-08-01T00:29:56,2,2 Stefan cel Mare,19,Oprire ACC,"Lucrari de modernizare conducta Dn-600 retea termica primara, magistrala II-III Grozavesti,obiectiv 4,executate de ENERGETICA",2026-08-01T12:00,"• Şos Ştefan cel Mare - bl18,18A,18b,19,22,23,20,15A,14,Imob.nrbv 20 • Str Polonă - bl 17A+B,15 • Str Paul Greceanu - bl 24A, 21A, 21, 20A • Str Aurel Vlaicu - bl 19A,20,Imob nr 166"
2026-08-01T00:29:56,2,Modul Bl. 6 Stefan cel Mare,1,Oprire ACC,"Lucrari de modernizare conducta Dn-600 retea termica primara, magistrala II-III Grozavesti,obiectiv 4,executate de ENERGETICA",2026-08-01T12:00,• Şos Ştefan cel Mare - bl.6
2026-08-01T00:29:56,3,IN CITY,1,Oprire ACC,Execuție lucrări de modernizare - firma ELSACO pe Magistrala II Sud,2026-08-02T23:00,• Cal Dudeşti -
2026-08-01T00:29:56,3,16 Foișor,1,Oprire ACC,Execuție lucrări de modernizare - firma ELSACO pe Magistrala II Sud,2026-08-02T23:00,• Cal Vitan - bl. V6
2026-08-01T00:29:56,3,16 Răcari,17,Oprire ACC,Execuție lucrări de modernizare - firma ELSACO pe Magistrala II Sud,2026-08-02T23:00,"• Str Mureşana - bl. 52, 51 A+B • Str Lugojana - bl. 50+50A, 47 • Str Crivăţului - bl. 43A, 51, 44B • Str Răcari - bl. 42 • Ale Slt. Adrian Cârstea - bl. 43, 44, 41, 48, 45, 46, 44A"
2026-08-01T00:29:56,3,3 Labirint,7,Oprire ACC,Execuție lucrări de modernizare - firma ELSACO pe Magistrala II Sud,2026-08-02T23:00,"• Str Matei Basarab - bl. 119bis, L121, L118A, L116A • Str Labirint - bl. L117, L119, L117bis"
2026-08-01T00:29:56,3,21 Foișor,17,Oprire ACC,Execuție lucrări de modernizare - firma ELSACO pe Magistrala II Sud,2026-08-02T23:00,"• Str Vlaicu Vodă - bl. C8, C9 • Str Vlad Dracul - bl. B12, B13 • Str Vasile Cârlova - bl. A7, A7bis • Str Emil Gârleanu - bl. A6, A4 • Str Lt. col. Dumitru Papazoglu - bl. B10, C6 • Str Anastasie Panu - bl. A12, A5, A16, B7 • Str Alexandru Moruzzi Voievod - bl. A11, A13, B6"
2026-08-01T00:29:56,3,15 Foișor,4,Oprire ACC,Execuție lucrări de modernizare - firma ELSACO pe Magistrala II Sud,2026-08-02T23:00,"• Str Zizin - bl. G1 • Str Brânduşelor - bl. G3 • Str Banu Udrea - bl. G7, G8"
2026-08-01T00:29:56,3,12 Foișor,14,Oprire ACC,Execuție lucrări de modernizare - firma ELSACO pe Magistrala II Sud,2026-08-02T23:00,"• Str Vlad Dracul - bl. C12, C14, C13 • Str Foişorului - bl. F13C, F14C, F11C, F12C • Str Anastasie Panu - bl. C15, D3, D1, D2, D6, D4, D5"
2026-08-01T00:29:56,3,I3,6,Oprire ACC,Execuție lucrări de modernizare - firma ELSACO pe Magistrala II Sud,2026-08-02T23:00,"• Str Miletin - Imobil • Pţa Alba Iulia - bl. I1, I2, I3, I4, I5"
2026-08-01T00:29:56,3,2 Unităţii,16,Oprire ACC,Execuție lucrări de modernizare - firma ELSACO pe Magistrala II Sud,2026-08-02T23:00,"• Str Vulcan Judeţul - bl. B1B, B1C, B3A • Str Traian Popovici - bl. B3D, B4, B4D, B4F, B4A • Şos Mihai Bravu - bl. B2A, B2B, B2C, B1, B1A, B1D, B3B, B3C • Str Caloian Judeţul - bl. B4C, Scoala Generala nr. 80"
2026-08-01T00:29:56,3,2 Mărășești,16,Oprire ACC,Execuție lucrări de modernizare - firma ELSACO pe Magistrala II Sud,2026-08-02T23:00,"• Str Vlad Dracul - bl. B1, B2 • Str Nerva Traian - bl. M70, M71, M66, M69, M68, M65 • Str Emil Gârleanu - bl. A8, A9 • Str Logofătul Tăutu - bl. C3, C4, C5 • Str Lt. col. Dumitru Papazoglu - bl. B5 • Str Alexandru Moruzzi Voievod - bl. B1, A10"
2026-08-01T00:29:56,3,J2 Unirii,7,Oprire ACC,Execuție lucrări de modernizare - firma ELSACO pe Magistrala II Sud,2026-08-02T23:00,"• Bld Unirii - bl. J1, J3B, J4, J2, J3A • Pţa Alba Iulia - bl. I6, I7"
2026-08-01T00:29:56,3,M107,25,Oprire ACC,Execuție lucrări de modernizare - firma ELSACO pe Magistrala II Sud,2026-08-02T23:00,"• Str Nerva Traian - bl. K6 • Bld Octavian Goga - bl. M103, M106 • Str Emil Botta - bl. M109, M105, M104, M107, M108 • Bld Unirii - bl. K3, K4, K2, K5 • Str Lucian Blaga - bl. K1"
2026-08-01T00:29:56,3,F6,6,Oprire ACC,Execuție lucrări de modernizare - firma ELSACO pe Magistrala II Sud,2026-08-02T23:00,"• Str Maximilian Popper - bl. F6 • Bld Unirii - bl. F2, F3, F4 • Str Traian - bl. F1 • Str Ion Pillat - bl. F5"
2026-08-01T00:29:56,3,2 Cornul Caprei,3,Oprire ACC,Execuție lucrări de modernizare - firma ELSACO pe Magistrala II Sud,2026-08-02T23:00,"• Str Şcoala Ciocanu - Imobil • Bld Burebista - D13, D14"
2026-08-01T00:29:56,3,1 Labirint,5,Oprire ACC,Execuție lucrări de modernizare - firma ELSACO pe Magistrala II Sud,2026-08-02T23:00,"• Str Matei Basarab - bl. L111A, L109, L108, L109bis, L110"
2026-08-01T00:29:56,3,Mihai Bravu Vest,18,Oprire ACC,Execuție lucrări de modernizare - firma ELSACO pe Magistrala II Sud,2026-08-02T23:00,"• Şos Mihai Bravu - bl. 2, 3, 4, 5, 6, 7, 103, 104, 105 • Bld Decebal - bl. S1, S2, S2A+S2B, S3 • Ale Apostol Mărgărit - bl. 106, 107, 108, D.G.A.S.P.C, Centrul de zi Titan-Cercelus9 cresa nr.35 • Str Cerceluş - bl. 10-11"
2026-08-01T00:29:56,3,11 Foișor,14,Oprire ACC,Execuție lucrări de modernizare - firma ELSACO pe Magistrala II Sud,2026-08-02T23:00,"• Str Zizin - bl. V75C • Str Vlaicu Vodă - bl. V65, V66 • Str Brânduşelor - bl. V70, V75A, V77 • Str Foişorului - bl. F9C, F8C • Str Rarău - bl. V69, V68, V70, V71, F10C, V74"
2026-08-01T00:29:56,3,9 Vitan,11,Oprire ACC,Execuție lucrări de modernizare - firma ELSACO pe Magistrala II Sud,2026-08-02T23:00,"• Str Zizin - bl. 97, V101C, V101B • Str Vlaicu Vodă - bl. V34C, V100 • Cal Vitan - bl. V34A, V35 • Str Nucului - bl. V100, V101,V101A • Str Banu Udrea - bl. V104, V103, V101C, V99, V97, V102, V95"
2026-08-01T00:29:56,3,10 Laborator,26,Oprire ACC,Execuție lucrări de modernizare - firma ELSACO pe Magistrala II Sud,2026-08-02T23:00,"• Ale Şcolarilor - bl. S24, S25, S13, S14, S3A, S4, S23 • Şos Mihai Bravu - bl. S3, SB, SA, SB1, R3 • Str Laborator - bl. S11, S5, S12, S8, S9, S10, S6, S7, S1, S2A, S2 • Bld Camil Ressu - bl. 5, R1, R2"
2026-08-01T00:29:56,3,S14,11,Oprire ACC,Execuție lucrări de modernizare - firma ELSACO pe Magistrala II Sud,2026-08-02T23:00,"• Str Theodor D. Speranţia - bl. S24, S25, S26, S27,S28 • Bld Decebal - bl. S12, S12A, S12B, S13, S14, S15"
2026-08-01T00:29:56,3,1 Vitan,22,Oprire ACC,Execuție lucrări de modernizare - firma ELSACO pe Magistrala II Sud,2026-08-02T23:00,"• Cal Vitan - bl. 2, 3, 9, 10, 7C, 2A, 1, 1A, 1B • Str Lugojana - bl. 12, 11 • Str Dristorului - bl. 6 • Ale Râmnicu Sărat - bl. 2B, 7B,7A,15 • Str Râmnicu Vâlcea - bl. 15, 15B, 15A • Str Baia Mare - bl. 4, 8, 7A1,12A 5, 7, 12B"
2026-08-01T00:29:56,3,E1,6,Oprire ACC,Execuție lucrări de modernizare - firma ELSACO pe Magistrala II Sud,2026-08-02T23:00,"• Str Vintilă Vodă - bl. E1 • Bld Unirii - bl. E2, E3,E3A, E3-3, E3A2"
2026-08-01T00:29:56,3,2 Călăraşi,18,Oprire ACC,Execuție lucrări de modernizare - firma ELSACO pe Magistrala II Sud,2026-08-02T23:00,"• Str Matei Basarab - 72, 86, 73, 74, 85, L122, L120, L118 • Str Theodor D. Speranţia - 78, 83, 84 • Str Agricultori - 80, 81, 82,79, • Cal Călăraşi - 75,76,77"
2026-08-01T00:29:56,3,3 Mărăşeşti,10,Oprire ACC,Execuție lucrări de modernizare - firma ELSACO pe Magistrala II Sud,2026-08-02T23:00,"• Str Ştefan Octavian Iosif - bl. M51, M54 • Str Panait Cerna - bl. M53, M52 • Str Nerva Traian - bl. M37, M36, M39, M55, M38 • Bld Octavian Goga - bl. M42, M61 • Str Alexandru Vlahuţă - bl. M49, M50"
2026-08-01T00:29:56,3,Ministerul de Finante,1,Oprire ACC,Execuție lucrări de modernizare - firma ELSACO pe Magistrala II Sud,2026-08-02T23:00,• Bld Mircea Vodă - 44
2026-08-01T00:29:56,3,5 Mărăşeşti,17,Oprire ACC,Execuție lucrări de modernizare - firma ELSACO pe Magistrala II Sud,2026-08-02T23:00,"• Bld Mircea Vodă - bl. M31, M29, M30 • Ale Dimitrie Anghel - bl. M45 • Str Panait Cerna - bl. M44 • Str Nerva Traian - bl. M34, M35 • Str Alexandru Vlahuţă - bl. M46, M47, M48"
2026-08-01T00:29:56,3,11 Laborator,10,Oprire ACC,Execuție lucrări de modernizare - firma ELSACO pe Magistrala II Sud,2026-08-02T23:00,"• Str Laborator - bl. S18, 39A, 40, 39, 38 • Str Râmnicu Vâlcea - bl. S19, S20, S16, S15, S17"
2026-08-01T00:29:56,3,17 Răcari,15,Oprire ACC,Execuție lucrări de modernizare - firma ELSACO pe Magistrala II Sud,2026-08-02T23:00,"• Ale Miraj - bl. 60, 61, 68 • Ale Florin Ciungan - bl. 64, 66, 65, 67, 69 • Ale Răcari - bl. 75, 74, 71, 71A, 70 • Ale Marius Emanoil Buteică - bl. 72, 63, 62"
2026-08-01T00:29:56,3,BL U114 (UM 02544/B1),1,Oprire ACC,Execuție lucrări de modernizare - firma ELSACO pe Magistrala II Sud,2026-08-02T23:00,• Bld Mircea Vodă - 3-5
2026-08-01T00:29:56,3,C3 Căuzaşi,11,Oprire ACC,Execuție lucrări de modernizare - firma ELSACO pe Magistrala II Sud,2026-08-02T23:00,"• Ale Negru Vodă - C3, C4, C3A • Str Mămulari - C1, C2 • Bld Unirii - A1, A2, A3, A4 • Str Sfânta Vineri - A6, A5"
2026-08-01T00:29:56,3,1 Laborator,31,Oprire ACC,Execuție lucrări de modernizare - firma ELSACO pe Magistrala II Sud,2026-08-02T23:00,"• Str Aniversării - bl. 39A • Şos Mihai Bravu - bl. V10, V18, V7, V11, V12, V9, V15, V16, V8, V13, V17 • Str Laborator - bl. V14 • Str Iancu Brezeanu - bl. V31B • Str Agatha Bârsescu - bl. V26C, V31A, V30B, V26A, V28, V30A, V26B, V29, V25, V27A, V27B • Str Alexander Von Humboldt - bl. V23A • Ale Blăjel - bl. V5, V6 • Str Breaza - bl. V24A, V23B"
2026-08-01T00:29:56,3,3 Unităţii,19,Oprire ACC,Execuție lucrări de modernizare - firma ELSACO pe Magistrala II Sud,2026-08-02T23:00,"• Str Traian Popovici - bl. B7, B11, B10 • Şos Mihai Bravu - bl. B13, B13A, B13D, B13B, B13C • Str Lt. Aurel Botea - bl. B5A, B5, B5D, B5B, B5C, B6, B6A, B6B, B8, B9"
2026-08-01T00:29:56,3,3 Călăraşi,13,Oprire ACC,Execuție lucrări de modernizare - firma ELSACO pe Magistrala II Sud,2026-08-02T23:00,"• Cal Călăraşi - . 44, 38, 39, 45, 46, 56, 57, 55, 53, 53BIS, 42, 54 • Str Orzari - 47"
2026-08-01T00:29:56,3,5 Cornul Caprei,10,Oprire ACC,Execuție lucrări de modernizare - firma ELSACO pe Magistrala II Sud,2026-08-02T23:00,"• Str Lt. Aurel Botea - D24, D22 • Bld Burebista - D15, D16 • Str Caloian Judeţul - D19A, D21A, D20, D19B, D18, D21B"
2026-08-01T00:29:56,3,Colegiul Tehnic Mihai Bravu,1,Oprire ACC,Execuție lucrări de modernizare - firma ELSACO pe Magistrala II Sud,2026-08-02T23:00,• Şos Mihai Bravu - 428
2026-08-01T00:29:56,3,G3,9,Oprire ACC,Execuție lucrări de modernizare - firma ELSACO pe Magistrala II Sud,2026-08-02T23:00,"• Bld Unirii - bl. G2, H1, G3, G2A, G2B, G2C • Str Ion Pillat - bl. G1, G1A • Bld Decebal - bl. H2"
2026-08-01T00:29:56,3,Dristor Insulă,18,Oprire ACC,Execuție lucrări de modernizare - firma ELSACO pe Magistrala II Sud,2026-08-02T23:00,"• Şos Mihai Bravu - 12, 12A, 15, 15A, 18, 18A, 14A+B • Str Dristorului - 15B, 10, 10A, 11, 12B, 16ABC, 17,13, 13C • Bld Camil Ressu - 13A"
2026-08-01T00:29:56,3,13 Foișor,11,Oprire ACC,Execuție lucrări de modernizare - firma ELSACO pe Magistrala II Sud,2026-08-02T23:00,"• Str Vlaicu Vodă - bl. V62, V63, V61 • Str Brânduşelor - bl.V64 • Str Foişorului - bl. F6C, F7C, F5C, F4C • Str Alexandru Moruzzi Voievod - bl. V60, V59, V58"
2026-08-01T00:29:56,3,3 Theodor Speranţia,5,Oprire ACC,Execuție lucrări de modernizare - firma ELSACO pe Magistrala II Sud,2026-08-02T23:00,"• Str Theodor D. Speranţia - bl. S22 • Bld Decebal - bl. S16 • Cal Călăraşi - bl. S18, S20, S21"
2026-08-01T00:29:56,3,2 Vitan,33,Oprire ACC,Execuție lucrări de modernizare - firma ELSACO pe Magistrala II Sud,2026-08-02T23:00,"• Cal Vitan - bl. 42, 30, 41, 31, 21, 20, 51, 52, 22 • Str Mureşana - bl. 43B, 44, 58, 58A, 59 • Str Jieneasca - bl. 46, 47, 34, 33 • Str Căluşari - bl. 43, 43A, 24, 25, 50, 43A • Str Alunului - bl. 57 • Şos Mihai Bravu - bl. 53, 54, 55 • Str Răcari - bl. 38, 39 • Str Alunelului - bl. 45, 40, 32"
2026-08-01T00:29:56,3,1 Călăraşi,8,Oprire ACC,Execuție lucrări de modernizare - firma ELSACO pe Magistrala II Sud,2026-08-02T23:00,"• Cal Călăraşi - Cal. Călăraşi bl. 50, 70, 68, 65, 49, 71, 67, 66,"
2026-08-01T00:29:56,3,4 Theodor Speranţia,32,Oprire ACC,Execuție lucrări de modernizare - firma ELSACO pe Magistrala II Sud,2026-08-02T23:00,"• Str Voroneţ - bl. A15+A15bis, A22, D8, D7, D6, D5A, D4, D5, D2, D3, D1 • Str Meşterul Manole - bl. D17, D10, D9, D11, D15 • Str Negoiu - bl. D18, D16, D14, D12 • Str Ion Păunescu-Paltin - bl. D13 • Str Dristorului - bl. A21, B14, A23, B13, A20, B7, B14, B20 • Int Arenei - bl. B2, B3"
2026-08-01T00:29:56,3,10 Vitan,17,Oprire ACC,Execuție lucrări de modernizare - firma ELSACO pe Magistrala II Sud,2026-08-02T23:00,"• Str Zizin - bl. V80B, V80A, V81C, V40 • Str Vlaicu Vodă - bl. V43, V39, V82, V38, V81, V79, V82B, V81A • Cal Vitan - bl. V40, V42, V17, V82A, V42C,V42A • Str Brânduşelor - bl. V78"
2026-08-01T00:29:56,3,6 Mărășești,19,Oprire ACC,Execuție lucrări de modernizare - firma ELSACO pe Magistrala II Sud,2026-08-02T23:00,"• Bld Mircea Vodă - bl. M11, M14, M20bis, M9,M8, M1, M21, M22, M6, M20 • Str Panait Cerna - bl. M5 • Spl Unirii - bl. M3, M4, M12, M19, M10, M15, M7, M18, M16, M13"
2026-08-01T00:29:56,3,4 Labirint,5,Oprire ACC,Execuție lucrări de modernizare - firma ELSACO pe Magistrala II Sud,2026-08-02T23:00,"• Str Matei Basarab - bl. L112, L112A, L113A, L113 • Str Traian - bl. L112B"
2026-08-01T00:29:56,3,7 Vitan,12,Oprire ACC,Execuție lucrări de modernizare - firma ELSACO pe Magistrala II Sud,2026-08-02T23:00,"• Str Vlad Judeţul - bl. V12, V13, V14A, V11 • Cal Vitan - bl. V14B, V16B, V16A, V15 • Str Agatha Bârsescu - bl. V19 • Str Brăiliţa - bl. V17, V10, V18"
2026-08-01T00:29:56,3,1 Mărăşeşti,20,Oprire ACC,Execuție lucrări de modernizare - firma ELSACO pe Magistrala II Sud,2026-08-02T23:00,"• Str Nerva Traian - bl M64 • Bld Octavian Goga - bl. V53C, M62, M63 • Str Emil Gârleanu - bl. V52C, V53D, A1, F • Str Foişorului - bl. F1C, F2C, F3C, D, E • Str Anastasie Panu - bl. A1, A2, A3"
2026-08-01T00:29:56,3,6 Vitan,8,Oprire ACC,Execuție lucrări de modernizare - firma ELSACO pe Magistrala II Sud,2026-08-02T23:00,"• Cal Vitan - bl. V21A, V21B, V2, V1 • Ale Blăjel - bl. V3, V4 • Str Breaza - bl. V22A, V22B"
2026-08-01T00:29:56,3,1 Anexa,28,Oprire ACC,Execuție lucrări de modernizare - firma ELSACO pe Magistrala II Sud,2026-08-02T23:00,• Int Ţiglina - Scoala Gimnaziala Cezar Bolliac • Str Diligenţei - • Str Mircea Bădescu - • Str Nicolae Tudor - • Str Levănţica - • Str Dristorului - • Str Cerceluş -
2026-08-01T00:29:56,3,18 KLM,9,Oprire ACC,Execuție lucrări de modernizare - firma ELSACO pe Magistrala II Sud,2026-08-02T23:00,"• Str Sold. Spiridon Matei - bl. 9 • Int Înotătorilor - bl. 10 • Str Tomis - bl. 11 • Bld Râmnicu Sărat - bl. 11A, 20M, 20K, 10bis, 20L, 11A1"
2026-08-01T00:29:56,3,5 Călăraşi,5,Oprire ACC,Execuție lucrări de modernizare - firma ELSACO pe Magistrala II Sud,2026-08-02T23:00,"• Str Matei Basarab - 64 • Cal Călăraşi - 59, 60, 61, 58"
2026-08-01T00:29:56,3,4 Mărăşeşti,11,Oprire ACC,Execuție lucrări de modernizare - firma ELSACO pe Magistrala II Sud,2026-08-02T23:00,"• Ale Dimitrie Anghel - bl. M59 • Str Panait Cerna - bl. M43, M57, M56, M58, M28 • Str Nerva Traian - Grădinița nr. 81 • Bld Octavian Goga - bl. M60I, M24, M26, M25, M23"
2026-08-01T00:29:56,3,Biblioteca Nationala,1,Oprire ACC,Execuție lucrări de modernizare - firma ELSACO pe Magistrala II Sud,2026-08-02T23:00,• Bld Unirii - 22
2026-08-01T00:29:56,3,19 Foișor,10,Oprire ACC,Execuție lucrări de modernizare - firma ELSACO pe Magistrala II Sud,2026-08-02T23:00,"• Str Brânduşelor - bl. G4, G4A, H1, H16 • Str Banu Udrea - bl. G5, G6, H5, J2, J1, H6"
2026-08-01T00:29:56,3,7 Călăraşi,9,Oprire ACC,Execuție lucrări de modernizare - firma ELSACO pe Magistrala II Sud,2026-08-02T23:00,"• Bld Corneliu Coposu - 105A, 103, 104, 101, 106A, 105A • Str Sfânta Vineri - 105B, 105C, 102"
2026-08-01T00:29:56,3,S6,10,Oprire ACC,Execuție lucrări de modernizare - firma ELSACO pe Magistrala II Sud,2026-08-02T23:00,"• Bld Decebal - bl. S11, S9, S10, S7, S4, H3, S6, S5, S7, S8"
2026-08-01T00:29:56,3,E6,4,Oprire ACC,Execuție lucrări de modernizare - firma ELSACO pe Magistrala II Sud,2026-08-02T23:00,"• Bld Unirii - bl. E4, E4A • Str Traian - bl. E5, E6"
2026-08-01T00:29:56,3,Tribunalul Bucuresti,1,Oprire ACC,Execuție lucrări de modernizare - firma ELSACO pe Magistrala II Sud,2026-08-02T23:00,• Bld Unirii - 37
2026-08-01T00:29:56,3,14 Foișor,11,Oprire ACC,Execuție lucrări de modernizare - firma ELSACO pe Magistrala II Sud,2026-08-02T23:00,"• Cal Vitan - bl. V50B, V50A, V51 • Str Alexandru Moruzzi Voievod - bl. V54B, V54A, V56, V57, V54, V55, V57B"
2026-08-01T00:29:56,3,4 Dudești,2,Oprire ACC,Execuție lucrări de modernizare - firma ELSACO pe Magistrala II Sud,2026-08-02T23:00,"• Str Brăiliţa - bl. D9B, D9A"
2026-08-01T00:29:56,3,Clinica Sfanta Lucia,1,Oprire ACC,Reabilitare conducte DN 1000 - magistrala III SUD,2026-08-01T23:00,• Spl Unirii - 313A
2026-08-01T00:29:56,3,S.M.,1,Oprire ACC,Reabilitare conducte DN 1000 - magistrala III SUD,2026-08-01T23:00,• Spl Unirii - 455B
2026-08-01T00:29:56,3,O.P.,1,Oprire ACC,Reabilitare conducte DN 1000 - magistrala III SUD,2026-08-01T23:00,• Spl Unirii - 443
2026-08-01T00:29:56,3,C.C.,1,Oprire ACC,Reabilitare conducte DN 1000 - magistrala III SUD,2026-08-01T23:00,• Spl Unirii - 453
2026-08-01T00:29:56,3,P. M.,1,Oprire ACC,Reabilitare conducte DN 1000 - magistrala III SUD,2026-08-01T23:00,• Spl Unirii - 443
2026-08-01T00:29:56,3,C.A.,1,Oprire ACC,Reabilitare conducte DN 1000 - magistrala III SUD,2026-08-01T23:00,• Spl Unirii -
2026-08-01T00:29:56,3,H.B-E.,1,Oprire ACC,Reabilitare conducte DN 1000 - magistrala III SUD,2026-08-01T23:00,• Spl Unirii -
2026-08-01T00:29:56,4,2 Oltenitei,12,Deficienta ACC,Functionare deficitara a apei calde de consum din cauza manevrelor de echilibrare hidraulica a retelei termice,2026-08-01T08:00,"• Str Mărţişor - Scoala Gimnaziala Martisor • Şos Olteniţei - bl. 1, 2, 3, 7, 8, 9, G1, G2, G3, G4, G5"
2026-08-01T00:29:56,4,2 Serban Voda,5,Deficienta ACC,Functionare deficitara a apei calde de consum din cauza manevrelor de echilibrare hidraulica a retelei termice,2026-08-01T08:00,"• Str Mitropolitul Dosoftei - Imobil nr.6 • Cal Şerban Vodă - bl. 13, 14, 15, Imobil nr.168"
2026-08-01T00:29:56,4,1 Oltenita Placare,4,Deficienta ACC,Functionare deficitara a apei calde de consum din cauza manevrelor de echilibrare hidraulica a retelei termice,2026-08-01T08:00,"• Şos Olteniţei - bl. 4, 5, 6 • Str Păduroiu - B24 • Bld Constantin Brâncoveanu - U.M.0221"
2026-08-01T00:29:56,4,2 Stoian Militaru,15,Deficienta ACC,Functionare deficitara a apei calde de consum din cauza manevrelor de echilibrare hidraulica a retelei termice,2026-08-01T08:00,"• Str Stoian Militaru - bl. 17, 18 • Str Padeşu - bl. 4, 5, 9, 10, 14, 15 • Str Pictor Ştefan Dimitrescu - bl. 3, 7, 8, 11, 12, 13 • Str Laloşu - bl. 6"
2026-08-01T00:29:56,4,1 Serban Voda,4,Deficienta ACC,Functionare deficitara a apei calde de consum din cauza manevrelor de echilibrare hidraulica a retelei termice,2026-08-01T08:00,"• Str Simion - Imobil nr. 42 • Str G-ral Candiano Popescu - bl. 2 • Cal Şerban Vodă - bl. 1, 2, 2B"
2026-08-01T00:29:56,4,Pieptanari,14,Deficienta ACC,Functionare deficitara a apei calde de consum din cauza manevrelor de echilibrare hidraulica a retelei termice,2026-08-01T08:00,"• Str Constantin Mănescu - bl. 6, 7, 8, Comunitatea Musulmană • Bld Pieptănari - bl. 5 • Str Dârste - Imobil nr.3 • Şos Viilor - bl. 4AB • Str Dumitru P. Botez - bl. Plomba 12 • Cal Şerban Vodă - bl. 2, 3A, 3B, 11 • Str Pandele Roşca - Scoala Gimnaziala Princepesa Margareta • Str Nicolae Galea - bl. 10 • Str Scarlat Otulescu - bl. 9"
2026-08-01T00:29:56,4,Modul Termic - Grădinița nr.243,1,Oprire ACC,"Lucrari POIM - Reabilitarea sistemului de termoficare al Municipului Bucuresti - LOT 4 ,Obiectivele 17,18,19,20.",2026-08-02T23:00,• Str Almaşu Mare -
2026-08-01T00:29:56,4,12 Giurgiu,2,Oprire ACC,"Lucrari POIM - Reabilitarea sistemului de termoficare al Municipului Bucuresti - LOT 4 ,Obiectivele 17,18,19,20.",2026-08-02T23:00,"• Şos Giurgiului - bl. 12, 13"
2026-08-01T00:29:56,4,Curcani,32,Oprire ACC,"Lucrari POIM - Reabilitarea sistemului de termoficare al Municipului Bucuresti - LOT 4 ,Obiectivele 17,18,19,20.",2026-08-02T23:00,"• Str Semenic - bl. 20 • Str Huedin - bl. 1, 2, 3, 6, 7, 11, III/21A • Str Izvorul Oltului - bl. 4, 21, 22, III/25 • Str Lamoteşti - bl. 4, 5, 10, 11A, 11B, 12, 13, 14, 15, 62, III/21B • Bld Constantin Brâncoveanu - bl. 8, 9, 18, 19 • Ale Crevedia - bl. 16, 17 • Str Cetatea Veche - bl. III/4, III/5A, III/5B"
2026-08-01T00:29:56,4,Modul Termic - Spitalul Alexandru Obregia ( Creșa 25 ) / Stationar de zi,1,Oprire ACC,"Lucrari POIM - Reabilitarea sistemului de termoficare al Municipului Bucuresti - LOT 4 ,Obiectivele 17,18,19,20.",2026-08-02T23:00,• Str Argeşelu - Spitalul Alexandru Obregia ( Creșa 25 ) / Stationar de zi
2026-08-01T00:29:56,4,Tudor Gociu,17,Oprire ACC,"Lucrari POIM - Reabilitarea sistemului de termoficare al Municipului Bucuresti - LOT 4 ,Obiectivele 17,18,19,20.",2026-08-02T23:00,"• Str Orăştie - bl. 2A, L4, M2 • Str Anghel Moldoveanu - bl. A1 • Str Perşani - bl. L2 • Str Ilie Oprea - bl. L1, L3 • Str Tudor Gociu - bl. 1, B, C, C1, C2, C3, C4, L2, L4, AGIP"
2026-08-01T00:29:56,4,Urziceni,37,Oprire ACC,"Lucrari POIM - Reabilitarea sistemului de termoficare al Municipului Bucuresti - LOT 4 ,Obiectivele 17,18,19,20.",2026-08-02T23:00,"• Ale Slătioara - bl. 4, 12, 13, 15, 16, C1, C2, C3, C8, C10, C11 • Str Luica - bl. 1, 2, 3, 4, 5, 6, 7, 106 • Str Răzăchiei - bl. 11 • Str Reşiţa - bl. 8, 9, 10, 42, 42A, 43, 44, 45, 46, 47 • Str Urziceni - bl. 14, 17. 41, C9 • Ale Călineşti - bl. C4, C5, C6, C7, C12"
2026-08-01T00:29:56,4,4 Vifornita,20,Oprire ACC,"Lucrari POIM - Reabilitarea sistemului de termoficare al Municipului Bucuresti - LOT 4 ,Obiectivele 17,18,19,20.",2026-08-02T23:00,"• Ale Straja - bl. 69 • Str Straja - bl. 62, 62Bis, 63 • Str Argeşelu - bl. A4, A7 • Drm Găzarului - bl. A1, A2, A3, 133, 136, 138 • Ale Reşiţa A - bl. A6 • Str Reşiţa - bl. A5 • Str Izvorul Rece - bl. A8 • Ale Dolina - bl. 64, 68, 70, 134, 137"
2026-08-01T00:29:56,4,2 Zona V,22,Oprire ACC,"Lucrari POIM - Reabilitarea sistemului de termoficare al Municipului Bucuresti - LOT 4 ,Obiectivele 17,18,19,20.",2026-08-02T23:00,"• Str Huedin - bl. A12 • Ale Ţebea - bl. 101, 102. 103, D10, D11A, D12, D13 • Str Izvorul Trotuşului - bl. D14, D15, D24 • Str Izvorul Rece - bl. S14 A+B • Str Izvorul Mureşului - bl. A11, D9, D22 • Str Izvorul Crişului - bl. A1, A2, A3, D1 • Bld Constantin Brâncoveanu - bl. M1/1, M2/3, M2/4"
2026-08-01T00:29:56,4,"U.M. 01295, U.M. 01376",2,Oprire ACC,"Lucrari POIM - Reabilitarea sistemului de termoficare al Municipului Bucuresti - LOT 4 ,Obiectivele 17,18,19,20.",2026-08-02T23:00,• Şos Vitan Bârzeşti -
2026-08-01T00:29:56,4,Livada Noua,17,Oprire ACC,"Lucrari POIM - Reabilitarea sistemului de termoficare al Municipului Bucuresti - LOT 4 ,Obiectivele 17,18,19,20.",2026-08-02T23:00,"• Str Alunişului - bl. 1 • Şos Giurgiului - bl. 4, 9, 9T, G, N, O • Str Ghimpaţi - bl. 3, 2, 1T, 2T, 3T, 8T • Int Târgu Frumos - bl. 5, 6, 7, 4T"
2026-08-01T00:29:56,4,Modul Termic - Trident,1,Oprire ACC,"Lucrari POIM - Reabilitarea sistemului de termoficare al Municipului Bucuresti - LOT 4 ,Obiectivele 17,18,19,20.",2026-08-02T23:00,• Str Moldoviţa -
2026-08-01T00:29:56,4,Huedin,17,Oprire ACC,"Lucrari POIM - Reabilitarea sistemului de termoficare al Municipului Bucuresti - LOT 4 ,Obiectivele 17,18,19,20.",2026-08-02T23:00,"• Str Straja - bl. 52 • Str Moldoveni - bl. B15, B21 • Str Grădiştea - bl. 48, B5 • Str Reşiţa - bl. 49, 50, 51, Biserica Sf. Daniel • Str Huedin - bl. A26, 34, M1/2 • Ale Huedin - bl. 2, 3, 4, 5 • Str Uioara - bl. 33"
2026-08-01T00:29:56,4,Observator Astronomic,1,Oprire ACC,"Lucrari POIM - Reabilitarea sistemului de termoficare al Municipului Bucuresti - LOT 4 ,Obiectivele 17,18,19,20.",2026-08-02T23:00,• Str Piscului -
2026-08-01T00:29:56,4,Palatul National al Copiilor,1,Oprire ACC,"Lucrari POIM - Reabilitarea sistemului de termoficare al Municipului Bucuresti - LOT 4 ,Obiectivele 17,18,19,20.",2026-08-02T23:00,• Bld Tineretului -
2026-08-01T00:29:56,4,Spinis,26,Oprire ACC,"Lucrari POIM - Reabilitarea sistemului de termoficare al Municipului Bucuresti - LOT 4 ,Obiectivele 17,18,19,20.",2026-08-02T23:00,"• Str Spiniş - bl. 19, 24, 43, 45, 48, 104, 105 • Str Râul Şoimului - bl. 25, 26, 27, 28, 46, 47, 49 • Şos Giurgiului - bl. 4A, 4B • Str Grădiştea - bl. 101 • Drm Găzarului - bl. 18, 21, 22, 50 • Str Tătuleşti - bl. 44, 98, 100A, 100B, 103"
2026-08-01T00:29:56,4,Scoala I Teodoreanu nr.36 - Sala Sport,1,Oprire ACC,"Lucrari POIM - Reabilitarea sistemului de termoficare al Municipului Bucuresti - LOT 4 ,Obiectivele 17,18,19,20.",2026-08-02T23:00,• Str Coştila -
2026-08-01T00:29:56,4,4 Lanariei,10,Oprire ACC,"Lucrari POIM - Reabilitarea sistemului de termoficare al Municipului Bucuresti - LOT 4 ,Obiectivele 17,18,19,20.",2026-08-02T23:00,"• Str Avalanşei - bl. 1, 2, 3 • Bld Gheorghe Şincai - bl. 2, 3, 3TR1, 4, 5, 5A • Str Cuza Vodă - bl. 1A"
2026-08-01T00:29:56,4,Inst. Nat. de Neurologie si Boli Neurovasculare,1,Oprire ACC,"Lucrari POIM - Reabilitarea sistemului de termoficare al Municipului Bucuresti - LOT 4 ,Obiectivele 17,18,19,20.",2026-08-02T23:00,• Şos Berceni -
2026-08-01T00:29:56,4,2 Tineretului,26,Oprire ACC,"Lucrari POIM - Reabilitarea sistemului de termoficare al Municipului Bucuresti - LOT 4 ,Obiectivele 17,18,19,20.",2026-08-02T23:00,"• Bld Tineretului - bl. 18, 19, 37, 38, 39 • Str Albinelor - bl. 32 • Str Piscului - bl. 40, 41, 42, 47 • Str V. V. Stanciu - bl. 31 • Str Trestiana - bl. 17, 20, 23 • Str Vişana - bl. 25, 26, 36, 43, 44, 45 • Str Constantin Rădulescu-Motru - bl. 22-24, 33, 34, 35, 36, 46"
2026-08-01T00:29:56,4,3 Tineretului,18,Oprire ACC,"Lucrari POIM - Reabilitarea sistemului de termoficare al Municipului Bucuresti - LOT 4 ,Obiectivele 17,18,19,20.",2026-08-02T23:00,"• Bld Tineretului - bl. 52 • Bld Pionierilor - bl. 51 • Str Piscului - bl. 49, 50, 77, 78, 79, 80, 81 • Str V. V. Stanciu - bl. 69A • Cal Văcăreşti - bl. 69B, 70B, 83, 84 • Str Cărămidarii de Jos - bl. 48, 75, 76"
2026-08-01T00:29:56,4,Plugarilor,12,Oprire ACC,"Lucrari POIM - Reabilitarea sistemului de termoficare al Municipului Bucuresti - LOT 4 ,Obiectivele 17,18,19,20.",2026-08-02T23:00,"• Bld Abatorului - bl. 95 • Str Plugarilor - bl. 91, 94 • Str V. V. Stanciu - bl. 88, 90 • Cal Văcăreşti - bl. 85A, 85B, 86, 87 • Ale Bran - bl. 89, 92, 93"
2026-08-01T00:29:56,4,1 Vacaresti,15,Oprire ACC,"Lucrari POIM - Reabilitarea sistemului de termoficare al Municipului Bucuresti - LOT 4 ,Obiectivele 17,18,19,20.",2026-08-02T23:00,"• Str Stamate Costache - 3C, 3E • Str Pridvorului - bl. 1A, 4, 5, 6 • Cal Văcăreşti - bl. 1B, 1C, 1D, 1E, 2A, 2B, 2C, 3A, 3B"
2026-08-01T00:29:56,4,Norilor,4,Oprire ACC,"Lucrari POIM - Reabilitarea sistemului de termoficare al Municipului Bucuresti - LOT 4 ,Obiectivele 17,18,19,20.",2026-08-02T23:00,"• Str Maria Tănase - bl. 28, 29 • Bld Gheorghe Şincai - bl. 30, 30A"
2026-08-01T00:29:56,4,B 3 Cauzasi,7,Oprire ACC,"Lucrari POIM - Reabilitarea sistemului de termoficare al Municipului Bucuresti - LOT 4 ,Obiectivele 17,18,19,20.",2026-08-02T23:00,"• Pţa Unirii - bl. B3, B4, B5 ,B6, B7 • Str Radu Vodă - bl. B8 • Bld Dimitrie Cantemir - bl. B2"
2026-08-01T00:29:56,4,6 Vifornita,17,Oprire ACC,"Lucrari POIM - Reabilitarea sistemului de termoficare al Municipului Bucuresti - LOT 4 ,Obiectivele 17,18,19,20.",2026-08-02T23:00,"• Şos Giurgiului - bl. 1, 2A, 2B, • Str Grădiştea - bl. 86, 87 • Str Tătuleşti - bl. 18, 20, 82, 83, 84, 85 • Ale Călineşti - bl. 11, 12, 13, 14, 15, 81"
2026-08-01T00:29:56,4,1 Tineretului,33,Oprire ACC,"Lucrari POIM - Reabilitarea sistemului de termoficare al Municipului Bucuresti - LOT 4 ,Obiectivele 17,18,19,20.",2026-08-02T23:00,"• Ale Tohani - bl. 30, 31; Gradinita nr.224 • Bld Tineretului - bl. A2, A3, A4, A5, A6, Z2, Z3, Z4, Z5, Z6, Z7, 5A • Str Mocăncuţei - Imob.vila • Str Poenari - bl. 12, 13 • Str Trestiana - bl. 8A, 8B, 9, 10, 11, 14, 15, 16, 32 • Str Tohani - bl. 29, 33 • Str Constantin Rădulescu-Motru - bl. 21, 27A, 28, 34 • Str Cuza Vodă - bl. 27B"
2026-08-01T00:29:56,4,4 Tineretului,23,Oprire ACC,"Lucrari POIM - Reabilitarea sistemului de termoficare al Municipului Bucuresti - LOT 4 ,Obiectivele 17,18,19,20.",2026-08-02T23:00,"• Bld Tineretului - bl. 53, 54, 57, 58, 64, 65, 66 • Str Baladei - bl. 55, 56, 59, 60, 61, 61A, 73 • Cal Văcăreşti - bl. 62, 63, 67, 68, 71, 72A, 72B • Str Cărămidarii de Jos - bl. 74A, 74B"
2026-08-01T00:29:56,4,11 Giurgiu,3,Oprire ACC,"Lucrari POIM - Reabilitarea sistemului de termoficare al Municipului Bucuresti - LOT 4 ,Obiectivele 17,18,19,20.",2026-08-02T23:00,"• Şos Giurgiului - bl. 5, 11 • Str Petre Ţuţea - Scoala nr.109"
2026-08-01T00:29:56,4,Luica,29,Oprire ACC,"Lucrari POIM - Reabilitarea sistemului de termoficare al Municipului Bucuresti - LOT 4 ,Obiectivele 17,18,19,20.",2026-08-02T23:00,"• Str Luica - bl. M1, M2, M3, M4, M4Bis, M5, M6, IV/1A • Str Reşiţa - bl. M1, P4 • Str Uioara - bl. IV/1B, IV/1C, IV/1 sc.A; M2 • Str Ucea - bl. P3, P4, P7, P8, P9, P10, P11, P12, IV/2 • Str Coştila - bl. P1, P2, P5, P6, P9"
2026-08-01T00:29:56,4,2 Giurgiu,7,Oprire ACC,"Lucrari POIM - Reabilitarea sistemului de termoficare al Municipului Bucuresti - LOT 4 ,Obiectivele 17,18,19,20.",2026-08-02T23:00,"• Str Tufişului - Scoala nr.188 • Şos Giurgiului - bl. B, C, E, F, K • Str Şoimuş - bl. L"
2026-08-01T00:29:56,4,2 Vacaresti,21,Oprire ACC,"Lucrari POIM - Reabilitarea sistemului de termoficare al Municipului Bucuresti - LOT 4 ,Obiectivele 17,18,19,20.",2026-08-02T23:00,"• Str Stamate Costache - bl. 8A, 8C • Str Pridvorului - bl. 11, 12, 13, 14, 18, 19, 20 • Cal Văcăreşti - bl. 8D, 8E, 9A, 9B, 9C, 10A, 10B, 10C, 10D, 15, 16, 17"
2026-08-01T00:29:56,4,1 Stoian Militaru,6,Oprire ACC,"Lucrari POIM - Reabilitarea sistemului de termoficare al Municipului Bucuresti - LOT 4 ,Obiectivele 17,18,19,20.",2026-08-02T23:00,"• Str Padeşu - bl. 1 • Str Pictor Ştefan Dimitrescu - bl. 2, 19 • Str Şura Mare - bl. 1A, 1B • Str Cornetului - bl. 20"
2026-08-01T00:29:56,4,2 Lanariei,15,Oprire ACC,"Lucrari POIM - Reabilitarea sistemului de termoficare al Municipului Bucuresti - LOT 4 ,Obiectivele 17,18,19,20.",2026-08-02T23:00,"• Str Maria Tănase - bl. 13 • Bld Gheorghe Şincai - bl. 11, 12 • Str Viorele - bl. 15, 17, 18, 20A, 20B, 22, 37, Scoala nr. 97 • Cal Văcăreşti - bl. 23, 24 • Ale Borcea - bl. 14, 16"
2026-08-01T00:29:56,4,3 Oltenita Placare,22,Oprire ACC,"Lucrari POIM - Reabilitarea sistemului de termoficare al Municipului Bucuresti - LOT 4 ,Obiectivele 17,18,19,20.",2026-08-02T23:00,"• Şos Olteniţei - bl. 2A, 2B, 2C, 2D, 3C, 3D, 3E, 4A, 4B, 4C, 4D, 5A, 5B, 5C, 5D, 5E • Str Gheorghe Adamescu - bl. 4E • Str Pometului - Imobil nr.41 • Str Laloşu - bl. 3A, 3B, 2E"
2026-08-01T00:29:56,4,Dealul Cernei,13,Oprire ACC,"Lucrari POIM - Reabilitarea sistemului de termoficare al Municipului Bucuresti - LOT 4 ,Obiectivele 17,18,19,20.",2026-08-02T23:00,"• Str Uioara - bl. 12Bis, 35, 36, 46 • Ale Cetatea Veche - bl. 2Bis, 3Bis, 5, 37, 38, 39, 40, 41, 47"
2026-08-01T00:29:56,4,Sincai,8,Oprire ACC,"Lucrari POIM - Reabilitarea sistemului de termoficare al Municipului Bucuresti - LOT 4 ,Obiectivele 17,18,19,20.",2026-08-02T23:00,"• Str Mocăncuţei - Imobil nr.12 • Bld Gheorghe Şincai - bl. 2, 4 • Str Tineretului - bl 5,Z1 • Str Trestiana - bl. 3 • Str Constantin Rădulescu-Motru - bl. 1, 35 • Str Cuza Vodă - bl. 37A"
2026-08-01T00:29:56,4,3 Zona V,16,Oprire ACC,"Lucrari POIM - Reabilitarea sistemului de termoficare al Municipului Bucuresti - LOT 4 ,Obiectivele 17,18,19,20.",2026-08-02T23:00,"• Str Reşiţa - bl. D17 • Str Huedin - bl. A13, D18, D19, D20 • Str Izvorul Mureşului - bl. 10, A4 • Str Izvorul Crişului - bl. A5, A6, A7, A8, A14, A15, A16, D16, D21"
2026-08-01T00:29:56,4,Uioara,31,Oprire ACC,"Lucrari POIM - Reabilitarea sistemului de termoficare al Municipului Bucuresti - LOT 4 ,Obiectivele 17,18,19,20.",2026-08-02T23:00,"• Str Semenic - bl. 23, 24 • Str Luica - bl. 59, 60, 61, III/6, III/7 • Ale Gorneşti - bl. 55, 56 • Ale Uioara - bl. 4Bis, 42, 43, 44, 45, 48, 49, 50, 51, 52, 53, 54, 58 • Ale Izvorul Oltului - bl. 25, 26, 27, 28, 29, 33, 62Bis • Bld Constantin Brâncoveanu - bl. 30, 34-35"
2026-08-01T00:29:56,4,Almașul Mare,19,Oprire ACC,"Lucrari POIM - Reabilitarea sistemului de termoficare al Municipului Bucuresti - LOT 4 ,Obiectivele 17,18,19,20.",2026-08-02T23:00,"• Str Moldoveni - bl. B19, B20 • Str Almaşu Mic - bl. B6, B7, B8, B10, B11, B12, B17, B18, Gradinita nr.62 • Str Almaşu Mare - bl. B2, B9, B16 • Str Grădiştea - bl. B1, B3, B4, B13, B14"
2026-08-01T00:29:56,4,2 Vifornita,26,Oprire ACC,"Lucrari POIM - Reabilitarea sistemului de termoficare al Municipului Bucuresti - LOT 4 ,Obiectivele 17,18,19,20.",2026-08-02T23:00,"• Str Straja - bl. 30, 31, 32, 40, 65, 66 • Str Spiniş - bl. 52, 53, 54 • Str Moldoveni - bl. 55, 59, 60, 61 • Str Almaşu Mare - bl. 51, 56, 57, 58 • Str Argeşelu - bl. 33, 34, 35, 37, 39, 67 • Drm Găzarului - bl. 29 • Str Reşiţa - bl. 36, 38"
2026-08-01T00:29:56,4,1 Zona IV,14,Oprire ACC,"Lucrari POIM - Reabilitarea sistemului de termoficare al Municipului Bucuresti - LOT 4 ,Obiectivele 17,18,19,20.",2026-08-02T23:00,"• Str Grădiştea - bl. A9, A10 • Ale Reşiţa D - A1, A3, A4, A5, A7, A8 • Str Reşiţa - bl. A2, A6 • Str Uioara - bl. A11, A12, A13, A14"
2026-08-01T00:29:56,4,Sala Polivalenta,1,Oprire ACC,"Lucrari POIM - Reabilitarea sistemului de termoficare al Municipului Bucuresti - LOT 4 ,Obiectivele 17,18,19,20.",2026-08-02T23:00,• Cal Piscului -
2026-08-01T00:29:56,4,1 Zona V,12,Oprire ACC,"Lucrari POIM - Reabilitarea sistemului de termoficare al Municipului Bucuresti - LOT 4 ,Obiectivele 17,18,19,20.",2026-08-02T23:00,"• Str Reşiţa - bl. A18, A19 • Str Izvorul Rece - bl. A10 • Str Izvorul Mureşului - bl. A9 ,D5, D6, D7, D23 • Str Izvorul Crişului - bl. D3, D4 • Str Trotuşului - bl. A17, D8"
2026-08-01T00:29:56,5,Giurgiu Farado,15,Oprire ACC,Reabilitarea sistemului de termoficare al Municipiului Bucuresti - Lucrari POIM -Lot 4- Obiectivele 18 - 19,2026-08-02T23:00,"• Ale Podul Giurgiului - 2, 3, 4, 5, 6, 7, 8, 9, 11, 12,13 • Str Vigoniei - 1, 8, 15 • Şos Giurgiului - 16"
2026-08-01T00:29:56,5,9 Farado,5,Oprire ACC,Reabilitarea sistemului de termoficare al Municipiului Bucuresti - Lucrari POIM -Lot 4- Obiectivele 18 - 19,2026-08-02T23:00,"• Str Podul Giurgiului - 9,14 • Str Vigoniei - 10, 10Turn, 14Turn"
2026-08-01T00:29:56,5,1 Giurgiu,9,Oprire ACC,Reabilitarea sistemului de termoficare al Municipiului Bucuresti - Lucrari POIM -Lot 4- Obiectivele 18 - 19,2026-08-02T23:00,"• Str Verigei - bl. 1, 2, Z 3, Z5 • Şos Giurgiului - bl. A, H1, H2 • Str Ştefan Vodă - imobil Decu Aurel • Str Măgurei - bl. D1"
2026-08-01T00:29:56,5,6 Farado,6,Oprire ACC,Reabilitarea sistemului de termoficare al Municipiului Bucuresti - Lucrari POIM -Lot 4- Obiectivele 18 - 19,2026-08-02T23:00,"• Str Podul Giurgiului - bl. 17, 18, Liceul Energetic • Str Toporaşi - bl. 15 • Şos Giurgiului - bl. 5, 6, 7"
2026-08-01T00:29:56,5,Modul Toporaşi,1,Oprire ACC,Revizie tehnică - CTE Progresu,2026-08-01T23:00,• Str Toporaşi - 1
2026-08-01T07:33:33,1,1 Aviatiei,49,Oprire ACC,"Lucrari de modernizare conducta Dn-600 retea termica primara, magistrala II-III Grozavesti,obiectiv 4,executate de ENERGETICA",2026-08-01T12:00,"• Str Măguricea - bl. 3K, 3F, 8H, 8J, 8G • Str Nicolae G. Caramfil - bl. 1B, 1C, 10B, 10C, 10D • Str Elena Caragiani - bl. 8A-2, 8A-3, 2G, 3B, 8C, 2H, 3J, 3I, 8B • Şos Pipera - bl. 1D, 1E, 2D, 2E, 2F, 3E, 3D, 3C • Str Borşa - bl. 1A, 1B, 2 I, 2J, 8D, 8E, 3H, 3A, 8F, 3B, 10E, 10F, 3G • Str Smaranda Brăescu - bl. 2C, 1H, 1 I, 1G, 2K, 2B, 1F, 10G, 10 H • Str Feleacu - bl. 8I, 8A-1, 10A, 10I, FELEACU 2"
2026-08-01T07:33:33,1,4 Aviatiei,33,Oprire ACC,"Lucrari de modernizare conducta Dn-600 retea termica primara, magistrala II-III Grozavesti,obiectiv 4,executate de ENERGETICA",2026-08-01T12:00,"• Str Măguricea - bl. 13D, 13E, 7P • Str Nicolae G. Caramfil - bl. 11C, 11A, 11B • Str G-ral Ştefan Burileanu - bl. 11I, 12J, 12K, 13M, 13N • Str Cpt. Alexandru Şerbănescu - bl. 7M, 7L, 7N • Str Elena Caragiani - bl. 12D • Str Smaranda Brăescu - bl. 11G, 12I, 12H, 12A, 11H • Str Prometeu - bl. 12G, 12E, 12F, 13F, 13G • Str Feleacu - bl. 13B, 11E, 12B, 12C, 13A, 13C, 11D, 11F"
2026-08-01T07:33:33,1,3 Aviatiei,27,Oprire ACC,"Lucrari de modernizare conducta Dn-600 retea termica primara, magistrala II-III Grozavesti,obiectiv 4,executate de ENERGETICA",2026-08-01T12:00,"• Str Căpâlna - bl. 15M, 14D+14E, 15B, 15J, 15K, 15A, 15L, 16H, 16I • Str Cpt. Alexandru Şerbănescu - bl. 14B, SERBANESCU 12-14, 14C, 16A, 16C • Str Avionului - bl. 16J, 15H, 15D, 15F, 15E • Str Aripilor - bl. 15C , STAR • Str Siriului - bl. 16J, 16F, 16E • Str Prometeu - bl. 14F, 16G, 16D"
2026-08-01T07:33:33,1,2 Aviatiei,32,Oprire ACC,"Lucrari de modernizare conducta Dn-600 retea termica primara, magistrala II-III Grozavesti,obiectiv 4,executate de ENERGETICA",2026-08-01T12:00,"• Str Cpt. Alexandru Şerbănescu - bl. G6, 6A, 7E, 7F, 7, 7I, 7K,7M • Str Avionului - bl. 5C, 5E, 5E PRIM, 6B, 6C, 6D • Str Aviaţiei - bl. 4C, 5D, 5G, 4D, 5F,7D, 5A • Şos Pipera - bl. 4A, 4B, 5B • Str Aripilor - bl. 6E,6F • Str Borşa - bl. 5F, 4F, 4G, 4E, 7G, ARMONIA, 7B, 7A, 7H"
2026-08-01T07:33:33,1,6 Aviatiei,20,Oprire ACC,"Lucrari de modernizare conducta Dn-600 retea termica primara, magistrala II-III Grozavesti,obiectiv 4,executate de ENERGETICA",2026-08-01T12:00,"• Str Nicolae G. Caramfil - bl. 21H, 21B, 21A, 21C, 22 B • Str G-ral Ştefan Burileanu - bl. 20A, 20C, 20B, 21E • Str Cpt. Alexandru Şerbănescu - bl. 20-I, 20J, 22H, 20E, 20D • Str Smaranda Brăescu - bl. 20H, 20F, 21 I, 21G, 22D, 21F"
2026-08-01T07:33:33,1,5 Aviatiei,12,Oprire ACC,"Lucrari de modernizare conducta Dn-600 retea termica primara, magistrala II-III Grozavesti,obiectiv 4,executate de ENERGETICA",2026-08-01T12:00,"• Str Cpt. Alexandru Şerbănescu - bl. 17A, 17B, 18A, 19A, 19B, 19F, 19G • Str Siriului - bl. 17C, 17D, 18B, 19D, 19E"
2026-08-01T07:33:33,2,Barbu Vacarescu,6,Deficienta ACC,Funcționare deficitară a apei calde de consum din cauza manevrelor de echilibrare hidraulică a rețelei termice,2026-08-01T23:00,"• Str Dinu Vintilă - bl.3, 4, 5 • Str Barbu Văcărescu - bl.1,2; 7"
2026-08-01T07:33:33,2,ICB,2,Deficienta ACC,Funcționare deficitară a apei calde de consum din cauza manevrelor de echilibrare hidraulică a rețelei termice,2026-08-01T23:00,• Bld Lacul Tei -
2026-08-01T07:33:33,2,4 Stefan cel Mare,22,Deficienta ACC,Funcționare deficitară a apei calde de consum din cauza manevrelor de echilibrare hidraulică a rețelei termice,2026-08-01T23:00,"• Şos Ştefan cel Mare - bl.38B, 39, 41; 33A, 35A, 36B, 35B, 36A, 41BC, 37, 38, 33B, 35B2 • Str Viitorului - bl.42A, 42B • Str Viesparilor - bl. 33C, 34 • Str Badea Cârţan - bl.37A , 40, 40Bis, imob.Nr.62, 67"
2026-08-01T07:33:33,2,13 Lacul Tei,11,Deficienta ACC,Funcționare deficitară a apei calde de consum din cauza manevrelor de echilibrare hidraulică a rețelei termice,2026-08-01T23:00,"• Str Grigore C. Moisil - bl. 13B, 7B, 7 • Bld Lacul Tei - bl. 14, 15A, 18, 16, 17, 13A, imob. nr.89-91, 77 • Str Opanez - bl.15B"
2026-08-01T07:33:33,2,4 Mosilor,18,Deficienta ACC,Funcționare deficitară a apei calde de consum din cauza manevrelor de echilibrare hidraulică a rețelei termice,2026-08-01T23:00,"• Str Ardeleni - bl. 39A • Cal Moşilor - bl. 47, 47Bis, 49-49A, 51Bis, 53, 55, 45, 45A, 43, 41, 39, 37, 33-35, imob.Nr.257 • Str Făinari - bl.51 sc.C; 51 sc.B • Str Rovine - bl. 51B, 57A. 51 sc.A"
2026-08-01T07:33:33,2,1 Mosilor,22,Deficienta ACC,Funcționare deficitară a apei calde de consum din cauza manevrelor de echilibrare hidraulică a rețelei termice,2026-08-01T23:00,"• Ale Cenuşeresei - bl.50, 52 • Str Traian - bl.30 B, imob.Nr.254 • Cal Moşilor - bl.36, 38, 42, 46, 48, 58, 32, 30A, 31A , 31C • Str Mihai Eminescu - bl.31B ,32 • Str Vaselor - bl.34, imob.Nr.3A • Str Ion Maiorescu - bl.44 ;50 ;40, imob.Nr.37, 7"
2026-08-01T07:33:33,2,Galvani Tei,9,Deficienta ACC,Funcționare deficitară a apei calde de consum din cauza manevrelor de echilibrare hidraulică a rețelei termice,2026-08-01T23:00,"• Str Johannes K. Kepler - bl.K/4/1; 2 • Bld Lacul Tei - bl.7, 8, 5, 6 • Str Păstorului - bl.4, 3, 4Bis"
2026-08-01T07:33:33,2,201 Mihai Bravu,5,Oprire ACC,Execuție lucrări de modernizare - firma SICOR pe Magistrala II Sud,2026-08-02T23:00,"• Şos Mihai Bravu - bl. 205, 203, 204, 200, • Cal Călăraşilor - bl. 201, 202"
2026-08-01T07:33:33,3,IN CITY,1,Oprire ACC,Execuție lucrări de modernizare - firma ELSACO pe Magistrala II Sud,2026-08-02T23:00,• Cal Dudeşti -
2026-08-01T07:33:33,3,16 Foișor,1,Oprire ACC,Execuție lucrări de modernizare - firma ELSACO pe Magistrala II Sud,2026-08-02T23:00,• Cal Vitan - bl. V6
2026-08-01T07:33:33,3,16 Răcari,17,Oprire ACC,Execuție lucrări de modernizare - firma ELSACO pe Magistrala II Sud,2026-08-02T23:00,"• Str Mureşana - bl. 52, 51 A+B • Str Lugojana - bl. 50+50A, 47 • Str Crivăţului - bl. 43A, 51, 44B • Str Răcari - bl. 42 • Ale Slt. Adrian Cârstea - bl. 43, 44, 41, 48, 45, 46, 44A"
2026-08-01T07:33:33,3,3 Labirint,7,Oprire ACC,Execuție lucrări de modernizare - firma ELSACO pe Magistrala II Sud,2026-08-02T23:00,"• Str Matei Basarab - bl. 119bis, L121, L118A, L116A • Str Labirint - bl. L117, L119, L117bis"
2026-08-01T07:33:33,3,21 Foișor,17,Oprire ACC,Execuție lucrări de modernizare - firma ELSACO pe Magistrala II Sud,2026-08-02T23:00,"• Str Vlaicu Vodă - bl. C8, C9 • Str Vlad Dracul - bl. B12, B13 • Str Vasile Cârlova - bl. A7, A7bis • Str Emil Gârleanu - bl. A6, A4 • Str Lt. col. Dumitru Papazoglu - bl. B10, C6 • Str Anastasie Panu - bl. A12, A5, A16, B7 • Str Alexandru Moruzzi Voievod - bl. A11, A13, B6"
2026-08-01T07:33:33,3,15 Foișor,4,Oprire ACC,Execuție lucrări de modernizare - firma ELSACO pe Magistrala II Sud,2026-08-02T23:00,"• Str Zizin - bl. G1 • Str Brânduşelor - bl. G3 • Str Banu Udrea - bl. G7, G8"
2026-08-01T07:33:33,3,12 Foișor,14,Oprire ACC,Execuție lucrări de modernizare - firma ELSACO pe Magistrala II Sud,2026-08-02T23:00,"• Str Vlad Dracul - bl. C12, C14, C13 • Str Foişorului - bl. F13C, F14C, F11C, F12C • Str Anastasie Panu - bl. C15, D3, D1, D2, D6, D4, D5"
2026-08-01T07:33:33,3,I3,6,Oprire ACC,Execuție lucrări de modernizare - firma ELSACO pe Magistrala II Sud,2026-08-02T23:00,"• Str Miletin - Imobil • Pţa Alba Iulia - bl. I1, I2, I3, I4, I5"
2026-08-01T07:33:33,3,2 Unităţii,16,Oprire ACC,Execuție lucrări de modernizare - firma ELSACO pe Magistrala II Sud,2026-08-02T23:00,"• Str Vulcan Judeţul - bl. B1B, B1C, B3A • Str Traian Popovici - bl. B3D, B4, B4D, B4F, B4A • Şos Mihai Bravu - bl. B2A, B2B, B2C, B1, B1A, B1D, B3B, B3C • Str Caloian Judeţul - bl. B4C, Scoala Generala nr. 80"
2026-08-01T07:33:33,3,2 Mărășești,16,Oprire ACC,Execuție lucrări de modernizare - firma ELSACO pe Magistrala II Sud,2026-08-02T23:00,"• Str Vlad Dracul - bl. B1, B2 • Str Nerva Traian - bl. M70, M71, M66, M69, M68, M65 • Str Emil Gârleanu - bl. A8, A9 • Str Logofătul Tăutu - bl. C3, C4, C5 • Str Lt. col. Dumitru Papazoglu - bl. B5 • Str Alexandru Moruzzi Voievod - bl. B1, A10"
2026-08-01T07:33:33,3,J2 Unirii,7,Oprire ACC,Execuție lucrări de modernizare - firma ELSACO pe Magistrala II Sud,2026-08-02T23:00,"• Bld Unirii - bl. J1, J3B, J4, J2, J3A • Pţa Alba Iulia - bl. I6, I7"
2026-08-01T07:33:33,3,M107,25,Oprire ACC,Execuție lucrări de modernizare - firma ELSACO pe Magistrala II Sud,2026-08-02T23:00,"• Str Nerva Traian - bl. K6 • Bld Octavian Goga - bl. M103, M106 • Str Emil Botta - bl. M109, M105, M104, M107, M108 • Bld Unirii - bl. K3, K4, K2, K5 • Str Lucian Blaga - bl. K1"
2026-08-01T07:33:33,3,F6,6,Oprire ACC,Execuție lucrări de modernizare - firma ELSACO pe Magistrala II Sud,2026-08-02T23:00,"• Str Maximilian Popper - bl. F6 • Bld Unirii - bl. F2, F3, F4 • Str Traian - bl. F1 • Str Ion Pillat - bl. F5"
2026-08-01T07:33:33,3,2 Cornul Caprei,3,Oprire ACC,Execuție lucrări de modernizare - firma ELSACO pe Magistrala II Sud,2026-08-02T23:00,"• Str Şcoala Ciocanu - Imobil • Bld Burebista - D13, D14"
2026-08-01T07:33:33,3,1 Labirint,5,Oprire ACC,Execuție lucrări de modernizare - firma ELSACO pe Magistrala II Sud,2026-08-02T23:00,"• Str Matei Basarab - bl. L111A, L109, L108, L109bis, L110"
2026-08-01T07:33:33,3,Mihai Bravu Vest,18,Oprire ACC,Execuție lucrări de modernizare - firma ELSACO pe Magistrala II Sud,2026-08-02T23:00,"• Şos Mihai Bravu - bl. 2, 3, 4, 5, 6, 7, 103, 104, 105 • Bld Decebal - bl. S1, S2, S2A+S2B, S3 • Ale Apostol Mărgărit - bl. 106, 107, 108, D.G.A.S.P.C, Centrul de zi Titan-Cercelus9 cresa nr.35 • Str Cerceluş - bl. 10-11"
2026-08-01T07:33:33,3,11 Foișor,14,Oprire ACC,Execuție lucrări de modernizare - firma ELSACO pe Magistrala II Sud,2026-08-02T23:00,"• Str Zizin - bl. V75C • Str Vlaicu Vodă - bl. V65, V66 • Str Brânduşelor - bl. V70, V75A, V77 • Str Foişorului - bl. F9C, F8C • Str Rarău - bl. V69, V68, V70, V71, F10C, V74"
2026-08-01T07:33:33,3,9 Vitan,11,Oprire ACC,Execuție lucrări de modernizare - firma ELSACO pe Magistrala II Sud,2026-08-02T23:00,"• Str Zizin - bl. 97, V101C, V101B • Str Vlaicu Vodă - bl. V34C, V100 • Cal Vitan - bl. V34A, V35 • Str Nucului - bl. V100, V101,V101A • Str Banu Udrea - bl. V104, V103, V101C, V99, V97, V102, V95"
2026-08-01T07:33:33,3,10 Laborator,26,Oprire ACC,Execuție lucrări de modernizare - firma ELSACO pe Magistrala II Sud,2026-08-02T23:00,"• Ale Şcolarilor - bl. S24, S25, S13, S14, S3A, S4, S23 • Şos Mihai Bravu - bl. S3, SB, SA, SB1, R3 • Str Laborator - bl. S11, S5, S12, S8, S9, S10, S6, S7, S1, S2A, S2 • Bld Camil Ressu - bl. 5, R1, R2"
2026-08-01T07:33:33,3,S14,11,Oprire ACC,Execuție lucrări de modernizare - firma ELSACO pe Magistrala II Sud,2026-08-02T23:00,"• Str Theodor D. Speranţia - bl. S24, S25, S26, S27,S28 • Bld Decebal - bl. S12, S12A, S12B, S13, S14, S15"
2026-08-01T07:33:33,3,1 Vitan,22,Oprire ACC,Execuție lucrări de modernizare - firma ELSACO pe Magistrala II Sud,2026-08-02T23:00,"• Cal Vitan - bl. 2, 3, 9, 10, 7C, 2A, 1, 1A, 1B • Str Lugojana - bl. 12, 11 • Str Dristorului - bl. 6 • Ale Râmnicu Sărat - bl. 2B, 7B,7A,15 • Str Râmnicu Vâlcea - bl. 15, 15B, 15A • Str Baia Mare - bl. 4, 8, 7A1,12A 5, 7, 12B"
2026-08-01T07:33:33,3,E1,6,Oprire ACC,Execuție lucrări de modernizare - firma ELSACO pe Magistrala II Sud,2026-08-02T23:00,"• Str Vintilă Vodă - bl. E1 • Bld Unirii - bl. E2, E3,E3A, E3-3, E3A2"
2026-08-01T07:33:33,3,2 Călăraşi,18,Oprire ACC,Execuție lucrări de modernizare - firma ELSACO pe Magistrala II Sud,2026-08-02T23:00,"• Str Matei Basarab - 72, 86, 73, 74, 85, L122, L120, L118 • Str Theodor D. Speranţia - 78, 83, 84 • Str Agricultori - 80, 81, 82,79, • Cal Călăraşi - 75,76,77"
2026-08-01T07:33:33,3,3 Mărăşeşti,10,Oprire ACC,Execuție lucrări de modernizare - firma ELSACO pe Magistrala II Sud,2026-08-02T23:00,"• Str Ştefan Octavian Iosif - bl. M51, M54 • Str Panait Cerna - bl. M53, M52 • Str Nerva Traian - bl. M37, M36, M39, M55, M38 • Bld Octavian Goga - bl. M42, M61 • Str Alexandru Vlahuţă - bl. M49, M50"
2026-08-01T07:33:33,3,Ministerul de Finante,1,Oprire ACC,Execuție lucrări de modernizare - firma ELSACO pe Magistrala II Sud,2026-08-02T23:00,• Bld Mircea Vodă - 44
2026-08-01T07:33:33,3,5 Mărăşeşti,17,Oprire ACC,Execuție lucrări de modernizare - firma ELSACO pe Magistrala II Sud,2026-08-02T23:00,"• Bld Mircea Vodă - bl. M31, M29, M30 • Ale Dimitrie Anghel - bl. M45 • Str Panait Cerna - bl. M44 • Str Nerva Traian - bl. M34, M35 • Str Alexandru Vlahuţă - bl. M46, M47, M48"
2026-08-01T07:33:33,3,11 Laborator,10,Oprire ACC,Execuție lucrări de modernizare - firma ELSACO pe Magistrala II Sud,2026-08-02T23:00,"• Str Laborator - bl. S18, 39A, 40, 39, 38 • Str Râmnicu Vâlcea - bl. S19, S20, S16, S15, S17"
2026-08-01T07:33:33,3,17 Răcari,15,Oprire ACC,Execuție lucrări de modernizare - firma ELSACO pe Magistrala II Sud,2026-08-02T23:00,"• Ale Miraj - bl. 60, 61, 68 • Ale Florin Ciungan - bl. 64, 66, 65, 67, 69 • Ale Răcari - bl. 75, 74, 71, 71A, 70 • Ale Marius Emanoil Buteică - bl. 72, 63, 62"
2026-08-01T07:33:33,3,BL U114 (UM 02544/B1),1,Oprire ACC,Execuție lucrări de modernizare - firma ELSACO pe Magistrala II Sud,2026-08-02T23:00,• Bld Mircea Vodă - 3-5
2026-08-01T07:33:33,3,C3 Căuzaşi,11,Oprire ACC,Execuție lucrări de modernizare - firma ELSACO pe Magistrala II Sud,2026-08-02T23:00,"• Ale Negru Vodă - C3, C4, C3A • Str Mămulari - C1, C2 • Bld Unirii - A1, A2, A3, A4 • Str Sfânta Vineri - A6, A5"
2026-08-01T07:33:33,3,1 Laborator,31,Oprire ACC,Execuție lucrări de modernizare - firma ELSACO pe Magistrala II Sud,2026-08-02T23:00,"• Str Aniversării - bl. 39A • Şos Mihai Bravu - bl. V10, V18, V7, V11, V12, V9, V15, V16, V8, V13, V17 • Str Laborator - bl. V14 • Str Iancu Brezeanu - bl. V31B • Str Agatha Bârsescu - bl. V26C, V31A, V30B, V26A, V28, V30A, V26B, V29, V25, V27A, V27B • Str Alexander Von Humboldt - bl. V23A • Ale Blăjel - bl. V5, V6 • Str Breaza - bl. V24A, V23B"
2026-08-01T07:33:33,3,3 Unităţii,19,Oprire ACC,Execuție lucrări de modernizare - firma ELSACO pe Magistrala II Sud,2026-08-02T23:00,"• Str Traian Popovici - bl. B7, B11, B10 • Şos Mihai Bravu - bl. B13, B13A, B13D, B13B, B13C • Str Lt. Aurel Botea - bl. B5A, B5, B5D, B5B, B5C, B6, B6A, B6B, B8, B9"
2026-08-01T07:33:33,3,3 Călăraşi,13,Oprire ACC,Execuție lucrări de modernizare - firma ELSACO pe Magistrala II Sud,2026-08-02T23:00,"• Cal Călăraşi - . 44, 38, 39, 45, 46, 56, 57, 55, 53, 53BIS, 42, 54 • Str Orzari - 47"
2026-08-01T07:33:33,3,5 Cornul Caprei,10,Oprire ACC,Execuție lucrări de modernizare - firma ELSACO pe Magistrala II Sud,2026-08-02T23:00,"• Str Lt. Aurel Botea - D24, D22 • Bld Burebista - D15, D16 • Str Caloian Judeţul - D19A, D21A, D20, D19B, D18, D21B"
2026-08-01T07:33:33,3,Colegiul Tehnic Mihai Bravu,1,Oprire ACC,Execuție lucrări de modernizare - firma ELSACO pe Magistrala II Sud,2026-08-02T23:00,• Şos Mihai Bravu - 428
2026-08-01T07:33:33,3,G3,9,Oprire ACC,Execuție lucrări de modernizare - firma ELSACO pe Magistrala II Sud,2026-08-02T23:00,"• Bld Unirii - bl. G2, H1, G3, G2A, G2B, G2C • Str Ion Pillat - bl. G1, G1A • Bld Decebal - bl. H2"
2026-08-01T07:33:33,3,Dristor Insulă,18,Oprire ACC,Execuție lucrări de modernizare - firma ELSACO pe Magistrala II Sud,2026-08-02T23:00,"• Şos Mihai Bravu - 12, 12A, 15, 15A, 18, 18A, 14A+B • Str Dristorului - 15B, 10, 10A, 11, 12B, 16ABC, 17,13, 13C • Bld Camil Ressu - 13A"
2026-08-01T07:33:33,3,13 Foișor,11,Oprire ACC,Execuție lucrări de modernizare - firma ELSACO pe Magistrala II Sud,2026-08-02T23:00,"• Str Vlaicu Vodă - bl. V62, V63, V61 • Str Brânduşelor - bl.V64 • Str Foişorului - bl. F6C, F7C, F5C, F4C • Str Alexandru Moruzzi Voievod - bl. V60, V59, V58"
2026-08-01T07:33:33,3,3 Theodor Speranţia,5,Oprire ACC,Execuție lucrări de modernizare - firma ELSACO pe Magistrala II Sud,2026-08-02T23:00,"• Str Theodor D. Speranţia - bl. S22 • Bld Decebal - bl. S16 • Cal Călăraşi - bl. S18, S20, S21"
2026-08-01T07:33:33,3,2 Vitan,33,Oprire ACC,Execuție lucrări de modernizare - firma ELSACO pe Magistrala II Sud,2026-08-02T23:00,"• Cal Vitan - bl. 42, 30, 41, 31, 21, 20, 51, 52, 22 • Str Mureşana - bl. 43B, 44, 58, 58A, 59 • Str Jieneasca - bl. 46, 47, 34, 33 • Str Căluşari - bl. 43, 43A, 24, 25, 50, 43A • Str Alunului - bl. 57 • Şos Mihai Bravu - bl. 53, 54, 55 • Str Răcari - bl. 38, 39 • Str Alunelului - bl. 45, 40, 32"
2026-08-01T07:33:33,3,1 Călăraşi,8,Oprire ACC,Execuție lucrări de modernizare - firma ELSACO pe Magistrala II Sud,2026-08-02T23:00,"• Cal Călăraşi - Cal. Călăraşi bl. 50, 70, 68, 65, 49, 71, 67, 66,"
2026-08-01T07:33:33,3,4 Theodor Speranţia,32,Oprire ACC,Execuție lucrări de modernizare - firma ELSACO pe Magistrala II Sud,2026-08-02T23:00,"• Str Voroneţ - bl. A15+A15bis, A22, D8, D7, D6, D5A, D4, D5, D2, D3, D1 • Str Meşterul Manole - bl. D17, D10, D9, D11, D15 • Str Negoiu - bl. D18, D16, D14, D12 • Str Ion Păunescu-Paltin - bl. D13 • Str Dristorului - bl. A21, B14, A23, B13, A20, B7, B14, B20 • Int Arenei - bl. B2, B3"
2026-08-01T07:33:33,3,10 Vitan,17,Oprire ACC,Execuție lucrări de modernizare - firma ELSACO pe Magistrala II Sud,2026-08-02T23:00,"• Str Zizin - bl. V80B, V80A, V81C, V40 • Str Vlaicu Vodă - bl. V43, V39, V82, V38, V81, V79, V82B, V81A • Cal Vitan - bl. V40, V42, V17, V82A, V42C,V42A • Str Brânduşelor - bl. V78"
2026-08-01T07:33:33,3,6 Mărășești,19,Oprire ACC,Execuție lucrări de modernizare - firma ELSACO pe Magistrala II Sud,2026-08-02T23:00,"• Bld Mircea Vodă - bl. M11, M14, M20bis, M9,M8, M1, M21, M22, M6, M20 • Str Panait Cerna - bl. M5 • Spl Unirii - bl. M3, M4, M12, M19, M10, M15, M7, M18, M16, M13"
2026-08-01T07:33:33,3,4 Labirint,5,Oprire ACC,Execuție lucrări de modernizare - firma ELSACO pe Magistrala II Sud,2026-08-02T23:00,"• Str Matei Basarab - bl. L112, L112A, L113A, L113 • Str Traian - bl. L112B"
2026-08-01T07:33:33,3,7 Vitan,12,Oprire ACC,Execuție lucrări de modernizare - firma ELSACO pe Magistrala II Sud,2026-08-02T23:00,"• Str Vlad Judeţul - bl. V12, V13, V14A, V11 • Cal Vitan - bl. V14B, V16B, V16A, V15 • Str Agatha Bârsescu - bl. V19 • Str Brăiliţa - bl. V17, V10, V18"
2026-08-01T07:33:33,3,1 Mărăşeşti,20,Oprire ACC,Execuție lucrări de modernizare - firma ELSACO pe Magistrala II Sud,2026-08-02T23:00,"• Str Nerva Traian - bl M64 • Bld Octavian Goga - bl. V53C, M62, M63 • Str Emil Gârleanu - bl. V52C, V53D, A1, F • Str Foişorului - bl. F1C, F2C, F3C, D, E • Str Anastasie Panu - bl. A1, A2, A3"
2026-08-01T07:33:33,3,6 Vitan,8,Oprire ACC,Execuție lucrări de modernizare - firma ELSACO pe Magistrala II Sud,2026-08-02T23:00,"• Cal Vitan - bl. V21A, V21B, V2, V1 • Ale Blăjel - bl. V3, V4 • Str Breaza - bl. V22A, V22B"
2026-08-01T07:33:33,3,1 Anexa,28,Oprire ACC,Execuție lucrări de modernizare - firma ELSACO pe Magistrala II Sud,2026-08-02T23:00,• Int Ţiglina - Scoala Gimnaziala Cezar Bolliac • Str Diligenţei - • Str Mircea Bădescu - • Str Nicolae Tudor - • Str Levănţica - • Str Dristorului - • Str Cerceluş -
2026-08-01T07:33:33,3,18 KLM,9,Oprire ACC,Execuție lucrări de modernizare - firma ELSACO pe Magistrala II Sud,2026-08-02T23:00,"• Str Sold. Spiridon Matei - bl. 9 • Int Înotătorilor - bl. 10 • Str Tomis - bl. 11 • Bld Râmnicu Sărat - bl. 11A, 20M, 20K, 10bis, 20L, 11A1"
2026-08-01T07:33:33,3,5 Călăraşi,5,Oprire ACC,Execuție lucrări de modernizare - firma ELSACO pe Magistrala II Sud,2026-08-02T23:00,"• Str Matei Basarab - 64 • Cal Călăraşi - 59, 60, 61, 58"
2026-08-01T07:33:33,3,4 Mărăşeşti,11,Oprire ACC,Execuție lucrări de modernizare - firma ELSACO pe Magistrala II Sud,2026-08-02T23:00,"• Ale Dimitrie Anghel - bl. M59 • Str Panait Cerna - bl. M43, M57, M56, M58, M28 • Str Nerva Traian - Grădinița nr. 81 • Bld Octavian Goga - bl. M60I, M24, M26, M25, M23"
2026-08-01T07:33:33,3,Biblioteca Nationala,1,Oprire ACC,Execuție lucrări de modernizare - firma ELSACO pe Magistrala II Sud,2026-08-02T23:00,• Bld Unirii - 22
2026-08-01T07:33:33,3,19 Foișor,10,Oprire ACC,Execuție lucrări de modernizare - firma ELSACO pe Magistrala II Sud,2026-08-02T23:00,"• Str Brânduşelor - bl. G4, G4A, H1, H16 • Str Banu Udrea - bl. G5, G6, H5, J2, J1, H6"
2026-08-01T07:33:33,3,7 Călăraşi,9,Oprire ACC,Execuție lucrări de modernizare - firma ELSACO pe Magistrala II Sud,2026-08-02T23:00,"• Bld Corneliu Coposu - 105A, 103, 104, 101, 106A, 105A • Str Sfânta Vineri - 105B, 105C, 102"
2026-08-01T07:33:33,3,S6,10,Oprire ACC,Execuție lucrări de modernizare - firma ELSACO pe Magistrala II Sud,2026-08-02T23:00,"• Bld Decebal - bl. S11, S9, S10, S7, S4, H3, S6, S5, S7, S8"
2026-08-01T07:33:33,3,E6,4,Oprire ACC,Execuție lucrări de modernizare - firma ELSACO pe Magistrala II Sud,2026-08-02T23:00,"• Bld Unirii - bl. E4, E4A • Str Traian - bl. E5, E6"
2026-08-01T07:33:33,3,Tribunalul Bucuresti,1,Oprire ACC,Execuție lucrări de modernizare - firma ELSACO pe Magistrala II Sud,2026-08-02T23:00,• Bld Unirii - 37
2026-08-01T07:33:33,3,14 Foișor,11,Oprire ACC,Execuție lucrări de modernizare - firma ELSACO pe Magistrala II Sud,2026-08-02T23:00,"• Cal Vitan - bl. V50B, V50A, V51 • Str Alexandru Moruzzi Voievod - bl. V54B, V54A, V56, V57, V54, V55, V57B"
2026-08-01T07:33:33,3,4 Dudești,2,Oprire ACC,Execuție lucrări de modernizare - firma ELSACO pe Magistrala II Sud,2026-08-02T23:00,"• Str Brăiliţa - bl. D9B, D9A"
2026-08-01T07:33:33,3,Clinica Sfanta Lucia,1,Oprire ACC,Reabilitare conducte DN 1000 - magistrala III SUD,2026-08-01T23:00,• Spl Unirii - 313A
2026-08-01T07:33:33,3,S.M.,1,Oprire ACC,Reabilitare conducte DN 1000 - magistrala III SUD,2026-08-01T23:00,• Spl Unirii - 455B
2026-08-01T07:33:33,3,O.P.,1,Oprire ACC,Reabilitare conducte DN 1000 - magistrala III SUD,2026-08-01T23:00,• Spl Unirii - 443
2026-08-01T07:33:33,3,C.C.,1,Oprire ACC,Reabilitare conducte DN 1000 - magistrala III SUD,2026-08-01T23:00,• Spl Unirii - 453
2026-08-01T07:33:33,3,P. M.,1,Oprire ACC,Reabilitare conducte DN 1000 - magistrala III SUD,2026-08-01T23:00,• Spl Unirii - 443
2026-08-01T07:33:33,3,C.A.,1,Oprire ACC,Reabilitare conducte DN 1000 - magistrala III SUD,2026-08-01T23:00,• Spl Unirii -
2026-08-01T07:33:33,3,H.B-E.,1,Oprire ACC,Reabilitare conducte DN 1000 - magistrala III SUD,2026-08-01T23:00,• Spl Unirii -
2026-08-01T07:33:33,4,2 Serban Voda,5,Deficienta ACC,Functionare deficitara a apei calde de consum din cauza manevrelor de echilibrare hidraulica a retelei termice,2026-08-01T08:00,"• Str Mitropolitul Dosoftei - Imobil nr.6 • Cal Şerban Vodă - bl. 13, 14, 15, Imobil nr.168"
2026-08-01T07:33:33,4,1 Serban Voda,4,Deficienta ACC,Functionare deficitara a apei calde de consum din cauza manevrelor de echilibrare hidraulica a retelei termice,2026-08-01T08:00,"• Str Simion - Imobil nr. 42 • Str G-ral Candiano Popescu - bl. 2 • Cal Şerban Vodă - bl. 1, 2, 2B"
2026-08-01T07:33:33,4,Pieptanari,14,Deficienta ACC,Functionare deficitara a apei calde de consum din cauza manevrelor de echilibrare hidraulica a retelei termice,2026-08-01T08:00,"• Str Constantin Mănescu - bl. 6, 7, 8, Comunitatea Musulmană • Bld Pieptănari - bl. 5 • Str Dârste - Imobil nr.3 • Şos Viilor - bl. 4AB • Str Dumitru P. Botez - bl. Plomba 12 • Cal Şerban Vodă - bl. 2, 3A, 3B, 11 • Str Pandele Roşca - Scoala Gimnaziala Princepesa Margareta • Str Nicolae Galea - bl. 10 • Str Scarlat Otulescu - bl. 9"
2026-08-01T07:33:33,4,Modul Termic - Grădinița nr.243,1,Oprire ACC,"Lucrari POIM - Reabilitarea sistemului de termoficare al Municipului Bucuresti - LOT 4 ,Obiectivele 17,18,19,20.",2026-08-02T23:00,• Str Almaşu Mare -
2026-08-01T07:33:33,4,12 Giurgiu,2,Oprire ACC,"Lucrari POIM - Reabilitarea sistemului de termoficare al Municipului Bucuresti - LOT 4 ,Obiectivele 17,18,19,20.",2026-08-02T23:00,"• Şos Giurgiului - bl. 12, 13"
2026-08-01T07:33:33,4,Curcani,32,Oprire ACC,"Lucrari POIM - Reabilitarea sistemului de termoficare al Municipului Bucuresti - LOT 4 ,Obiectivele 17,18,19,20.",2026-08-02T23:00,"• Str Semenic - bl. 20 • Str Huedin - bl. 1, 2, 3, 6, 7, 11, III/21A • Str Izvorul Oltului - bl. 4, 21, 22, III/25 • Str Lamoteşti - bl. 4, 5, 10, 11A, 11B, 12, 13, 14, 15, 62, III/21B • Bld Constantin Brâncoveanu - bl. 8, 9, 18, 19 • Ale Crevedia - bl. 16, 17 • Str Cetatea Veche - bl. III/4, III/5A, III/5B"
2026-08-01T07:33:33,4,Modul Termic - Spitalul Alexandru Obregia ( Creșa 25 ) / Stationar de zi,1,Oprire ACC,"Lucrari POIM - Reabilitarea sistemului de termoficare al Municipului Bucuresti - LOT 4 ,Obiectivele 17,18,19,20.",2026-08-02T23:00,• Str Argeşelu - Spitalul Alexandru Obregia ( Creșa 25 ) / Stationar de zi
2026-08-01T07:33:33,4,Tudor Gociu,17,Oprire ACC,"Lucrari POIM - Reabilitarea sistemului de termoficare al Municipului Bucuresti - LOT 4 ,Obiectivele 17,18,19,20.",2026-08-02T23:00,"• Str Orăştie - bl. 2A, L4, M2 • Str Anghel Moldoveanu - bl. A1 • Str Perşani - bl. L2 • Str Ilie Oprea - bl. L1, L3 • Str Tudor Gociu - bl. 1, B, C, C1, C2, C3, C4, L2, L4, AGIP"
2026-08-01T07:33:33,4,Urziceni,37,Oprire ACC,"Lucrari POIM - Reabilitarea sistemului de termoficare al Municipului Bucuresti - LOT 4 ,Obiectivele 17,18,19,20.",2026-08-02T23:00,"• Ale Slătioara - bl. 4, 12, 13, 15, 16, C1, C2, C3, C8, C10, C11 • Str Luica - bl. 1, 2, 3, 4, 5, 6, 7, 106 • Str Răzăchiei - bl. 11 • Str Reşiţa - bl. 8, 9, 10, 42, 42A, 43, 44, 45, 46, 47 • Str Urziceni - bl. 14, 17. 41, C9 • Ale Călineşti - bl. C4, C5, C6, C7, C12"
2026-08-01T07:33:33,4,4 Vifornita,20,Oprire ACC,"Lucrari POIM - Reabilitarea sistemului de termoficare al Municipului Bucuresti - LOT 4 ,Obiectivele 17,18,19,20.",2026-08-02T23:00,"• Ale Straja - bl. 69 • Str Straja - bl. 62, 62Bis, 63 • Str Argeşelu - bl. A4, A7 • Drm Găzarului - bl. A1, A2, A3, 133, 136, 138 • Ale Reşiţa A - bl. A6 • Str Reşiţa - bl. A5 • Str Izvorul Rece - bl. A8 • Ale Dolina - bl. 64, 68, 70, 134, 137"
2026-08-01T07:33:33,4,2 Zona V,22,Oprire ACC,"Lucrari POIM - Reabilitarea sistemului de termoficare al Municipului Bucuresti - LOT 4 ,Obiectivele 17,18,19,20.",2026-08-02T23:00,"• Str Huedin - bl. A12 • Ale Ţebea - bl. 101, 102. 103, D10, D11A, D12, D13 • Str Izvorul Trotuşului - bl. D14, D15, D24 • Str Izvorul Rece - bl. S14 A+B • Str Izvorul Mureşului - bl. A11, D9, D22 • Str Izvorul Crişului - bl. A1, A2, A3, D1 • Bld Constantin Brâncoveanu - bl. M1/1, M2/3, M2/4"
2026-08-01T07:33:33,4,"U.M. 01295, U.M. 01376",2,Oprire ACC,"Lucrari POIM - Reabilitarea sistemului de termoficare al Municipului Bucuresti - LOT 4 ,Obiectivele 17,18,19,20.",2026-08-02T23:00,• Şos Vitan Bârzeşti -
2026-08-01T07:33:33,4,Livada Noua,17,Oprire ACC,"Lucrari POIM - Reabilitarea sistemului de termoficare al Municipului Bucuresti - LOT 4 ,Obiectivele 17,18,19,20.",2026-08-02T23:00,"• Str Alunişului - bl. 1 • Şos Giurgiului - bl. 4, 9, 9T, G, N, O • Str Ghimpaţi - bl. 3, 2, 1T, 2T, 3T, 8T • Int Târgu Frumos - bl. 5, 6, 7, 4T"
2026-08-01T07:33:33,4,Modul Termic - Trident,1,Oprire ACC,"Lucrari POIM - Reabilitarea sistemului de termoficare al Municipului Bucuresti - LOT 4 ,Obiectivele 17,18,19,20.",2026-08-02T23:00,• Str Moldoviţa -
2026-08-01T07:33:33,4,Huedin,17,Oprire ACC,"Lucrari POIM - Reabilitarea sistemului de termoficare al Municipului Bucuresti - LOT 4 ,Obiectivele 17,18,19,20.",2026-08-02T23:00,"• Str Straja - bl. 52 • Str Moldoveni - bl. B15, B21 • Str Grădiştea - bl. 48, B5 • Str Reşiţa - bl. 49, 50, 51, Biserica Sf. Daniel • Str Huedin - bl. A26, 34, M1/2 • Ale Huedin - bl. 2, 3, 4, 5 • Str Uioara - bl. 33"
2026-08-01T07:33:33,4,Observator Astronomic,1,Oprire ACC,"Lucrari POIM - Reabilitarea sistemului de termoficare al Municipului Bucuresti - LOT 4 ,Obiectivele 17,18,19,20.",2026-08-02T23:00,• Str Piscului -
2026-08-01T07:33:33,4,Palatul National al Copiilor,1,Oprire ACC,"Lucrari POIM - Reabilitarea sistemului de termoficare al Municipului Bucuresti - LOT 4 ,Obiectivele 17,18,19,20.",2026-08-02T23:00,• Bld Tineretului -
2026-08-01T07:33:33,4,Spinis,26,Oprire ACC,"Lucrari POIM - Reabilitarea sistemului de termoficare al Municipului Bucuresti - LOT 4 ,Obiectivele 17,18,19,20.",2026-08-02T23:00,"• Str Spiniş - bl. 19, 24, 43, 45, 48, 104, 105 • Str Râul Şoimului - bl. 25, 26, 27, 28, 46, 47, 49 • Şos Giurgiului - bl. 4A, 4B • Str Grădiştea - bl. 101 • Drm Găzarului - bl. 18, 21, 22, 50 • Str Tătuleşti - bl. 44, 98, 100A, 100B, 103"
2026-08-01T07:33:33,4,Scoala I Teodoreanu nr.36 - Sala Sport,1,Oprire ACC,"Lucrari POIM - Reabilitarea sistemului de termoficare al Municipului Bucuresti - LOT 4 ,Obiectivele 17,18,19,20.",2026-08-02T23:00,• Str Coştila -
2026-08-01T07:33:33,4,4 Lanariei,10,Oprire ACC,"Lucrari POIM - Reabilitarea sistemului de termoficare al Municipului Bucuresti - LOT 4 ,Obiectivele 17,18,19,20.",2026-08-02T23:00,"• Str Avalanşei - bl. 1, 2, 3 • Bld Gheorghe Şincai - bl. 2, 3, 3TR1, 4, 5, 5A • Str Cuza Vodă - bl. 1A"
2026-08-01T07:33:33,4,Inst. Nat. de Neurologie si Boli Neurovasculare,1,Oprire ACC,"Lucrari POIM - Reabilitarea sistemului de termoficare al Municipului Bucuresti - LOT 4 ,Obiectivele 17,18,19,20.",2026-08-02T23:00,• Şos Berceni -
2026-08-01T07:33:33,4,2 Tineretului,26,Oprire ACC,"Lucrari POIM - Reabilitarea sistemului de termoficare al Municipului Bucuresti - LOT 4 ,Obiectivele 17,18,19,20.",2026-08-02T23:00,"• Bld Tineretului - bl. 18, 19, 37, 38, 39 • Str Albinelor - bl. 32 • Str Piscului - bl. 40, 41, 42, 47 • Str V. V. Stanciu - bl. 31 • Str Trestiana - bl. 17, 20, 23 • Str Vişana - bl. 25, 26, 36, 43, 44, 45 • Str Constantin Rădulescu-Motru - bl. 22-24, 33, 34, 35, 36, 46"
2026-08-01T07:33:33,4,3 Tineretului,18,Oprire ACC,"Lucrari POIM - Reabilitarea sistemului de termoficare al Municipului Bucuresti - LOT 4 ,Obiectivele 17,18,19,20.",2026-08-02T23:00,"• Bld Tineretului - bl. 52 • Bld Pionierilor - bl. 51 • Str Piscului - bl. 49, 50, 77, 78, 79, 80, 81 • Str V. V. Stanciu - bl. 69A • Cal Văcăreşti - bl. 69B, 70B, 83, 84 • Str Cărămidarii de Jos - bl. 48, 75, 76"
2026-08-01T07:33:33,4,Plugarilor,12,Oprire ACC,"Lucrari POIM - Reabilitarea sistemului de termoficare al Municipului Bucuresti - LOT 4 ,Obiectivele 17,18,19,20.",2026-08-02T23:00,"• Bld Abatorului - bl. 95 • Str Plugarilor - bl. 91, 94 • Str V. V. Stanciu - bl. 88, 90 • Cal Văcăreşti - bl. 85A, 85B, 86, 87 • Ale Bran - bl. 89, 92, 93"
2026-08-01T07:33:33,4,1 Vacaresti,15,Oprire ACC,"Lucrari POIM - Reabilitarea sistemului de termoficare al Municipului Bucuresti - LOT 4 ,Obiectivele 17,18,19,20.",2026-08-02T23:00,"• Str Stamate Costache - 3C, 3E • Str Pridvorului - bl. 1A, 4, 5, 6 • Cal Văcăreşti - bl. 1B, 1C, 1D, 1E, 2A, 2B, 2C, 3A, 3B"
2026-08-01T07:33:33,4,Norilor,4,Oprire ACC,"Lucrari POIM - Reabilitarea sistemului de termoficare al Municipului Bucuresti - LOT 4 ,Obiectivele 17,18,19,20.",2026-08-02T23:00,"• Str Maria Tănase - bl. 28, 29 • Bld Gheorghe Şincai - bl. 30, 30A"
2026-08-01T07:33:33,4,B 3 Cauzasi,7,Oprire ACC,"Lucrari POIM - Reabilitarea sistemului de termoficare al Municipului Bucuresti - LOT 4 ,Obiectivele 17,18,19,20.",2026-08-02T23:00,"• Pţa Unirii - bl. B3, B4, B5 ,B6, B7 • Str Radu Vodă - bl. B8 • Bld Dimitrie Cantemir - bl. B2"
2026-08-01T07:33:33,4,6 Vifornita,17,Oprire ACC,"Lucrari POIM - Reabilitarea sistemului de termoficare al Municipului Bucuresti - LOT 4 ,Obiectivele 17,18,19,20.",2026-08-02T23:00,"• Şos Giurgiului - bl. 1, 2A, 2B, • Str Grădiştea - bl. 86, 87 • Str Tătuleşti - bl. 18, 20, 82, 83, 84, 85 • Ale Călineşti - bl. 11, 12, 13, 14, 15, 81"
2026-08-01T07:33:33,4,1 Tineretului,33,Oprire ACC,"Lucrari POIM - Reabilitarea sistemului de termoficare al Municipului Bucuresti - LOT 4 ,Obiectivele 17,18,19,20.",2026-08-02T23:00,"• Ale Tohani - bl. 30, 31; Gradinita nr.224 • Bld Tineretului - bl. A2, A3, A4, A5, A6, Z2, Z3, Z4, Z5, Z6, Z7, 5A • Str Mocăncuţei - Imob.vila • Str Poenari - bl. 12, 13 • Str Trestiana - bl. 8A, 8B, 9, 10, 11, 14, 15, 16, 32 • Str Tohani - bl. 29, 33 • Str Constantin Rădulescu-Motru - bl. 21, 27A, 28, 34 • Str Cuza Vodă - bl. 27B"
2026-08-01T07:33:33,4,4 Tineretului,23,Oprire ACC,"Lucrari POIM - Reabilitarea sistemului de termoficare al Municipului Bucuresti - LOT 4 ,Obiectivele 17,18,19,20.",2026-08-02T23:00,"• Bld Tineretului - bl. 53, 54, 57, 58, 64, 65, 66 • Str Baladei - bl. 55, 56, 59, 60, 61, 61A, 73 • Cal Văcăreşti - bl. 62, 63, 67, 68, 71, 72A, 72B • Str Cărămidarii de Jos - bl. 74A, 74B"
2026-08-01T07:33:33,4,11 Giurgiu,3,Oprire ACC,"Lucrari POIM - Reabilitarea sistemului de termoficare al Municipului Bucuresti - LOT 4 ,Obiectivele 17,18,19,20.",2026-08-02T23:00,"• Şos Giurgiului - bl. 5, 11 • Str Petre Ţuţea - Scoala nr.109"
2026-08-01T07:33:33,4,Luica,29,Oprire ACC,"Lucrari POIM - Reabilitarea sistemului de termoficare al Municipului Bucuresti - LOT 4 ,Obiectivele 17,18,19,20.",2026-08-02T23:00,"• Str Luica - bl. M1, M2, M3, M4, M4Bis, M5, M6, IV/1A • Str Reşiţa - bl. M1, P4 • Str Uioara - bl. IV/1B, IV/1C, IV/1 sc.A; M2 • Str Ucea - bl. P3, P4, P7, P8, P9, P10, P11, P12, IV/2 • Str Coştila - bl. P1, P2, P5, P6, P9"
2026-08-01T07:33:33,4,2 Giurgiu,7,Oprire ACC,"Lucrari POIM - Reabilitarea sistemului de termoficare al Municipului Bucuresti - LOT 4 ,Obiectivele 17,18,19,20.",2026-08-02T23:00,"• Str Tufişului - Scoala nr.188 • Şos Giurgiului - bl. B, C, E, F, K • Str Şoimuş - bl. L"
2026-08-01T07:33:33,4,2 Vacaresti,21,Oprire ACC,"Lucrari POIM - Reabilitarea sistemului de termoficare al Municipului Bucuresti - LOT 4 ,Obiectivele 17,18,19,20.",2026-08-02T23:00,"• Str Stamate Costache - bl. 8A, 8C • Str Pridvorului - bl. 11, 12, 13, 14, 18, 19, 20 • Cal Văcăreşti - bl. 8D, 8E, 9A, 9B, 9C, 10A, 10B, 10C, 10D, 15, 16, 17"
2026-08-01T07:33:33,4,1 Stoian Militaru,6,Oprire ACC,"Lucrari POIM - Reabilitarea sistemului de termoficare al Municipului Bucuresti - LOT 4 ,Obiectivele 17,18,19,20.",2026-08-02T23:00,"• Str Padeşu - bl. 1 • Str Pictor Ştefan Dimitrescu - bl. 2, 19 • Str Şura Mare - bl. 1A, 1B • Str Cornetului - bl. 20"
2026-08-01T07:33:33,4,2 Lanariei,15,Oprire ACC,"Lucrari POIM - Reabilitarea sistemului de termoficare al Municipului Bucuresti - LOT 4 ,Obiectivele 17,18,19,20.",2026-08-02T23:00,"• Str Maria Tănase - bl. 13 • Bld Gheorghe Şincai - bl. 11, 12 • Str Viorele - bl. 15, 17, 18, 20A, 20B, 22, 37, Scoala nr. 97 • Cal Văcăreşti - bl. 23, 24 • Ale Borcea - bl. 14, 16"
2026-08-01T07:33:33,4,3 Oltenita Placare,22,Oprire ACC,"Lucrari POIM - Reabilitarea sistemului de termoficare al Municipului Bucuresti - LOT 4 ,Obiectivele 17,18,19,20.",2026-08-02T23:00,"• Şos Olteniţei - bl. 2A, 2B, 2C, 2D, 3C, 3D, 3E, 4A, 4B, 4C, 4D, 5A, 5B, 5C, 5D, 5E • Str Gheorghe Adamescu - bl. 4E • Str Pometului - Imobil nr.41 • Str Laloşu - bl. 3A, 3B, 2E"
2026-08-01T07:33:33,4,Dealul Cernei,13,Oprire ACC,"Lucrari POIM - Reabilitarea sistemului de termoficare al Municipului Bucuresti - LOT 4 ,Obiectivele 17,18,19,20.",2026-08-02T23:00,"• Str Uioara - bl. 12Bis, 35, 36, 46 • Ale Cetatea Veche - bl. 2Bis, 3Bis, 5, 37, 38, 39, 40, 41, 47"
2026-08-01T07:33:33,4,Sincai,8,Oprire ACC,"Lucrari POIM - Reabilitarea sistemului de termoficare al Municipului Bucuresti - LOT 4 ,Obiectivele 17,18,19,20.",2026-08-02T23:00,"• Str Mocăncuţei - Imobil nr.12 • Bld Gheorghe Şincai - bl. 2, 4 • Str Tineretului - bl 5,Z1 • Str Trestiana - bl. 3 • Str Constantin Rădulescu-Motru - bl. 1, 35 • Str Cuza Vodă - bl. 37A"
2026-08-01T07:33:33,4,3 Zona V,16,Oprire ACC,"Lucrari POIM - Reabilitarea sistemului de termoficare al Municipului Bucuresti - LOT 4 ,Obiectivele 17,18,19,20.",2026-08-02T23:00,"• Str Reşiţa - bl. D17 • Str Huedin - bl. A13, D18, D19, D20 • Str Izvorul Mureşului - bl. 10, A4 • Str Izvorul Crişului - bl. A5, A6, A7, A8, A14, A15, A16, D16, D21"
2026-08-01T07:33:33,4,Uioara,31,Oprire ACC,"Lucrari POIM - Reabilitarea sistemului de termoficare al Municipului Bucuresti - LOT 4 ,Obiectivele 17,18,19,20.",2026-08-02T23:00,"• Str Semenic - bl. 23, 24 • Str Luica - bl. 59, 60, 61, III/6, III/7 • Ale Gorneşti - bl. 55, 56 • Ale Uioara - bl. 4Bis, 42, 43, 44, 45, 48, 49, 50, 51, 52, 53, 54, 58 • Ale Izvorul Oltului - bl. 25, 26, 27, 28, 29, 33, 62Bis • Bld Constantin Brâncoveanu - bl. 30, 34-35"
2026-08-01T07:33:33,4,Almașul Mare,19,Oprire ACC,"Lucrari POIM - Reabilitarea sistemului de termoficare al Municipului Bucuresti - LOT 4 ,Obiectivele 17,18,19,20.",2026-08-02T23:00,"• Str Moldoveni - bl. B19, B20 • Str Almaşu Mic - bl. B6, B7, B8, B10, B11, B12, B17, B18, Gradinita nr.62 • Str Almaşu Mare - bl. B2, B9, B16 • Str Grădiştea - bl. B1, B3, B4, B13, B14"
2026-08-01T07:33:33,4,2 Vifornita,26,Oprire ACC,"Lucrari POIM - Reabilitarea sistemului de termoficare al Municipului Bucuresti - LOT 4 ,Obiectivele 17,18,19,20.",2026-08-02T23:00,"• Str Straja - bl. 30, 31, 32, 40, 65, 66 • Str Spiniş - bl. 52, 53, 54 • Str Moldoveni - bl. 55, 59, 60, 61 • Str Almaşu Mare - bl. 51, 56, 57, 58 • Str Argeşelu - bl. 33, 34, 35, 37, 39, 67 • Drm Găzarului - bl. 29 • Str Reşiţa - bl. 36, 38"
2026-08-01T07:33:33,4,1 Zona IV,14,Oprire ACC,"Lucrari POIM - Reabilitarea sistemului de termoficare al Municipului Bucuresti - LOT 4 ,Obiectivele 17,18,19,20.",2026-08-02T23:00,"• Str Grădiştea - bl. A9, A10 • Ale Reşiţa D - A1, A3, A4, A5, A7, A8 • Str Reşiţa - bl. A2, A6 • Str Uioara - bl. A11, A12, A13, A14"
2026-08-01T07:33:33,4,Sala Polivalenta,1,Oprire ACC,"Lucrari POIM - Reabilitarea sistemului de termoficare al Municipului Bucuresti - LOT 4 ,Obiectivele 17,18,19,20.",2026-08-02T23:00,• Cal Piscului -
2026-08-01T07:33:33,4,1 Zona V,12,Oprire ACC,"Lucrari POIM - Reabilitarea sistemului de termoficare al Municipului Bucuresti - LOT 4 ,Obiectivele 17,18,19,20.",2026-08-02T23:00,"• Str Reşiţa - bl. A18, A19 • Str Izvorul Rece - bl. A10 • Str Izvorul Mureşului - bl. A9 ,D5, D6, D7, D23 • Str Izvorul Crişului - bl. D3, D4 • Str Trotuşului - bl. A17, D8"
2026-08-01T07:33:33,5,Giurgiu Farado,15,Oprire ACC,Reabilitarea sistemului de termoficare al Municipiului Bucuresti - Lucrari POIM -Lot 4- Obiectivele 18 - 19,2026-08-02T23:00,"• Ale Podul Giurgiului - 2, 3, 4, 5, 6, 7, 8, 9, 11, 12,13 • Str Vigoniei - 1, 8, 15 • Şos Giurgiului - 16"
2026-08-01T07:33:33,5,9 Farado,5,Oprire ACC,Reabilitarea sistemului de termoficare al Municipiului Bucuresti - Lucrari POIM -Lot 4- Obiectivele 18 - 19,2026-08-02T23:00,"• Str Podul Giurgiului - 9,14 • Str Vigoniei - 10, 10Turn, 14Turn"
2026-08-01T07:33:33,5,1 Giurgiu,9,Oprire ACC,Reabilitarea sistemului de termoficare al Municipiului Bucuresti - Lucrari POIM -Lot 4- Obiectivele 18 - 19,2026-08-02T23:00,"• Str Verigei - bl. 1, 2, Z 3, Z5 • Şos Giurgiului - bl. A, H1, H2 • Str Ştefan Vodă - imobil Decu Aurel • Str Măgurei - bl. D1"
2026-08-01T07:33:33,5,6 Farado,6,Oprire ACC,Reabilitarea sistemului de termoficare al Municipiului Bucuresti - Lucrari POIM -Lot 4- Obiectivele 18 - 19,2026-08-02T23:00,"• Str Podul Giurgiului - bl. 17, 18, Liceul Energetic • Str Toporaşi - bl. 15 • Şos Giurgiului - bl. 5, 6, 7"
2026-08-01T07:33:33,5,Modul Toporaşi,1,Oprire ACC,Revizie tehnică - CTE Progresu,2026-08-01T23:00,• Str Toporaşi - 1
2026-08-01T10:12:31,1,1 Aviatiei,49,Oprire ACC,"Lucrari de modernizare conducta Dn-600 retea termica primara, magistrala II-III Grozavesti,obiectiv 4,executate de ENERGETICA",2026-08-01T12:00,"• Str Măguricea - bl. 3K, 3F, 8H, 8J, 8G • Str Nicolae G. Caramfil - bl. 1B, 1C, 10B, 10C, 10D • Str Elena Caragiani - bl. 8A-2, 8A-3, 2G, 3B, 8C, 2H, 3J, 3I, 8B • Şos Pipera - bl. 1D, 1E, 2D, 2E, 2F, 3E, 3D, 3C • Str Borşa - bl. 1A, 1B, 2 I, 2J, 8D, 8E, 3H, 3A, 8F, 3B, 10E, 10F, 3G • Str Smaranda Brăescu - bl. 2C, 1H, 1 I, 1G, 2K, 2B, 1F, 10G, 10 H • Str Feleacu - bl. 8I, 8A-1, 10A, 10I, FELEACU 2"
2026-08-01T10:12:31,1,4 Aviatiei,33,Oprire ACC,"Lucrari de modernizare conducta Dn-600 retea termica primara, magistrala II-III Grozavesti,obiectiv 4,executate de ENERGETICA",2026-08-01T12:00,"• Str Măguricea - bl. 13D, 13E, 7P • Str Nicolae G. Caramfil - bl. 11C, 11A, 11B • Str G-ral Ştefan Burileanu - bl. 11I, 12J, 12K, 13M, 13N • Str Cpt. Alexandru Şerbănescu - bl. 7M, 7L, 7N • Str Elena Caragiani - bl. 12D • Str Smaranda Brăescu - bl. 11G, 12I, 12H, 12A, 11H • Str Prometeu - bl. 12G, 12E, 12F, 13F, 13G • Str Feleacu - bl. 13B, 11E, 12B, 12C, 13A, 13C, 11D, 11F"
2026-08-01T10:12:31,1,3 Aviatiei,27,Oprire ACC,"Lucrari de modernizare conducta Dn-600 retea termica primara, magistrala II-III Grozavesti,obiectiv 4,executate de ENERGETICA",2026-08-01T12:00,"• Str Căpâlna - bl. 15M, 14D+14E, 15B, 15J, 15K, 15A, 15L, 16H, 16I • Str Cpt. Alexandru Şerbănescu - bl. 14B, SERBANESCU 12-14, 14C, 16A, 16C • Str Avionului - bl. 16J, 15H, 15D, 15F, 15E • Str Aripilor - bl. 15C , STAR • Str Siriului - bl. 16J, 16F, 16E • Str Prometeu - bl. 14F, 16G, 16D"
2026-08-01T10:12:31,1,2 Aviatiei,32,Oprire ACC,"Lucrari de modernizare conducta Dn-600 retea termica primara, magistrala II-III Grozavesti,obiectiv 4,executate de ENERGETICA",2026-08-01T12:00,"• Str Cpt. Alexandru Şerbănescu - bl. G6, 6A, 7E, 7F, 7, 7I, 7K,7M • Str Avionului - bl. 5C, 5E, 5E PRIM, 6B, 6C, 6D • Str Aviaţiei - bl. 4C, 5D, 5G, 4D, 5F,7D, 5A • Şos Pipera - bl. 4A, 4B, 5B • Str Aripilor - bl. 6E,6F • Str Borşa - bl. 5F, 4F, 4G, 4E, 7G, ARMONIA, 7B, 7A, 7H"
2026-08-01T10:12:31,1,6 Aviatiei,20,Oprire ACC,"Lucrari de modernizare conducta Dn-600 retea termica primara, magistrala II-III Grozavesti,obiectiv 4,executate de ENERGETICA",2026-08-01T12:00,"• Str Nicolae G. Caramfil - bl. 21H, 21B, 21A, 21C, 22 B • Str G-ral Ştefan Burileanu - bl. 20A, 20C, 20B, 21E • Str Cpt. Alexandru Şerbănescu - bl. 20-I, 20J, 22H, 20E, 20D • Str Smaranda Brăescu - bl. 20H, 20F, 21 I, 21G, 22D, 21F"
2026-08-01T10:12:31,1,5 Aviatiei,12,Oprire ACC,"Lucrari de modernizare conducta Dn-600 retea termica primara, magistrala II-III Grozavesti,obiectiv 4,executate de ENERGETICA",2026-08-01T12:00,"• Str Cpt. Alexandru Şerbănescu - bl. 17A, 17B, 18A, 19A, 19B, 19F, 19G • Str Siriului - bl. 17C, 17D, 18B, 19D, 19E"
2026-08-01T10:12:31,2,Barbu Vacarescu,6,Deficienta ACC,Funcționare deficitară a apei calde de consum din cauza manevrelor de echilibrare hidraulică a rețelei termice,2026-08-01T23:00,"• Str Dinu Vintilă - bl.3, 4, 5 • Str Barbu Văcărescu - bl.1,2; 7"
2026-08-01T10:12:31,2,1 Mosilor,22,Deficienta ACC,Funcționare deficitară a apei calde de consum din cauza manevrelor de echilibrare hidraulică a rețelei termice,2026-08-01T23:00,"• Ale Cenuşeresei - bl.50, 52 • Str Traian - bl.30 B, imob.Nr.254 • Cal Moşilor - bl.36, 38, 42, 46, 48, 58, 32, 30A, 31A , 31C • Str Mihai Eminescu - bl.31B ,32 • Str Vaselor - bl.34, imob.Nr.3A • Str Ion Maiorescu - bl.44 ;50 ;40, imob.Nr.37, 7"
2026-08-01T10:12:31,2,Galvani Tei,9,Deficienta ACC,Funcționare deficitară a apei calde de consum din cauza manevrelor de echilibrare hidraulică a rețelei termice,2026-08-01T23:00,"• Str Johannes K. Kepler - bl.K/4/1; 2 • Bld Lacul Tei - bl.7, 8, 5, 6 • Str Păstorului - bl.4, 3, 4Bis"
2026-08-01T10:12:31,2,201 Mihai Bravu,5,Oprire ACC,Execuție lucrări de modernizare - firma SICOR pe Magistrala II Sud,2026-08-02T23:00,"• Şos Mihai Bravu - bl. 205, 203, 204, 200, • Cal Călăraşilor - bl. 201, 202"
2026-08-01T10:12:31,3,IN CITY,1,Oprire ACC,Execuție lucrări de modernizare - firma ELSACO pe Magistrala II Sud,2026-08-02T23:00,• Cal Dudeşti -
2026-08-01T10:12:31,3,16 Foișor,1,Oprire ACC,Execuție lucrări de modernizare - firma ELSACO pe Magistrala II Sud,2026-08-02T23:00,• Cal Vitan - bl. V6
2026-08-01T10:12:31,3,16 Răcari,17,Oprire ACC,Execuție lucrări de modernizare - firma ELSACO pe Magistrala II Sud,2026-08-02T23:00,"• Str Mureşana - bl. 52, 51 A+B • Str Lugojana - bl. 50+50A, 47 • Str Crivăţului - bl. 43A, 51, 44B • Str Răcari - bl. 42 • Ale Slt. Adrian Cârstea - bl. 43, 44, 41, 48, 45, 46, 44A"
2026-08-01T10:12:31,3,3 Labirint,7,Oprire ACC,Execuție lucrări de modernizare - firma ELSACO pe Magistrala II Sud,2026-08-02T23:00,"• Str Matei Basarab - bl. 119bis, L121, L118A, L116A • Str Labirint - bl. L117, L119, L117bis"
2026-08-01T10:12:31,3,21 Foișor,17,Oprire ACC,Execuție lucrări de modernizare - firma ELSACO pe Magistrala II Sud,2026-08-02T23:00,"• Str Vlaicu Vodă - bl. C8, C9 • Str Vlad Dracul - bl. B12, B13 • Str Vasile Cârlova - bl. A7, A7bis • Str Emil Gârleanu - bl. A6, A4 • Str Lt. col. Dumitru Papazoglu - bl. B10, C6 • Str Anastasie Panu - bl. A12, A5, A16, B7 • Str Alexandru Moruzzi Voievod - bl. A11, A13, B6"
2026-08-01T10:12:31,3,15 Foișor,4,Oprire ACC,Execuție lucrări de modernizare - firma ELSACO pe Magistrala II Sud,2026-08-02T23:00,"• Str Zizin - bl. G1 • Str Brânduşelor - bl. G3 • Str Banu Udrea - bl. G7, G8"
2026-08-01T10:12:31,3,12 Foișor,14,Oprire ACC,Execuție lucrări de modernizare - firma ELSACO pe Magistrala II Sud,2026-08-02T23:00,"• Str Vlad Dracul - bl. C12, C14, C13 • Str Foişorului - bl. F13C, F14C, F11C, F12C • Str Anastasie Panu - bl. C15, D3, D1, D2, D6, D4, D5"
2026-08-01T10:12:31,3,I3,6,Oprire ACC,Execuție lucrări de modernizare - firma ELSACO pe Magistrala II Sud,2026-08-02T23:00,"• Str Miletin - Imobil • Pţa Alba Iulia - bl. I1, I2, I3, I4, I5"
2026-08-01T10:12:31,3,2 Unităţii,16,Oprire ACC,Execuție lucrări de modernizare - firma ELSACO pe Magistrala II Sud,2026-08-02T23:00,"• Str Vulcan Judeţul - bl. B1B, B1C, B3A • Str Traian Popovici - bl. B3D, B4, B4D, B4F, B4A • Şos Mihai Bravu - bl. B2A, B2B, B2C, B1, B1A, B1D, B3B, B3C • Str Caloian Judeţul - bl. B4C, Scoala Generala nr. 80"
2026-08-01T10:12:31,3,2 Mărășești,16,Oprire ACC,Execuție lucrări de modernizare - firma ELSACO pe Magistrala II Sud,2026-08-02T23:00,"• Str Vlad Dracul - bl. B1, B2 • Str Nerva Traian - bl. M70, M71, M66, M69, M68, M65 • Str Emil Gârleanu - bl. A8, A9 • Str Logofătul Tăutu - bl. C3, C4, C5 • Str Lt. col. Dumitru Papazoglu - bl. B5 • Str Alexandru Moruzzi Voievod - bl. B1, A10"
2026-08-01T10:12:31,3,J2 Unirii,7,Oprire ACC,Execuție lucrări de modernizare - firma ELSACO pe Magistrala II Sud,2026-08-02T23:00,"• Bld Unirii - bl. J1, J3B, J4, J2, J3A • Pţa Alba Iulia - bl. I6, I7"
2026-08-01T10:12:31,3,M107,25,Oprire ACC,Execuție lucrări de modernizare - firma ELSACO pe Magistrala II Sud,2026-08-02T23:00,"• Str Nerva Traian - bl. K6 • Bld Octavian Goga - bl. M103, M106 • Str Emil Botta - bl. M109, M105, M104, M107, M108 • Bld Unirii - bl. K3, K4, K2, K5 • Str Lucian Blaga - bl. K1"
2026-08-01T10:12:31,3,F6,6,Oprire ACC,Execuție lucrări de modernizare - firma ELSACO pe Magistrala II Sud,2026-08-02T23:00,"• Str Maximilian Popper - bl. F6 • Bld Unirii - bl. F2, F3, F4 • Str Traian - bl. F1 • Str Ion Pillat - bl. F5"
2026-08-01T10:12:31,3,2 Cornul Caprei,3,Oprire ACC,Execuție lucrări de modernizare - firma ELSACO pe Magistrala II Sud,2026-08-02T23:00,"• Str Şcoala Ciocanu - Imobil • Bld Burebista - D13, D14"
2026-08-01T10:12:31,3,1 Labirint,5,Oprire ACC,Execuție lucrări de modernizare - firma ELSACO pe Magistrala II Sud,2026-08-02T23:00,"• Str Matei Basarab - bl. L111A, L109, L108, L109bis, L110"
2026-08-01T10:12:31,3,Mihai Bravu Vest,18,Oprire ACC,Execuție lucrări de modernizare - firma ELSACO pe Magistrala II Sud,2026-08-02T23:00,"• Şos Mihai Bravu - bl. 2, 3, 4, 5, 6, 7, 103, 104, 105 • Bld Decebal - bl. S1, S2, S2A+S2B, S3 • Ale Apostol Mărgărit - bl. 106, 107, 108, D.G.A.S.P.C, Centrul de zi Titan-Cercelus9 cresa nr.35 • Str Cerceluş - bl. 10-11"
2026-08-01T10:12:31,3,11 Foișor,14,Oprire ACC,Execuție lucrări de modernizare - firma ELSACO pe Magistrala II Sud,2026-08-02T23:00,"• Str Zizin - bl. V75C • Str Vlaicu Vodă - bl. V65, V66 • Str Brânduşelor - bl. V70, V75A, V77 • Str Foişorului - bl. F9C, F8C • Str Rarău - bl. V69, V68, V70, V71, F10C, V74"
2026-08-01T10:12:31,3,9 Vitan,11,Oprire ACC,Execuție lucrări de modernizare - firma ELSACO pe Magistrala II Sud,2026-08-02T23:00,"• Str Zizin - bl. 97, V101C, V101B • Str Vlaicu Vodă - bl. V34C, V100 • Cal Vitan - bl. V34A, V35 • Str Nucului - bl. V100, V101,V101A • Str Banu Udrea - bl. V104, V103, V101C, V99, V97, V102, V95"
2026-08-01T10:12:31,3,10 Laborator,26,Oprire ACC,Execuție lucrări de modernizare - firma ELSACO pe Magistrala II Sud,2026-08-02T23:00,"• Ale Şcolarilor - bl. S24, S25, S13, S14, S3A, S4, S23 • Şos Mihai Bravu - bl. S3, SB, SA, SB1, R3 • Str Laborator - bl. S11, S5, S12, S8, S9, S10, S6, S7, S1, S2A, S2 • Bld Camil Ressu - bl. 5, R1, R2"
2026-08-01T10:12:31,3,S14,11,Oprire ACC,Execuție lucrări de modernizare - firma ELSACO pe Magistrala II Sud,2026-08-02T23:00,"• Str Theodor D. Speranţia - bl. S24, S25, S26, S27,S28 • Bld Decebal - bl. S12, S12A, S12B, S13, S14, S15"
2026-08-01T10:12:31,3,1 Vitan,22,Oprire ACC,Execuție lucrări de modernizare - firma ELSACO pe Magistrala II Sud,2026-08-02T23:00,"• Cal Vitan - bl. 2, 3, 9, 10, 7C, 2A, 1, 1A, 1B • Str Lugojana - bl. 12, 11 • Str Dristorului - bl. 6 • Ale Râmnicu Sărat - bl. 2B, 7B,7A,15 • Str Râmnicu Vâlcea - bl. 15, 15B, 15A • Str Baia Mare - bl. 4, 8, 7A1,12A 5, 7, 12B"
2026-08-01T10:12:31,3,E1,6,Oprire ACC,Execuție lucrări de modernizare - firma ELSACO pe Magistrala II Sud,2026-08-02T23:00,"• Str Vintilă Vodă - bl. E1 • Bld Unirii - bl. E2, E3,E3A, E3-3, E3A2"
2026-08-01T10:12:31,3,2 Călăraşi,18,Oprire ACC,Execuție lucrări de modernizare - firma ELSACO pe Magistrala II Sud,2026-08-02T23:00,"• Str Matei Basarab - 72, 86, 73, 74, 85, L122, L120, L118 • Str Theodor D. Speranţia - 78, 83, 84 • Str Agricultori - 80, 81, 82,79, • Cal Călăraşi - 75,76,77"
2026-08-01T10:12:31,3,3 Mărăşeşti,10,Oprire ACC,Execuție lucrări de modernizare - firma ELSACO pe Magistrala II Sud,2026-08-02T23:00,"• Str Ştefan Octavian Iosif - bl. M51, M54 • Str Panait Cerna - bl. M53, M52 • Str Nerva Traian - bl. M37, M36, M39, M55, M38 • Bld Octavian Goga - bl. M42, M61 • Str Alexandru Vlahuţă - bl. M49, M50"
2026-08-01T10:12:31,3,Ministerul de Finante,1,Oprire ACC,Execuție lucrări de modernizare - firma ELSACO pe Magistrala II Sud,2026-08-02T23:00,• Bld Mircea Vodă - 44
2026-08-01T10:12:31,3,5 Mărăşeşti,17,Oprire ACC,Execuție lucrări de modernizare - firma ELSACO pe Magistrala II Sud,2026-08-02T23:00,"• Bld Mircea Vodă - bl. M31, M29, M30 • Ale Dimitrie Anghel - bl. M45 • Str Panait Cerna - bl. M44 • Str Nerva Traian - bl. M34, M35 • Str Alexandru Vlahuţă - bl. M46, M47, M48"
2026-08-01T10:12:31,3,11 Laborator,10,Oprire ACC,Execuție lucrări de modernizare - firma ELSACO pe Magistrala II Sud,2026-08-02T23:00,"• Str Laborator - bl. S18, 39A, 40, 39, 38 • Str Râmnicu Vâlcea - bl. S19, S20, S16, S15, S17"
2026-08-01T10:12:31,3,17 Răcari,15,Oprire ACC,Execuție lucrări de modernizare - firma ELSACO pe Magistrala II Sud,2026-08-02T23:00,"• Ale Miraj - bl. 60, 61, 68 • Ale Florin Ciungan - bl. 64, 66, 65, 67, 69 • Ale Răcari - bl. 75, 74, 71, 71A, 70 • Ale Marius Emanoil Buteică - bl. 72, 63, 62"
2026-08-01T10:12:31,3,BL U114 (UM 02544/B1),1,Oprire ACC,Execuție lucrări de modernizare - firma ELSACO pe Magistrala II Sud,2026-08-02T23:00,• Bld Mircea Vodă - 3-5
2026-08-01T10:12:31,3,C3 Căuzaşi,11,Oprire ACC,Execuție lucrări de modernizare - firma ELSACO pe Magistrala II Sud,2026-08-02T23:00,"• Ale Negru Vodă - C3, C4, C3A • Str Mămulari - C1, C2 • Bld Unirii - A1, A2, A3, A4 • Str Sfânta Vineri - A6, A5"
2026-08-01T10:12:31,3,1 Laborator,31,Oprire ACC,Execuție lucrări de modernizare - firma ELSACO pe Magistrala II Sud,2026-08-02T23:00,"• Str Aniversării - bl. 39A • Şos Mihai Bravu - bl. V10, V18, V7, V11, V12, V9, V15, V16, V8, V13, V17 • Str Laborator - bl. V14 • Str Iancu Brezeanu - bl. V31B • Str Agatha Bârsescu - bl. V26C, V31A, V30B, V26A, V28, V30A, V26B, V29, V25, V27A, V27B • Str Alexander Von Humboldt - bl. V23A • Ale Blăjel - bl. V5, V6 • Str Breaza - bl. V24A, V23B"
2026-08-01T10:12:31,3,3 Unităţii,19,Oprire ACC,Execuție lucrări de modernizare - firma ELSACO pe Magistrala II Sud,2026-08-02T23:00,"• Str Traian Popovici - bl. B7, B11, B10 • Şos Mihai Bravu - bl. B13, B13A, B13D, B13B, B13C • Str Lt. Aurel Botea - bl. B5A, B5, B5D, B5B, B5C, B6, B6A, B6B, B8, B9"
2026-08-01T10:12:31,3,3 Călăraşi,13,Oprire ACC,Execuție lucrări de modernizare - firma ELSACO pe Magistrala II Sud,2026-08-02T23:00,"• Cal Călăraşi - . 44, 38, 39, 45, 46, 56, 57, 55, 53, 53BIS, 42, 54 • Str Orzari - 47"
2026-08-01T10:12:31,3,5 Cornul Caprei,10,Oprire ACC,Execuție lucrări de modernizare - firma ELSACO pe Magistrala II Sud,2026-08-02T23:00,"• Str Lt. Aurel Botea - D24, D22 • Bld Burebista - D15, D16 • Str Caloian Judeţul - D19A, D21A, D20, D19B, D18, D21B"
2026-08-01T10:12:31,3,Colegiul Tehnic Mihai Bravu,1,Oprire ACC,Execuție lucrări de modernizare - firma ELSACO pe Magistrala II Sud,2026-08-02T23:00,• Şos Mihai Bravu - 428
2026-08-01T10:12:31,3,G3,9,Oprire ACC,Execuție lucrări de modernizare - firma ELSACO pe Magistrala II Sud,2026-08-02T23:00,"• Bld Unirii - bl. G2, H1, G3, G2A, G2B, G2C • Str Ion Pillat - bl. G1, G1A • Bld Decebal - bl. H2"
2026-08-01T10:12:31,3,Dristor Insulă,18,Oprire ACC,Execuție lucrări de modernizare - firma ELSACO pe Magistrala II Sud,2026-08-02T23:00,"• Şos Mihai Bravu - 12, 12A, 15, 15A, 18, 18A, 14A+B • Str Dristorului - 15B, 10, 10A, 11, 12B, 16ABC, 17,13, 13C • Bld Camil Ressu - 13A"
2026-08-01T10:12:31,3,13 Foișor,11,Oprire ACC,Execuție lucrări de modernizare - firma ELSACO pe Magistrala II Sud,2026-08-02T23:00,"• Str Vlaicu Vodă - bl. V62, V63, V61 • Str Brânduşelor - bl.V64 • Str Foişorului - bl. F6C, F7C, F5C, F4C • Str Alexandru Moruzzi Voievod - bl. V60, V59, V58"
2026-08-01T10:12:31,3,3 Theodor Speranţia,5,Oprire ACC,Execuție lucrări de modernizare - firma ELSACO pe Magistrala II Sud,2026-08-02T23:00,"• Str Theodor D. Speranţia - bl. S22 • Bld Decebal - bl. S16 • Cal Călăraşi - bl. S18, S20, S21"
2026-08-01T10:12:31,3,2 Vitan,33,Oprire ACC,Execuție lucrări de modernizare - firma ELSACO pe Magistrala II Sud,2026-08-02T23:00,"• Cal Vitan - bl. 42, 30, 41, 31, 21, 20, 51, 52, 22 • Str Mureşana - bl. 43B, 44, 58, 58A, 59 • Str Jieneasca - bl. 46, 47, 34, 33 • Str Căluşari - bl. 43, 43A, 24, 25, 50, 43A • Str Alunului - bl. 57 • Şos Mihai Bravu - bl. 53, 54, 55 • Str Răcari - bl. 38, 39 • Str Alunelului - bl. 45, 40, 32"
2026-08-01T10:12:31,3,1 Călăraşi,8,Oprire ACC,Execuție lucrări de modernizare - firma ELSACO pe Magistrala II Sud,2026-08-02T23:00,"• Cal Călăraşi - Cal. Călăraşi bl. 50, 70, 68, 65, 49, 71, 67, 66,"
2026-08-01T10:12:31,3,4 Theodor Speranţia,32,Oprire ACC,Execuție lucrări de modernizare - firma ELSACO pe Magistrala II Sud,2026-08-02T23:00,"• Str Voroneţ - bl. A15+A15bis, A22, D8, D7, D6, D5A, D4, D5, D2, D3, D1 • Str Meşterul Manole - bl. D17, D10, D9, D11, D15 • Str Negoiu - bl. D18, D16, D14, D12 • Str Ion Păunescu-Paltin - bl. D13 • Str Dristorului - bl. A21, B14, A23, B13, A20, B7, B14, B20 • Int Arenei - bl. B2, B3"
2026-08-01T10:12:31,3,10 Vitan,17,Oprire ACC,Execuție lucrări de modernizare - firma ELSACO pe Magistrala II Sud,2026-08-02T23:00,"• Str Zizin - bl. V80B, V80A, V81C, V40 • Str Vlaicu Vodă - bl. V43, V39, V82, V38, V81, V79, V82B, V81A • Cal Vitan - bl. V40, V42, V17, V82A, V42C,V42A • Str Brânduşelor - bl. V78"
2026-08-01T10:12:31,3,6 Mărășești,19,Oprire ACC,Execuție lucrări de modernizare - firma ELSACO pe Magistrala II Sud,2026-08-02T23:00,"• Bld Mircea Vodă - bl. M11, M14, M20bis, M9,M8, M1, M21, M22, M6, M20 • Str Panait Cerna - bl. M5 • Spl Unirii - bl. M3, M4, M12, M19, M10, M15, M7, M18, M16, M13"
2026-08-01T10:12:31,3,4 Labirint,5,Oprire ACC,Execuție lucrări de modernizare - firma ELSACO pe Magistrala II Sud,2026-08-02T23:00,"• Str Matei Basarab - bl. L112, L112A, L113A, L113 • Str Traian - bl. L112B"
2026-08-01T10:12:31,3,7 Vitan,12,Oprire ACC,Execuție lucrări de modernizare - firma ELSACO pe Magistrala II Sud,2026-08-02T23:00,"• Str Vlad Judeţul - bl. V12, V13, V14A, V11 • Cal Vitan - bl. V14B, V16B, V16A, V15 • Str Agatha Bârsescu - bl. V19 • Str Brăiliţa - bl. V17, V10, V18"
2026-08-01T10:12:31,3,1 Mărăşeşti,20,Oprire ACC,Execuție lucrări de modernizare - firma ELSACO pe Magistrala II Sud,2026-08-02T23:00,"• Str Nerva Traian - bl M64 • Bld Octavian Goga - bl. V53C, M62, M63 • Str Emil Gârleanu - bl. V52C, V53D, A1, F • Str Foişorului - bl. F1C, F2C, F3C, D, E • Str Anastasie Panu - bl. A1, A2, A3"
2026-08-01T10:12:31,3,6 Vitan,8,Oprire ACC,Execuție lucrări de modernizare - firma ELSACO pe Magistrala II Sud,2026-08-02T23:00,"• Cal Vitan - bl. V21A, V21B, V2, V1 • Ale Blăjel - bl. V3, V4 • Str Breaza - bl. V22A, V22B"
2026-08-01T10:12:31,3,1 Anexa,28,Oprire ACC,Execuție lucrări de modernizare - firma ELSACO pe Magistrala II Sud,2026-08-02T23:00,• Int Ţiglina - Scoala Gimnaziala Cezar Bolliac • Str Diligenţei - • Str Mircea Bădescu - • Str Nicolae Tudor - • Str Levănţica - • Str Dristorului - • Str Cerceluş -
2026-08-01T10:12:31,3,18 KLM,9,Oprire ACC,Execuție lucrări de modernizare - firma ELSACO pe Magistrala II Sud,2026-08-02T23:00,"• Str Sold. Spiridon Matei - bl. 9 • Int Înotătorilor - bl. 10 • Str Tomis - bl. 11 • Bld Râmnicu Sărat - bl. 11A, 20M, 20K, 10bis, 20L, 11A1"
2026-08-01T10:12:31,3,5 Călăraşi,5,Oprire ACC,Execuție lucrări de modernizare - firma ELSACO pe Magistrala II Sud,2026-08-02T23:00,"• Str Matei Basarab - 64 • Cal Călăraşi - 59, 60, 61, 58"
2026-08-01T10:12:31,3,4 Mărăşeşti,11,Oprire ACC,Execuție lucrări de modernizare - firma ELSACO pe Magistrala II Sud,2026-08-02T23:00,"• Ale Dimitrie Anghel - bl. M59 • Str Panait Cerna - bl. M43, M57, M56, M58, M28 • Str Nerva Traian - Grădinița nr. 81 • Bld Octavian Goga - bl. M60I, M24, M26, M25, M23"
2026-08-01T10:12:31,3,Biblioteca Nationala,1,Oprire ACC,Execuție lucrări de modernizare - firma ELSACO pe Magistrala II Sud,2026-08-02T23:00,• Bld Unirii - 22
2026-08-01T10:12:31,3,19 Foișor,10,Oprire ACC,Execuție lucrări de modernizare - firma ELSACO pe Magistrala II Sud,2026-08-02T23:00,"• Str Brânduşelor - bl. G4, G4A, H1, H16 • Str Banu Udrea - bl. G5, G6, H5, J2, J1, H6"
2026-08-01T10:12:31,3,7 Călăraşi,9,Oprire ACC,Execuție lucrări de modernizare - firma ELSACO pe Magistrala II Sud,2026-08-02T23:00,"• Bld Corneliu Coposu - 105A, 103, 104, 101, 106A, 105A • Str Sfânta Vineri - 105B, 105C, 102"
2026-08-01T10:12:31,3,S6,10,Oprire ACC,Execuție lucrări de modernizare - firma ELSACO pe Magistrala II Sud,2026-08-02T23:00,"• Bld Decebal - bl. S11, S9, S10, S7, S4, H3, S6, S5, S7, S8"
2026-08-01T10:12:31,3,E6,4,Oprire ACC,Execuție lucrări de modernizare - firma ELSACO pe Magistrala II Sud,2026-08-02T23:00,"• Bld Unirii - bl. E4, E4A • Str Traian - bl. E5, E6"
2026-08-01T10:12:31,3,Tribunalul Bucuresti,1,Oprire ACC,Execuție lucrări de modernizare - firma ELSACO pe Magistrala II Sud,2026-08-02T23:00,• Bld Unirii - 37
2026-08-01T10:12:31,3,14 Foișor,11,Oprire ACC,Execuție lucrări de modernizare - firma ELSACO pe Magistrala II Sud,2026-08-02T23:00,"• Cal Vitan - bl. V50B, V50A, V51 • Str Alexandru Moruzzi Voievod - bl. V54B, V54A, V56, V57, V54, V55, V57B"
2026-08-01T10:12:31,3,4 Dudești,2,Oprire ACC,Execuție lucrări de modernizare - firma ELSACO pe Magistrala II Sud,2026-08-02T23:00,"• Str Brăiliţa - bl. D9B, D9A"
2026-08-01T10:12:31,3,Clinica Sfanta Lucia,1,Oprire ACC,Reabilitare conducte DN 1000 - magistrala III SUD,2026-08-01T23:00,• Spl Unirii - 313A
2026-08-01T10:12:31,3,S.M.,1,Oprire ACC,Reabilitare conducte DN 1000 - magistrala III SUD,2026-08-01T23:00,• Spl Unirii - 455B
2026-08-01T10:12:31,3,O.P.,1,Oprire ACC,Reabilitare conducte DN 1000 - magistrala III SUD,2026-08-01T23:00,• Spl Unirii - 443
2026-08-01T10:12:31,3,C.C.,1,Oprire ACC,Reabilitare conducte DN 1000 - magistrala III SUD,2026-08-01T23:00,• Spl Unirii - 453
2026-08-01T10:12:31,3,P. M.,1,Oprire ACC,Reabilitare conducte DN 1000 - magistrala III SUD,2026-08-01T23:00,• Spl Unirii - 443
2026-08-01T10:12:31,3,C.A.,1,Oprire ACC,Reabilitare conducte DN 1000 - magistrala III SUD,2026-08-01T23:00,• Spl Unirii -
2026-08-01T10:12:31,3,H.B-E.,1,Oprire ACC,Reabilitare conducte DN 1000 - magistrala III SUD,2026-08-01T23:00,• Spl Unirii -
2026-08-01T10:12:31,4,Metalurgiei,5,Deficienta ACC,Functionare deficitara a apei calde de consum din cauza manevrelor de echilibrare hidraulica a retelei termice,2026-08-01T23:00,"• Bld Alexandru Obregia - bl. OD1, 2B, 2A, M1, OD2"
2026-08-01T10:12:31,4,2 Serban Voda,5,Deficienta ACC,Functionare deficitara a apei calde de consum din cauza manevrelor de echilibrare hidraulica a retelei termice,2026-08-01T23:00,"• Str Mitropolitul Dosoftei - Imobil nr.6 • Cal Şerban Vodă - bl. 13, 14, 15, Imobil nr.168"
2026-08-01T10:12:31,4,1 Serban Voda,4,Deficienta ACC,Functionare deficitara a apei calde de consum din cauza manevrelor de echilibrare hidraulica a retelei termice,2026-08-01T23:00,"• Str Simion - Imobil nr. 42 • Str G-ral Candiano Popescu - bl. 2 • Cal Şerban Vodă - bl. 1, 2, 2B"
2026-08-01T10:12:31,4,Pieptanari,14,Deficienta ACC,Functionare deficitara a apei calde de consum din cauza manevrelor de echilibrare hidraulica a retelei termice,2026-08-01T23:00,"• Str Constantin Mănescu - bl. 6, 7, 8, Comunitatea Musulmană • Bld Pieptănari - bl. 5 • Str Dârste - Imobil nr.3 • Şos Viilor - bl. 4AB • Str Dumitru P. Botez - bl. Plomba 12 • Cal Şerban Vodă - bl. 2, 3A, 3B, 11 • Str Pandele Roşca - Scoala Gimnaziala Princepesa Margareta • Str Nicolae Galea - bl. 10 • Str Scarlat Otulescu - bl. 9"
2026-08-01T10:12:31,4,Modul Termic - Grădinița nr.243,1,Oprire ACC,"Lucrari POIM - Reabilitarea sistemului de termoficare al Municipului Bucuresti - LOT 4 ,Obiectivele 17,18,19,20.",2026-08-02T23:00,• Str Almaşu Mare -
2026-08-01T10:12:31,4,12 Giurgiu,2,Oprire ACC,"Lucrari POIM - Reabilitarea sistemului de termoficare al Municipului Bucuresti - LOT 4 ,Obiectivele 17,18,19,20.",2026-08-02T23:00,"• Şos Giurgiului - bl. 12, 13"
2026-08-01T10:12:31,4,Curcani,32,Oprire ACC,"Lucrari POIM - Reabilitarea sistemului de termoficare al Municipului Bucuresti - LOT 4 ,Obiectivele 17,18,19,20.",2026-08-02T23:00,"• Str Semenic - bl. 20 • Str Huedin - bl. 1, 2, 3, 6, 7, 11, III/21A • Str Izvorul Oltului - bl. 4, 21, 22, III/25 • Str Lamoteşti - bl. 4, 5, 10, 11A, 11B, 12, 13, 14, 15, 62, III/21B • Bld Constantin Brâncoveanu - bl. 8, 9, 18, 19 • Ale Crevedia - bl. 16, 17 • Str Cetatea Veche - bl. III/4, III/5A, III/5B"
2026-08-01T10:12:31,4,Modul Termic - Spitalul Alexandru Obregia ( Creșa 25 ) / Stationar de zi,1,Oprire ACC,"Lucrari POIM - Reabilitarea sistemului de termoficare al Municipului Bucuresti - LOT 4 ,Obiectivele 17,18,19,20.",2026-08-02T23:00,• Str Argeşelu - Spitalul Alexandru Obregia ( Creșa 25 ) / Stationar de zi
2026-08-01T10:12:31,4,Tudor Gociu,17,Oprire ACC,"Lucrari POIM - Reabilitarea sistemului de termoficare al Municipului Bucuresti - LOT 4 ,Obiectivele 17,18,19,20.",2026-08-02T23:00,"• Str Orăştie - bl. 2A, L4, M2 • Str Anghel Moldoveanu - bl. A1 • Str Perşani - bl. L2 • Str Ilie Oprea - bl. L1, L3 • Str Tudor Gociu - bl. 1, B, C, C1, C2, C3, C4, L2, L4, AGIP"
2026-08-01T10:12:31,4,Urziceni,37,Oprire ACC,"Lucrari POIM - Reabilitarea sistemului de termoficare al Municipului Bucuresti - LOT 4 ,Obiectivele 17,18,19,20.",2026-08-02T23:00,"• Ale Slătioara - bl. 4, 12, 13, 15, 16, C1, C2, C3, C8, C10, C11 • Str Luica - bl. 1, 2, 3, 4, 5, 6, 7, 106 • Str Răzăchiei - bl. 11 • Str Reşiţa - bl. 8, 9, 10, 42, 42A, 43, 44, 45, 46, 47 • Str Urziceni - bl. 14, 17. 41, C9 • Ale Călineşti - bl. C4, C5, C6, C7, C12"
2026-08-01T10:12:31,4,4 Vifornita,20,Oprire ACC,"Lucrari POIM - Reabilitarea sistemului de termoficare al Municipului Bucuresti - LOT 4 ,Obiectivele 17,18,19,20.",2026-08-02T23:00,"• Ale Straja - bl. 69 • Str Straja - bl. 62, 62Bis, 63 • Str Argeşelu - bl. A4, A7 • Drm Găzarului - bl. A1, A2, A3, 133, 136, 138 • Ale Reşiţa A - bl. A6 • Str Reşiţa - bl. A5 • Str Izvorul Rece - bl. A8 • Ale Dolina - bl. 64, 68, 70, 134, 137"
2026-08-01T10:12:31,4,2 Zona V,22,Oprire ACC,"Lucrari POIM - Reabilitarea sistemului de termoficare al Municipului Bucuresti - LOT 4 ,Obiectivele 17,18,19,20.",2026-08-02T23:00,"• Str Huedin - bl. A12 • Ale Ţebea - bl. 101, 102. 103, D10, D11A, D12, D13 • Str Izvorul Trotuşului - bl. D14, D15, D24 • Str Izvorul Rece - bl. S14 A+B • Str Izvorul Mureşului - bl. A11, D9, D22 • Str Izvorul Crişului - bl. A1, A2, A3, D1 • Bld Constantin Brâncoveanu - bl. M1/1, M2/3, M2/4"
2026-08-01T10:12:31,4,"U.M. 01295, U.M. 01376",2,Oprire ACC,"Lucrari POIM - Reabilitarea sistemului de termoficare al Municipului Bucuresti - LOT 4 ,Obiectivele 17,18,19,20.",2026-08-02T23:00,• Şos Vitan Bârzeşti -
2026-08-01T10:12:31,4,Livada Noua,17,Oprire ACC,"Lucrari POIM - Reabilitarea sistemului de termoficare al Municipului Bucuresti - LOT 4 ,Obiectivele 17,18,19,20.",2026-08-02T23:00,"• Str Alunişului - bl. 1 • Şos Giurgiului - bl. 4, 9, 9T, G, N, O • Str Ghimpaţi - bl. 3, 2, 1T, 2T, 3T, 8T • Int Târgu Frumos - bl. 5, 6, 7, 4T"
2026-08-01T10:12:31,4,Modul Termic - Trident,1,Oprire ACC,"Lucrari POIM - Reabilitarea sistemului de termoficare al Municipului Bucuresti - LOT 4 ,Obiectivele 17,18,19,20.",2026-08-02T23:00,• Str Moldoviţa -
2026-08-01T10:12:31,4,Huedin,17,Oprire ACC,"Lucrari POIM - Reabilitarea sistemului de termoficare al Municipului Bucuresti - LOT 4 ,Obiectivele 17,18,19,20.",2026-08-02T23:00,"• Str Straja - bl. 52 • Str Moldoveni - bl. B15, B21 • Str Grădiştea - bl. 48, B5 • Str Reşiţa - bl. 49, 50, 51, Biserica Sf. Daniel • Str Huedin - bl. A26, 34, M1/2 • Ale Huedin - bl. 2, 3, 4, 5 • Str Uioara - bl. 33"
2026-08-01T10:12:31,4,Observator Astronomic,1,Oprire ACC,"Lucrari POIM - Reabilitarea sistemului de termoficare al Municipului Bucuresti - LOT 4 ,Obiectivele 17,18,19,20.",2026-08-02T23:00,• Str Piscului -
2026-08-01T10:12:31,4,Palatul National al Copiilor,1,Oprire ACC,"Lucrari POIM - Reabilitarea sistemului de termoficare al Municipului Bucuresti - LOT 4 ,Obiectivele 17,18,19,20.",2026-08-02T23:00,• Bld Tineretului -
2026-08-01T10:12:31,4,Spinis,26,Oprire ACC,"Lucrari POIM - Reabilitarea sistemului de termoficare al Municipului Bucuresti - LOT 4 ,Obiectivele 17,18,19,20.",2026-08-02T23:00,"• Str Spiniş - bl. 19, 24, 43, 45, 48, 104, 105 • Str Râul Şoimului - bl. 25, 26, 27, 28, 46, 47, 49 • Şos Giurgiului - bl. 4A, 4B • Str Grădiştea - bl. 101 • Drm Găzarului - bl. 18, 21, 22, 50 • Str Tătuleşti - bl. 44, 98, 100A, 100B, 103"
2026-08-01T10:12:31,4,Scoala I Teodoreanu nr.36 - Sala Sport,1,Oprire ACC,"Lucrari POIM - Reabilitarea sistemului de termoficare al Municipului Bucuresti - LOT 4 ,Obiectivele 17,18,19,20.",2026-08-02T23:00,• Str Coştila -
2026-08-01T10:12:31,4,4 Lanariei,10,Oprire ACC,"Lucrari POIM - Reabilitarea sistemului de termoficare al Municipului Bucuresti - LOT 4 ,Obiectivele 17,18,19,20.",2026-08-02T23:00,"• Str Avalanşei - bl. 1, 2, 3 • Bld Gheorghe Şincai - bl. 2, 3, 3TR1, 4, 5, 5A • Str Cuza Vodă - bl. 1A"
2026-08-01T10:12:31,4,Inst. Nat. de Neurologie si Boli Neurovasculare,1,Oprire ACC,"Lucrari POIM - Reabilitarea sistemului de termoficare al Municipului Bucuresti - LOT 4 ,Obiectivele 17,18,19,20.",2026-08-02T23:00,• Şos Berceni -
2026-08-01T10:12:31,4,2 Tineretului,26,Oprire ACC,"Lucrari POIM - Reabilitarea sistemului de termoficare al Municipului Bucuresti - LOT 4 ,Obiectivele 17,18,19,20.",2026-08-02T23:00,"• Bld Tineretului - bl. 18, 19, 37, 38, 39 • Str Albinelor - bl. 32 • Str Piscului - bl. 40, 41, 42, 47 • Str V. V. Stanciu - bl. 31 • Str Trestiana - bl. 17, 20, 23 • Str Vişana - bl. 25, 26, 36, 43, 44, 45 • Str Constantin Rădulescu-Motru - bl. 22-24, 33, 34, 35, 36, 46"
2026-08-01T10:12:31,4,3 Tineretului,18,Oprire ACC,"Lucrari POIM - Reabilitarea sistemului de termoficare al Municipului Bucuresti - LOT 4 ,Obiectivele 17,18,19,20.",2026-08-02T23:00,"• Bld Tineretului - bl. 52 • Bld Pionierilor - bl. 51 • Str Piscului - bl. 49, 50, 77, 78, 79, 80, 81 • Str V. V. Stanciu - bl. 69A • Cal Văcăreşti - bl. 69B, 70B, 83, 84 • Str Cărămidarii de Jos - bl. 48, 75, 76"
2026-08-01T10:12:31,4,Plugarilor,12,Oprire ACC,"Lucrari POIM - Reabilitarea sistemului de termoficare al Municipului Bucuresti - LOT 4 ,Obiectivele 17,18,19,20.",2026-08-02T23:00,"• Bld Abatorului - bl. 95 • Str Plugarilor - bl. 91, 94 • Str V. V. Stanciu - bl. 88, 90 • Cal Văcăreşti - bl. 85A, 85B, 86, 87 • Ale Bran - bl. 89, 92, 93"
2026-08-01T10:12:31,4,1 Vacaresti,15,Oprire ACC,"Lucrari POIM - Reabilitarea sistemului de termoficare al Municipului Bucuresti - LOT 4 ,Obiectivele 17,18,19,20.",2026-08-02T23:00,"• Str Stamate Costache - 3C, 3E • Str Pridvorului - bl. 1A, 4, 5, 6 • Cal Văcăreşti - bl. 1B, 1C, 1D, 1E, 2A, 2B, 2C, 3A, 3B"
2026-08-01T10:12:31,4,Norilor,4,Oprire ACC,"Lucrari POIM - Reabilitarea sistemului de termoficare al Municipului Bucuresti - LOT 4 ,Obiectivele 17,18,19,20.",2026-08-02T23:00,"• Str Maria Tănase - bl. 28, 29 • Bld Gheorghe Şincai - bl. 30, 30A"
2026-08-01T10:12:31,4,B 3 Cauzasi,7,Oprire ACC,"Lucrari POIM - Reabilitarea sistemului de termoficare al Municipului Bucuresti - LOT 4 ,Obiectivele 17,18,19,20.",2026-08-02T23:00,"• Pţa Unirii - bl. B3, B4, B5 ,B6, B7 • Str Radu Vodă - bl. B8 • Bld Dimitrie Cantemir - bl. B2"
2026-08-01T10:12:31,4,6 Vifornita,17,Oprire ACC,"Lucrari POIM - Reabilitarea sistemului de termoficare al Municipului Bucuresti - LOT 4 ,Obiectivele 17,18,19,20.",2026-08-02T23:00,"• Şos Giurgiului - bl. 1, 2A, 2B, • Str Grădiştea - bl. 86, 87 • Str Tătuleşti - bl. 18, 20, 82, 83, 84, 85 • Ale Călineşti - bl. 11, 12, 13, 14, 15, 81"
2026-08-01T10:12:31,4,1 Tineretului,33,Oprire ACC,"Lucrari POIM - Reabilitarea sistemului de termoficare al Municipului Bucuresti - LOT 4 ,Obiectivele 17,18,19,20.",2026-08-02T23:00,"• Ale Tohani - bl. 30, 31; Gradinita nr.224 • Bld Tineretului - bl. A2, A3, A4, A5, A6, Z2, Z3, Z4, Z5, Z6, Z7, 5A • Str Mocăncuţei - Imob.vila • Str Poenari - bl. 12, 13 • Str Trestiana - bl. 8A, 8B, 9, 10, 11, 14, 15, 16, 32 • Str Tohani - bl. 29, 33 • Str Constantin Rădulescu-Motru - bl. 21, 27A, 28, 34 • Str Cuza Vodă - bl. 27B"
2026-08-01T10:12:31,4,4 Tineretului,23,Oprire ACC,"Lucrari POIM - Reabilitarea sistemului de termoficare al Municipului Bucuresti - LOT 4 ,Obiectivele 17,18,19,20.",2026-08-02T23:00,"• Bld Tineretului - bl. 53, 54, 57, 58, 64, 65, 66 • Str Baladei - bl. 55, 56, 59, 60, 61, 61A, 73 • Cal Văcăreşti - bl. 62, 63, 67, 68, 71, 72A, 72B • Str Cărămidarii de Jos - bl. 74A, 74B"
2026-08-01T10:12:31,4,11 Giurgiu,3,Oprire ACC,"Lucrari POIM - Reabilitarea sistemului de termoficare al Municipului Bucuresti - LOT 4 ,Obiectivele 17,18,19,20.",2026-08-02T23:00,"• Şos Giurgiului - bl. 5, 11 • Str Petre Ţuţea - Scoala nr.109"
2026-08-01T10:12:31,4,Luica,29,Oprire ACC,"Lucrari POIM - Reabilitarea sistemului de termoficare al Municipului Bucuresti - LOT 4 ,Obiectivele 17,18,19,20.",2026-08-02T23:00,"• Str Luica - bl. M1, M2, M3, M4, M4Bis, M5, M6, IV/1A • Str Reşiţa - bl. M1, P4 • Str Uioara - bl. IV/1B, IV/1C, IV/1 sc.A; M2 • Str Ucea - bl. P3, P4, P7, P8, P9, P10, P11, P12, IV/2 • Str Coştila - bl. P1, P2, P5, P6, P9"
2026-08-01T10:12:31,4,2 Giurgiu,7,Oprire ACC,"Lucrari POIM - Reabilitarea sistemului de termoficare al Municipului Bucuresti - LOT 4 ,Obiectivele 17,18,19,20.",2026-08-02T23:00,"• Str Tufişului - Scoala nr.188 • Şos Giurgiului - bl. B, C, E, F, K • Str Şoimuş - bl. L"
2026-08-01T10:12:31,4,2 Vacaresti,21,Oprire ACC,"Lucrari POIM - Reabilitarea sistemului de termoficare al Municipului Bucuresti - LOT 4 ,Obiectivele 17,18,19,20.",2026-08-02T23:00,"• Str Stamate Costache - bl. 8A, 8C • Str Pridvorului - bl. 11, 12, 13, 14, 18, 19, 20 • Cal Văcăreşti - bl. 8D, 8E, 9A, 9B, 9C, 10A, 10B, 10C, 10D, 15, 16, 17"
2026-08-01T10:12:31,4,1 Stoian Militaru,6,Oprire ACC,"Lucrari POIM - Reabilitarea sistemului de termoficare al Municipului Bucuresti - LOT 4 ,Obiectivele 17,18,19,20.",2026-08-02T23:00,"• Str Padeşu - bl. 1 • Str Pictor Ştefan Dimitrescu - bl. 2, 19 • Str Şura Mare - bl. 1A, 1B • Str Cornetului - bl. 20"
2026-08-01T10:12:31,4,2 Lanariei,15,Oprire ACC,"Lucrari POIM - Reabilitarea sistemului de termoficare al Municipului Bucuresti - LOT 4 ,Obiectivele 17,18,19,20.",2026-08-02T23:00,"• Str Maria Tănase - bl. 13 • Bld Gheorghe Şincai - bl. 11, 12 • Str Viorele - bl. 15, 17, 18, 20A, 20B, 22, 37, Scoala nr. 97 • Cal Văcăreşti - bl. 23, 24 • Ale Borcea - bl. 14, 16"
2026-08-01T10:12:31,4,3 Oltenita Placare,22,Oprire ACC,"Lucrari POIM - Reabilitarea sistemului de termoficare al Municipului Bucuresti - LOT 4 ,Obiectivele 17,18,19,20.",2026-08-02T23:00,"• Şos Olteniţei - bl. 2A, 2B, 2C, 2D, 3C, 3D, 3E, 4A, 4B, 4C, 4D, 5A, 5B, 5C, 5D, 5E • Str Gheorghe Adamescu - bl. 4E • Str Pometului - Imobil nr.41 • Str Laloşu - bl. 3A, 3B, 2E"
2026-08-01T10:12:31,4,Dealul Cernei,13,Oprire ACC,"Lucrari POIM - Reabilitarea sistemului de termoficare al Municipului Bucuresti - LOT 4 ,Obiectivele 17,18,19,20.",2026-08-02T23:00,"• Str Uioara - bl. 12Bis, 35, 36, 46 • Ale Cetatea Veche - bl. 2Bis, 3Bis, 5, 37, 38, 39, 40, 41, 47"
2026-08-01T10:12:31,4,Sincai,8,Oprire ACC,"Lucrari POIM - Reabilitarea sistemului de termoficare al Municipului Bucuresti - LOT 4 ,Obiectivele 17,18,19,20.",2026-08-02T23:00,"• Str Mocăncuţei - Imobil nr.12 • Bld Gheorghe Şincai - bl. 2, 4 • Str Tineretului - bl 5,Z1 • Str Trestiana - bl. 3 • Str Constantin Rădulescu-Motru - bl. 1, 35 • Str Cuza Vodă - bl. 37A"
2026-08-01T10:12:31,4,3 Zona V,16,Oprire ACC,"Lucrari POIM - Reabilitarea sistemului de termoficare al Municipului Bucuresti - LOT 4 ,Obiectivele 17,18,19,20.",2026-08-02T23:00,"• Str Reşiţa - bl. D17 • Str Huedin - bl. A13, D18, D19, D20 • Str Izvorul Mureşului - bl. 10, A4 • Str Izvorul Crişului - bl. A5, A6, A7, A8, A14, A15, A16, D16, D21"
2026-08-01T10:12:31,4,Uioara,31,Oprire ACC,"Lucrari POIM - Reabilitarea sistemului de termoficare al Municipului Bucuresti - LOT 4 ,Obiectivele 17,18,19,20.",2026-08-02T23:00,"• Str Semenic - bl. 23, 24 • Str Luica - bl. 59, 60, 61, III/6, III/7 • Ale Gorneşti - bl. 55, 56 • Ale Uioara - bl. 4Bis, 42, 43, 44, 45, 48, 49, 50, 51, 52, 53, 54, 58 • Ale Izvorul Oltului - bl. 25, 26, 27, 28, 29, 33, 62Bis • Bld Constantin Brâncoveanu - bl. 30, 34-35"
2026-08-01T10:12:31,4,Almașul Mare,19,Oprire ACC,"Lucrari POIM - Reabilitarea sistemului de termoficare al Municipului Bucuresti - LOT 4 ,Obiectivele 17,18,19,20.",2026-08-02T23:00,"• Str Moldoveni - bl. B19, B20 • Str Almaşu Mic - bl. B6, B7, B8, B10, B11, B12, B17, B18, Gradinita nr.62 • Str Almaşu Mare - bl. B2, B9, B16 • Str Grădiştea - bl. B1, B3, B4, B13, B14"
2026-08-01T10:12:31,4,2 Vifornita,26,Oprire ACC,"Lucrari POIM - Reabilitarea sistemului de termoficare al Municipului Bucuresti - LOT 4 ,Obiectivele 17,18,19,20.",2026-08-02T23:00,"• Str Straja - bl. 30, 31, 32, 40, 65, 66 • Str Spiniş - bl. 52, 53, 54 • Str Moldoveni - bl. 55, 59, 60, 61 • Str Almaşu Mare - bl. 51, 56, 57, 58 • Str Argeşelu - bl. 33, 34, 35, 37, 39, 67 • Drm Găzarului - bl. 29 • Str Reşiţa - bl. 36, 38"
2026-08-01T10:12:31,4,1 Zona IV,14,Oprire ACC,"Lucrari POIM - Reabilitarea sistemului de termoficare al Municipului Bucuresti - LOT 4 ,Obiectivele 17,18,19,20.",2026-08-02T23:00,"• Str Grădiştea - bl. A9, A10 • Ale Reşiţa D - A1, A3, A4, A5, A7, A8 • Str Reşiţa - bl. A2, A6 • Str Uioara - bl. A11, A12, A13, A14"
2026-08-01T10:12:31,4,Sala Polivalenta,1,Oprire ACC,"Lucrari POIM - Reabilitarea sistemului de termoficare al Municipului Bucuresti - LOT 4 ,Obiectivele 17,18,19,20.",2026-08-02T23:00,• Cal Piscului -
2026-08-01T10:12:31,4,1 Zona V,12,Oprire ACC,"Lucrari POIM - Reabilitarea sistemului de termoficare al Municipului Bucuresti - LOT 4 ,Obiectivele 17,18,19,20.",2026-08-02T23:00,"• Str Reşiţa - bl. A18, A19 • Str Izvorul Rece - bl. A10 • Str Izvorul Mureşului - bl. A9 ,D5, D6, D7, D23 • Str Izvorul Crişului - bl. D3, D4 • Str Trotuşului - bl. A17, D8"
2026-08-01T10:12:31,5,Giurgiu Farado,15,Oprire ACC,Reabilitarea sistemului de termoficare al Municipiului Bucuresti - Lucrari POIM -Lot 4- Obiectivele 18 - 19,2026-08-02T23:00,"• Ale Podul Giurgiului - 2, 3, 4, 5, 6, 7, 8, 9, 11, 12,13 • Str Vigoniei - 1, 8, 15 • Şos Giurgiului - 16"
2026-08-01T10:12:31,5,9 Farado,5,Oprire ACC,Reabilitarea sistemului de termoficare al Municipiului Bucuresti - Lucrari POIM -Lot 4- Obiectivele 18 - 19,2026-08-02T23:00,"• Str Podul Giurgiului - 9,14 • Str Vigoniei - 10, 10Turn, 14Turn"
2026-08-01T10:12:31,5,1 Giurgiu,9,Oprire ACC,Reabilitarea sistemului de termoficare al Municipiului Bucuresti - Lucrari POIM -Lot 4- Obiectivele 18 - 19,2026-08-02T23:00,"• Str Verigei - bl. 1, 2, Z 3, Z5 • Şos Giurgiului - bl. A, H1, H2 • Str Ştefan Vodă - imobil Decu Aurel • Str Măgurei - bl. D1"
2026-08-01T10:12:31,5,6 Farado,6,Oprire ACC,Reabilitarea sistemului de termoficare al Municipiului Bucuresti - Lucrari POIM -Lot 4- Obiectivele 18 - 19,2026-08-02T23:00,"• Str Podul Giurgiului - bl. 17, 18, Liceul Energetic • Str Toporaşi - bl. 15 • Şos Giurgiului - bl. 5, 6, 7"
2026-08-01T10:12:31,5,Modul Toporaşi,1,Oprire ACC,Revizie tehnică - CTE Progresu,2026-08-10T23:00,• Str Toporaşi - 1
2026-08-01T12:19:37,1,1 Aviatiei,49,Deficienta ACC,Lipsa parametri pentru livrare apă caldă de consum,2026-08-01T21:00,"• Str Măguricea - bl. 3K, 3F, 8H, 8J, 8G • Str Nicolae G. Caramfil - bl. 1B, 1C, 10B, 10C, 10D • Str Elena Caragiani - bl. 8A-2, 8A-3, 2G, 3B, 8C, 2H, 3J, 3I, 8B • Şos Pipera - bl. 1D, 1E, 2D, 2E, 2F, 3E, 3D, 3C • Str Borşa - bl. 1A, 1B, 2 I, 2J, 8D, 8E, 3H, 3A, 8F, 3B, 10E, 10F, 3G • Str Smaranda Brăescu - bl. 2C, 1H, 1 I, 1G, 2K, 2B, 1F, 10G, 10 H • Str Feleacu - bl. 8I, 8A-1, 10A, 10I, FELEACU 2"
2026-08-01T12:19:37,1,4 Aviatiei,33,Deficienta ACC,Lipsa parametri pentru livrare apă caldă de consum,2026-08-01T21:00,"• Str Măguricea - bl. 13D, 13E, 7P • Str Nicolae G. Caramfil - bl. 11C, 11A, 11B • Str G-ral Ştefan Burileanu - bl. 11I, 12J, 12K, 13M, 13N • Str Cpt. Alexandru Şerbănescu - bl. 7M, 7L, 7N • Str Elena Caragiani - bl. 12D • Str Smaranda Brăescu - bl. 11G, 12I, 12H, 12A, 11H • Str Prometeu - bl. 12G, 12E, 12F, 13F, 13G • Str Feleacu - bl. 13B, 11E, 12B, 12C, 13A, 13C, 11D, 11F"
2026-08-01T12:19:37,1,3 Aviatiei,27,Deficienta ACC,Lipsa parametri pentru livrare apă caldă de consum,2026-08-01T21:00,"• Str Căpâlna - bl. 15M, 14D+14E, 15B, 15J, 15K, 15A, 15L, 16H, 16I • Str Cpt. Alexandru Şerbănescu - bl. 14B, SERBANESCU 12-14, 14C, 16A, 16C • Str Avionului - bl. 16J, 15H, 15D, 15F, 15E • Str Aripilor - bl. 15C , STAR • Str Siriului - bl. 16J, 16F, 16E • Str Prometeu - bl. 14F, 16G, 16D"
2026-08-01T12:19:37,1,2 Aviatiei,32,Deficienta ACC,Lipsa parametri pentru livrare apă caldă de consum,2026-08-01T21:00,"• Str Cpt. Alexandru Şerbănescu - bl. G6, 6A, 7E, 7F, 7, 7I, 7K,7M • Str Avionului - bl. 5C, 5E, 5E PRIM, 6B, 6C, 6D • Str Aviaţiei - bl. 4C, 5D, 5G, 4D, 5F,7D, 5A • Şos Pipera - bl. 4A, 4B, 5B • Str Aripilor - bl. 6E,6F • Str Borşa - bl. 5F, 4F, 4G, 4E, 7G, ARMONIA, 7B, 7A, 7H"
2026-08-01T12:19:37,1,6 Aviatiei,20,Deficienta ACC,Lipsa parametri pentru livrare apă caldă de consum,2026-08-01T21:00,"• Str Nicolae G. Caramfil - bl. 21H, 21B, 21A, 21C, 22 B • Str G-ral Ştefan Burileanu - bl. 20A, 20C, 20B, 21E • Str Cpt. Alexandru Şerbănescu - bl. 20-I, 20J, 22H, 20E, 20D • Str Smaranda Brăescu - bl. 20H, 20F, 21 I, 21G, 22D, 21F"
2026-08-01T12:19:37,1,5 Aviatiei,12,Deficienta ACC,Lipsa parametri pentru livrare apă caldă de consum,2026-08-01T21:00,"• Str Cpt. Alexandru Şerbănescu - bl. 17A, 17B, 18A, 19A, 19B, 19F, 19G • Str Siriului - bl. 17C, 17D, 18B, 19D, 19E"
2026-08-01T12:19:37,2,Barbu Vacarescu,6,Deficienta ACC,Funcționare deficitară a apei calde de consum din cauza manevrelor de echilibrare hidraulică a rețelei termice,2026-08-01T23:00,"• Str Dinu Vintilă - bl.3, 4, 5 • Str Barbu Văcărescu - bl.1,2; 7"
2026-08-01T12:19:37,2,1 Mosilor,22,Deficienta ACC,Funcționare deficitară a apei calde de consum din cauza manevrelor de echilibrare hidraulică a rețelei termice,2026-08-01T23:00,"• Ale Cenuşeresei - bl.50, 52 • Str Traian - bl.30 B, imob.Nr.254 • Cal Moşilor - bl.36, 38, 42, 46, 48, 58, 32, 30A, 31A , 31C • Str Mihai Eminescu - bl.31B ,32 • Str Vaselor - bl.34, imob.Nr.3A • Str Ion Maiorescu - bl.44 ;50 ;40, imob.Nr.37, 7"
2026-08-01T12:19:37,2,Galvani Tei,9,Deficienta ACC,Funcționare deficitară a apei calde de consum din cauza manevrelor de echilibrare hidraulică a rețelei termice,2026-08-01T23:00,"• Str Johannes K. Kepler - bl.K/4/1; 2 • Bld Lacul Tei - bl.7, 8, 5, 6 • Str Păstorului - bl.4, 3, 4Bis"
2026-08-01T12:19:37,2,201 Mihai Bravu,5,Oprire ACC,Execuție lucrări de modernizare - firma SICOR pe Magistrala II Sud,2026-08-02T23:00,"• Şos Mihai Bravu - bl. 205, 203, 204, 200, • Cal Călăraşilor - bl. 201, 202"
2026-08-01T12:19:37,3,IN CITY,1,Oprire ACC,Execuție lucrări de modernizare - firma ELSACO pe Magistrala II Sud,2026-08-02T23:00,• Cal Dudeşti -
2026-08-01T12:19:37,3,16 Foișor,1,Oprire ACC,Execuție lucrări de modernizare - firma ELSACO pe Magistrala II Sud,2026-08-02T23:00,• Cal Vitan - bl. V6
2026-08-01T12:19:37,3,16 Răcari,17,Oprire ACC,Execuție lucrări de modernizare - firma ELSACO pe Magistrala II Sud,2026-08-02T23:00,"• Str Mureşana - bl. 52, 51 A+B • Str Lugojana - bl. 50+50A, 47 • Str Crivăţului - bl. 43A, 51, 44B • Str Răcari - bl. 42 • Ale Slt. Adrian Cârstea - bl. 43, 44, 41, 48, 45, 46, 44A"
2026-08-01T12:19:37,3,3 Labirint,7,Oprire ACC,Execuție lucrări de modernizare - firma ELSACO pe Magistrala II Sud,2026-08-02T23:00,"• Str Matei Basarab - bl. 119bis, L121, L118A, L116A • Str Labirint - bl. L117, L119, L117bis"
2026-08-01T12:19:37,3,21 Foișor,17,Oprire ACC,Execuție lucrări de modernizare - firma ELSACO pe Magistrala II Sud,2026-08-02T23:00,"• Str Vlaicu Vodă - bl. C8, C9 • Str Vlad Dracul - bl. B12, B13 • Str Vasile Cârlova - bl. A7, A7bis • Str Emil Gârleanu - bl. A6, A4 • Str Lt. col. Dumitru Papazoglu - bl. B10, C6 • Str Anastasie Panu - bl. A12, A5, A16, B7 • Str Alexandru Moruzzi Voievod - bl. A11, A13, B6"
2026-08-01T12:19:37,3,15 Foișor,4,Oprire ACC,Execuție lucrări de modernizare - firma ELSACO pe Magistrala II Sud,2026-08-02T23:00,"• Str Zizin - bl. G1 • Str Brânduşelor - bl. G3 • Str Banu Udrea - bl. G7, G8"
2026-08-01T12:19:37,3,12 Foișor,14,Oprire ACC,Execuție lucrări de modernizare - firma ELSACO pe Magistrala II Sud,2026-08-02T23:00,"• Str Vlad Dracul - bl. C12, C14, C13 • Str Foişorului - bl. F13C, F14C, F11C, F12C • Str Anastasie Panu - bl. C15, D3, D1, D2, D6, D4, D5"
2026-08-01T12:19:37,3,I3,6,Oprire ACC,Execuție lucrări de modernizare - firma ELSACO pe Magistrala II Sud,2026-08-02T23:00,"• Str Miletin - Imobil • Pţa Alba Iulia - bl. I1, I2, I3, I4, I5"
2026-08-01T12:19:37,3,2 Unităţii,16,Oprire ACC,Execuție lucrări de modernizare - firma ELSACO pe Magistrala II Sud,2026-08-02T23:00,"• Str Vulcan Judeţul - bl. B1B, B1C, B3A • Str Traian Popovici - bl. B3D, B4, B4D, B4F, B4A • Şos Mihai Bravu - bl. B2A, B2B, B2C, B1, B1A, B1D, B3B, B3C • Str Caloian Judeţul - bl. B4C, Scoala Generala nr. 80"
2026-08-01T12:19:37,3,2 Mărășești,16,Oprire ACC,Execuție lucrări de modernizare - firma ELSACO pe Magistrala II Sud,2026-08-02T23:00,"• Str Vlad Dracul - bl. B1, B2 • Str Nerva Traian - bl. M70, M71, M66, M69, M68, M65 • Str Emil Gârleanu - bl. A8, A9 • Str Logofătul Tăutu - bl. C3, C4, C5 • Str Lt. col. Dumitru Papazoglu - bl. B5 • Str Alexandru Moruzzi Voievod - bl. B1, A10"
2026-08-01T12:19:37,3,J2 Unirii,7,Oprire ACC,Execuție lucrări de modernizare - firma ELSACO pe Magistrala II Sud,2026-08-02T23:00,"• Bld Unirii - bl. J1, J3B, J4, J2, J3A • Pţa Alba Iulia - bl. I6, I7"
2026-08-01T12:19:37,3,M107,25,Oprire ACC,Execuție lucrări de modernizare - firma ELSACO pe Magistrala II Sud,2026-08-02T23:00,"• Str Nerva Traian - bl. K6 • Bld Octavian Goga - bl. M103, M106 • Str Emil Botta - bl. M109, M105, M104, M107, M108 • Bld Unirii - bl. K3, K4, K2, K5 • Str Lucian Blaga - bl. K1"
2026-08-01T12:19:37,3,F6,6,Oprire ACC,Execuție lucrări de modernizare - firma ELSACO pe Magistrala II Sud,2026-08-02T23:00,"• Str Maximilian Popper - bl. F6 • Bld Unirii - bl. F2, F3, F4 • Str Traian - bl. F1 • Str Ion Pillat - bl. F5"
2026-08-01T12:19:37,3,2 Cornul Caprei,3,Oprire ACC,Execuție lucrări de modernizare - firma ELSACO pe Magistrala II Sud,2026-08-02T23:00,"• Str Şcoala Ciocanu - Imobil • Bld Burebista - D13, D14"
2026-08-01T12:19:37,3,1 Labirint,5,Oprire ACC,Execuție lucrări de modernizare - firma ELSACO pe Magistrala II Sud,2026-08-02T23:00,"• Str Matei Basarab - bl. L111A, L109, L108, L109bis, L110"
2026-08-01T12:19:37,3,Mihai Bravu Vest,18,Oprire ACC,Execuție lucrări de modernizare - firma ELSACO pe Magistrala II Sud,2026-08-02T23:00,"• Şos Mihai Bravu - bl. 2, 3, 4, 5, 6, 7, 103, 104, 105 • Bld Decebal - bl. S1, S2, S2A+S2B, S3 • Ale Apostol Mărgărit - bl. 106, 107, 108, D.G.A.S.P.C, Centrul de zi Titan-Cercelus9 cresa nr.35 • Str Cerceluş - bl. 10-11"
2026-08-01T12:19:37,3,11 Foișor,14,Oprire ACC,Execuție lucrări de modernizare - firma ELSACO pe Magistrala II Sud,2026-08-02T23:00,"• Str Zizin - bl. V75C • Str Vlaicu Vodă - bl. V65, V66 • Str Brânduşelor - bl. V70, V75A, V77 • Str Foişorului - bl. F9C, F8C • Str Rarău - bl. V69, V68, V70, V71, F10C, V74"
2026-08-01T12:19:37,3,9 Vitan,11,Oprire ACC,Execuție lucrări de modernizare - firma ELSACO pe Magistrala II Sud,2026-08-02T23:00,"• Str Zizin - bl. 97, V101C, V101B • Str Vlaicu Vodă - bl. V34C, V100 • Cal Vitan - bl. V34A, V35 • Str Nucului - bl. V100, V101,V101A • Str Banu Udrea - bl. V104, V103, V101C, V99, V97, V102, V95"
2026-08-01T12:19:37,3,10 Laborator,26,Oprire ACC,Execuție lucrări de modernizare - firma ELSACO pe Magistrala II Sud,2026-08-02T23:00,"• Ale Şcolarilor - bl. S24, S25, S13, S14, S3A, S4, S23 • Şos Mihai Bravu - bl. S3, SB, SA, SB1, R3 • Str Laborator - bl. S11, S5, S12, S8, S9, S10, S6, S7, S1, S2A, S2 • Bld Camil Ressu - bl. 5, R1, R2"
2026-08-01T12:19:37,3,S14,11,Oprire ACC,Execuție lucrări de modernizare - firma ELSACO pe Magistrala II Sud,2026-08-02T23:00,"• Str Theodor D. Speranţia - bl. S24, S25, S26, S27,S28 • Bld Decebal - bl. S12, S12A, S12B, S13, S14, S15"
2026-08-01T12:19:37,3,1 Vitan,22,Oprire ACC,Execuție lucrări de modernizare - firma ELSACO pe Magistrala II Sud,2026-08-02T23:00,"• Cal Vitan - bl. 2, 3, 9, 10, 7C, 2A, 1, 1A, 1B • Str Lugojana - bl. 12, 11 • Str Dristorului - bl. 6 • Ale Râmnicu Sărat - bl. 2B, 7B,7A,15 • Str Râmnicu Vâlcea - bl. 15, 15B, 15A • Str Baia Mare - bl. 4, 8, 7A1,12A 5, 7, 12B"
2026-08-01T12:19:37,3,E1,6,Oprire ACC,Execuție lucrări de modernizare - firma ELSACO pe Magistrala II Sud,2026-08-02T23:00,"• Str Vintilă Vodă - bl. E1 • Bld Unirii - bl. E2, E3,E3A, E3-3, E3A2"
2026-08-01T12:19:37,3,2 Călăraşi,18,Oprire ACC,Execuție lucrări de modernizare - firma ELSACO pe Magistrala II Sud,2026-08-02T23:00,"• Str Matei Basarab - 72, 86, 73, 74, 85, L122, L120, L118 • Str Theodor D. Speranţia - 78, 83, 84 • Str Agricultori - 80, 81, 82,79, • Cal Călăraşi - 75,76,77"
2026-08-01T12:19:37,3,3 Mărăşeşti,10,Oprire ACC,Execuție lucrări de modernizare - firma ELSACO pe Magistrala II Sud,2026-08-02T23:00,"• Str Ştefan Octavian Iosif - bl. M51, M54 • Str Panait Cerna - bl. M53, M52 • Str Nerva Traian - bl. M37, M36, M39, M55, M38 • Bld Octavian Goga - bl. M42, M61 • Str Alexandru Vlahuţă - bl. M49, M50"
2026-08-01T12:19:37,3,Ministerul de Finante,1,Oprire ACC,Execuție lucrări de modernizare - firma ELSACO pe Magistrala II Sud,2026-08-02T23:00,• Bld Mircea Vodă - 44
2026-08-01T12:19:37,3,5 Mărăşeşti,17,Oprire ACC,Execuție lucrări de modernizare - firma ELSACO pe Magistrala II Sud,2026-08-02T23:00,"• Bld Mircea Vodă - bl. M31, M29, M30 • Ale Dimitrie Anghel - bl. M45 • Str Panait Cerna - bl. M44 • Str Nerva Traian - bl. M34, M35 • Str Alexandru Vlahuţă - bl. M46, M47, M48"
2026-08-01T12:19:37,3,11 Laborator,10,Oprire ACC,Execuție lucrări de modernizare - firma ELSACO pe Magistrala II Sud,2026-08-02T23:00,"• Str Laborator - bl. S18, 39A, 40, 39, 38 • Str Râmnicu Vâlcea - bl. S19, S20, S16, S15, S17"
2026-08-01T12:19:37,3,17 Răcari,15,Oprire ACC,Execuție lucrări de modernizare - firma ELSACO pe Magistrala II Sud,2026-08-02T23:00,"• Ale Miraj - bl. 60, 61, 68 • Ale Florin Ciungan - bl. 64, 66, 65, 67, 69 • Ale Răcari - bl. 75, 74, 71, 71A, 70 • Ale Marius Emanoil Buteică - bl. 72, 63, 62"
2026-08-01T12:19:37,3,BL U114 (UM 02544/B1),1,Oprire ACC,Execuție lucrări de modernizare - firma ELSACO pe Magistrala II Sud,2026-08-02T23:00,• Bld Mircea Vodă - 3-5
2026-08-01T12:19:37,3,C3 Căuzaşi,11,Oprire ACC,Execuție lucrări de modernizare - firma ELSACO pe Magistrala II Sud,2026-08-02T23:00,"• Ale Negru Vodă - C3, C4, C3A • Str Mămulari - C1, C2 • Bld Unirii - A1, A2, A3, A4 • Str Sfânta Vineri - A6, A5"
2026-08-01T12:19:37,3,1 Laborator,31,Oprire ACC,Execuție lucrări de modernizare - firma ELSACO pe Magistrala II Sud,2026-08-02T23:00,"• Str Aniversării - bl. 39A • Şos Mihai Bravu - bl. V10, V18, V7, V11, V12, V9, V15, V16, V8, V13, V17 • Str Laborator - bl. V14 • Str Iancu Brezeanu - bl. V31B • Str Agatha Bârsescu - bl. V26C, V31A, V30B, V26A, V28, V30A, V26B, V29, V25, V27A, V27B • Str Alexander Von Humboldt - bl. V23A • Ale Blăjel - bl. V5, V6 • Str Breaza - bl. V24A, V23B"
2026-08-01T12:19:37,3,3 Unităţii,19,Oprire ACC,Execuție lucrări de modernizare - firma ELSACO pe Magistrala II Sud,2026-08-02T23:00,"• Str Traian Popovici - bl. B7, B11, B10 • Şos Mihai Bravu - bl. B13, B13A, B13D, B13B, B13C • Str Lt. Aurel Botea - bl. B5A, B5, B5D, B5B, B5C, B6, B6A, B6B, B8, B9"
2026-08-01T12:19:37,3,3 Călăraşi,13,Oprire ACC,Execuție lucrări de modernizare - firma ELSACO pe Magistrala II Sud,2026-08-02T23:00,"• Cal Călăraşi - . 44, 38, 39, 45, 46, 56, 57, 55, 53, 53BIS, 42, 54 • Str Orzari - 47"
2026-08-01T12:19:37,3,5 Cornul Caprei,10,Oprire ACC,Execuție lucrări de modernizare - firma ELSACO pe Magistrala II Sud,2026-08-02T23:00,"• Str Lt. Aurel Botea - D24, D22 • Bld Burebista - D15, D16 • Str Caloian Judeţul - D19A, D21A, D20, D19B, D18, D21B"
2026-08-01T12:19:37,3,Colegiul Tehnic Mihai Bravu,1,Oprire ACC,Execuție lucrări de modernizare - firma ELSACO pe Magistrala II Sud,2026-08-02T23:00,• Şos Mihai Bravu - 428
2026-08-01T12:19:37,3,G3,9,Oprire ACC,Execuție lucrări de modernizare - firma ELSACO pe Magistrala II Sud,2026-08-02T23:00,"• Bld Unirii - bl. G2, H1, G3, G2A, G2B, G2C • Str Ion Pillat - bl. G1, G1A • Bld Decebal - bl. H2"
2026-08-01T12:19:37,3,Dristor Insulă,18,Oprire ACC,Execuție lucrări de modernizare - firma ELSACO pe Magistrala II Sud,2026-08-02T23:00,"• Şos Mihai Bravu - 12, 12A, 15, 15A, 18, 18A, 14A+B • Str Dristorului - 15B, 10, 10A, 11, 12B, 16ABC, 17,13, 13C • Bld Camil Ressu - 13A"
2026-08-01T12:19:37,3,13 Foișor,11,Oprire ACC,Execuție lucrări de modernizare - firma ELSACO pe Magistrala II Sud,2026-08-02T23:00,"• Str Vlaicu Vodă - bl. V62, V63, V61 • Str Brânduşelor - bl.V64 • Str Foişorului - bl. F6C, F7C, F5C, F4C • Str Alexandru Moruzzi Voievod - bl. V60, V59, V58"
2026-08-01T12:19:37,3,3 Theodor Speranţia,5,Oprire ACC,Execuție lucrări de modernizare - firma ELSACO pe Magistrala II Sud,2026-08-02T23:00,"• Str Theodor D. Speranţia - bl. S22 • Bld Decebal - bl. S16 • Cal Călăraşi - bl. S18, S20, S21"
2026-08-01T12:19:37,3,2 Vitan,33,Oprire ACC,Execuție lucrări de modernizare - firma ELSACO pe Magistrala II Sud,2026-08-02T23:00,"• Cal Vitan - bl. 42, 30, 41, 31, 21, 20, 51, 52, 22 • Str Mureşana - bl. 43B, 44, 58, 58A, 59 • Str Jieneasca - bl. 46, 47, 34, 33 • Str Căluşari - bl. 43, 43A, 24, 25, 50, 43A • Str Alunului - bl. 57 • Şos Mihai Bravu - bl. 53, 54, 55 • Str Răcari - bl. 38, 39 • Str Alunelului - bl. 45, 40, 32"
2026-08-01T12:19:37,3,1 Călăraşi,8,Oprire ACC,Execuție lucrări de modernizare - firma ELSACO pe Magistrala II Sud,2026-08-02T23:00,"• Cal Călăraşi - Cal. Călăraşi bl. 50, 70, 68, 65, 49, 71, 67, 66,"
2026-08-01T12:19:37,3,4 Theodor Speranţia,32,Oprire ACC,Execuție lucrări de modernizare - firma ELSACO pe Magistrala II Sud,2026-08-02T23:00,"• Str Voroneţ - bl. A15+A15bis, A22, D8, D7, D6, D5A, D4, D5, D2, D3, D1 • Str Meşterul Manole - bl. D17, D10, D9, D11, D15 • Str Negoiu - bl. D18, D16, D14, D12 • Str Ion Păunescu-Paltin - bl. D13 • Str Dristorului - bl. A21, B14, A23, B13, A20, B7, B14, B20 • Int Arenei - bl. B2, B3"
2026-08-01T12:19:37,3,10 Vitan,17,Oprire ACC,Execuție lucrări de modernizare - firma ELSACO pe Magistrala II Sud,2026-08-02T23:00,"• Str Zizin - bl. V80B, V80A, V81C, V40 • Str Vlaicu Vodă - bl. V43, V39, V82, V38, V81, V79, V82B, V81A • Cal Vitan - bl. V40, V42, V17, V82A, V42C,V42A • Str Brânduşelor - bl. V78"
2026-08-01T12:19:37,3,6 Mărășești,19,Oprire ACC,Execuție lucrări de modernizare - firma ELSACO pe Magistrala II Sud,2026-08-02T23:00,"• Bld Mircea Vodă - bl. M11, M14, M20bis, M9,M8, M1, M21, M22, M6, M20 • Str Panait Cerna - bl. M5 • Spl Unirii - bl. M3, M4, M12, M19, M10, M15, M7, M18, M16, M13"
2026-08-01T12:19:37,3,4 Labirint,5,Oprire ACC,Execuție lucrări de modernizare - firma ELSACO pe Magistrala II Sud,2026-08-02T23:00,"• Str Matei Basarab - bl. L112, L112A, L113A, L113 • Str Traian - bl. L112B"
2026-08-01T12:19:37,3,7 Vitan,12,Oprire ACC,Execuție lucrări de modernizare - firma ELSACO pe Magistrala II Sud,2026-08-02T23:00,"• Str Vlad Judeţul - bl. V12, V13, V14A, V11 • Cal Vitan - bl. V14B, V16B, V16A, V15 • Str Agatha Bârsescu - bl. V19 • Str Brăiliţa - bl. V17, V10, V18"
2026-08-01T12:19:37,3,1 Mărăşeşti,20,Oprire ACC,Execuție lucrări de modernizare - firma ELSACO pe Magistrala II Sud,2026-08-02T23:00,"• Str Nerva Traian - bl M64 • Bld Octavian Goga - bl. V53C, M62, M63 • Str Emil Gârleanu - bl. V52C, V53D, A1, F • Str Foişorului - bl. F1C, F2C, F3C, D, E • Str Anastasie Panu - bl. A1, A2, A3"
2026-08-01T12:19:37,3,6 Vitan,8,Oprire ACC,Execuție lucrări de modernizare - firma ELSACO pe Magistrala II Sud,2026-08-02T23:00,"• Cal Vitan - bl. V21A, V21B, V2, V1 • Ale Blăjel - bl. V3, V4 • Str Breaza - bl. V22A, V22B"
2026-08-01T12:19:37,3,1 Anexa,28,Oprire ACC,Execuție lucrări de modernizare - firma ELSACO pe Magistrala II Sud,2026-08-02T23:00,• Int Ţiglina - Scoala Gimnaziala Cezar Bolliac • Str Diligenţei - • Str Mircea Bădescu - • Str Nicolae Tudor - • Str Levănţica - • Str Dristorului - • Str Cerceluş -
2026-08-01T12:19:37,3,18 KLM,9,Oprire ACC,Execuție lucrări de modernizare - firma ELSACO pe Magistrala II Sud,2026-08-02T23:00,"• Str Sold. Spiridon Matei - bl. 9 • Int Înotătorilor - bl. 10 • Str Tomis - bl. 11 • Bld Râmnicu Sărat - bl. 11A, 20M, 20K, 10bis, 20L, 11A1"
2026-08-01T12:19:37,3,5 Călăraşi,5,Oprire ACC,Execuție lucrări de modernizare - firma ELSACO pe Magistrala II Sud,2026-08-02T23:00,"• Str Matei Basarab - 64 • Cal Călăraşi - 59, 60, 61, 58"
2026-08-01T12:19:37,3,4 Mărăşeşti,11,Oprire ACC,Execuție lucrări de modernizare - firma ELSACO pe Magistrala II Sud,2026-08-02T23:00,"• Ale Dimitrie Anghel - bl. M59 • Str Panait Cerna - bl. M43, M57, M56, M58, M28 • Str Nerva Traian - Grădinița nr. 81 • Bld Octavian Goga - bl. M60I, M24, M26, M25, M23"
2026-08-01T12:19:37,3,Biblioteca Nationala,1,Oprire ACC,Execuție lucrări de modernizare - firma ELSACO pe Magistrala II Sud,2026-08-02T23:00,• Bld Unirii - 22
2026-08-01T12:19:37,3,19 Foișor,10,Oprire ACC,Execuție lucrări de modernizare - firma ELSACO pe Magistrala II Sud,2026-08-02T23:00,"• Str Brânduşelor - bl. G4, G4A, H1, H16 • Str Banu Udrea - bl. G5, G6, H5, J2, J1, H6"
2026-08-01T12:19:37,3,7 Călăraşi,9,Oprire ACC,Execuție lucrări de modernizare - firma ELSACO pe Magistrala II Sud,2026-08-02T23:00,"• Bld Corneliu Coposu - 105A, 103, 104, 101, 106A, 105A • Str Sfânta Vineri - 105B, 105C, 102"
2026-08-01T12:19:37,3,S6,10,Oprire ACC,Execuție lucrări de modernizare - firma ELSACO pe Magistrala II Sud,2026-08-02T23:00,"• Bld Decebal - bl. S11, S9, S10, S7, S4, H3, S6, S5, S7, S8"
2026-08-01T12:19:37,3,E6,4,Oprire ACC,Execuție lucrări de modernizare - firma ELSACO pe Magistrala II Sud,2026-08-02T23:00,"• Bld Unirii - bl. E4, E4A • Str Traian - bl. E5, E6"
2026-08-01T12:19:37,3,Tribunalul Bucuresti,1,Oprire ACC,Execuție lucrări de modernizare - firma ELSACO pe Magistrala II Sud,2026-08-02T23:00,• Bld Unirii - 37
2026-08-01T12:19:37,3,14 Foișor,11,Oprire ACC,Execuție lucrări de modernizare - firma ELSACO pe Magistrala II Sud,2026-08-02T23:00,"• Cal Vitan - bl. V50B, V50A, V51 • Str Alexandru Moruzzi Voievod - bl. V54B, V54A, V56, V57, V54, V55, V57B"
2026-08-01T12:19:37,3,4 Dudești,2,Oprire ACC,Execuție lucrări de modernizare - firma ELSACO pe Magistrala II Sud,2026-08-02T23:00,"• Str Brăiliţa - bl. D9B, D9A"
2026-08-01T12:19:37,3,Clinica Sfanta Lucia,1,Oprire ACC,Reabilitare conducte DN 1000 - magistrala III SUD,2026-08-01T23:00,• Spl Unirii - 313A
2026-08-01T12:19:37,3,S.M.,1,Oprire ACC,Reabilitare conducte DN 1000 - magistrala III SUD,2026-08-01T23:00,• Spl Unirii - 455B
2026-08-01T12:19:37,3,O.P.,1,Oprire ACC,Reabilitare conducte DN 1000 - magistrala III SUD,2026-08-01T23:00,• Spl Unirii - 443
2026-08-01T12:19:37,3,C.C.,1,Oprire ACC,Reabilitare conducte DN 1000 - magistrala III SUD,2026-08-01T23:00,• Spl Unirii - 453
2026-08-01T12:19:37,3,P. M.,1,Oprire ACC,Reabilitare conducte DN 1000 - magistrala III SUD,2026-08-01T23:00,• Spl Unirii - 443
2026-08-01T12:19:37,3,C.A.,1,Oprire ACC,Reabilitare conducte DN 1000 - magistrala III SUD,2026-08-01T23:00,• Spl Unirii -
2026-08-01T12:19:37,3,H.B-E.,1,Oprire ACC,Reabilitare conducte DN 1000 - magistrala III SUD,2026-08-01T23:00,• Spl Unirii -
2026-08-01T12:19:37,4,Metalurgiei,5,Deficienta ACC,Functionare deficitara a apei calde de consum din cauza manevrelor de echilibrare hidraulica a retelei termice,2026-08-01T23:00,"• Bld Alexandru Obregia - bl. OD1, 2B, 2A, M1, OD2"
2026-08-01T12:19:37,4,2 Serban Voda,5,Deficienta ACC,Functionare deficitara a apei calde de consum din cauza manevrelor de echilibrare hidraulica a retelei termice,2026-08-01T23:00,"• Str Mitropolitul Dosoftei - Imobil nr.6 • Cal Şerban Vodă - bl. 13, 14, 15, Imobil nr.168"
2026-08-01T12:19:37,4,1 Serban Voda,4,Deficienta ACC,Functionare deficitara a apei calde de consum din cauza manevrelor de echilibrare hidraulica a retelei termice,2026-08-01T23:00,"• Str Simion - Imobil nr. 42 • Str G-ral Candiano Popescu - bl. 2 • Cal Şerban Vodă - bl. 1, 2, 2B"
2026-08-01T12:19:37,4,Pieptanari,14,Deficienta ACC,Functionare deficitara a apei calde de consum din cauza manevrelor de echilibrare hidraulica a retelei termice,2026-08-01T23:00,"• Str Constantin Mănescu - bl. 6, 7, 8, Comunitatea Musulmană • Bld Pieptănari - bl. 5 • Str Dârste - Imobil nr.3 • Şos Viilor - bl. 4AB • Str Dumitru P. Botez - bl. Plomba 12 • Cal Şerban Vodă - bl. 2, 3A, 3B, 11 • Str Pandele Roşca - Scoala Gimnaziala Princepesa Margareta • Str Nicolae Galea - bl. 10 • Str Scarlat Otulescu - bl. 9"
2026-08-01T12:19:37,4,Modul Termic - Grădinița nr.243,1,Oprire ACC,"Lucrari POIM - Reabilitarea sistemului de termoficare al Municipului Bucuresti - LOT 4 ,Obiectivele 17,18,19,20.",2026-08-02T23:00,• Str Almaşu Mare -
2026-08-01T12:19:37,4,12 Giurgiu,2,Oprire ACC,"Lucrari POIM - Reabilitarea sistemului de termoficare al Municipului Bucuresti - LOT 4 ,Obiectivele 17,18,19,20.",2026-08-02T23:00,"• Şos Giurgiului - bl. 12, 13"
2026-08-01T12:19:37,4,Curcani,32,Oprire ACC,"Lucrari POIM - Reabilitarea sistemului de termoficare al Municipului Bucuresti - LOT 4 ,Obiectivele 17,18,19,20.",2026-08-02T23:00,"• Str Semenic - bl. 20 • Str Huedin - bl. 1, 2, 3, 6, 7, 11, III/21A • Str Izvorul Oltului - bl. 4, 21, 22, III/25 • Str Lamoteşti - bl. 4, 5, 10, 11A, 11B, 12, 13, 14, 15, 62, III/21B • Bld Constantin Brâncoveanu - bl. 8, 9, 18, 19 • Ale Crevedia - bl. 16, 17 • Str Cetatea Veche - bl. III/4, III/5A, III/5B"
2026-08-01T12:19:37,4,Modul Termic - Spitalul Alexandru Obregia ( Creșa 25 ) / Stationar de zi,1,Oprire ACC,"Lucrari POIM - Reabilitarea sistemului de termoficare al Municipului Bucuresti - LOT 4 ,Obiectivele 17,18,19,20.",2026-08-02T23:00,• Str Argeşelu - Spitalul Alexandru Obregia ( Creșa 25 ) / Stationar de zi
2026-08-01T12:19:37,4,Tudor Gociu,17,Oprire ACC,"Lucrari POIM - Reabilitarea sistemului de termoficare al Municipului Bucuresti - LOT 4 ,Obiectivele 17,18,19,20.",2026-08-02T23:00,"• Str Orăştie - bl. 2A, L4, M2 • Str Anghel Moldoveanu - bl. A1 • Str Perşani - bl. L2 • Str Ilie Oprea - bl. L1, L3 • Str Tudor Gociu - bl. 1, B, C, C1, C2, C3, C4, L2, L4, AGIP"
2026-08-01T12:19:37,4,Urziceni,37,Oprire ACC,"Lucrari POIM - Reabilitarea sistemului de termoficare al Municipului Bucuresti - LOT 4 ,Obiectivele 17,18,19,20.",2026-08-02T23:00,"• Ale Slătioara - bl. 4, 12, 13, 15, 16, C1, C2, C3, C8, C10, C11 • Str Luica - bl. 1, 2, 3, 4, 5, 6, 7, 106 • Str Răzăchiei - bl. 11 • Str Reşiţa - bl. 8, 9, 10, 42, 42A, 43, 44, 45, 46, 47 • Str Urziceni - bl. 14, 17. 41, C9 • Ale Călineşti - bl. C4, C5, C6, C7, C12"
2026-08-01T12:19:37,4,4 Vifornita,20,Oprire ACC,"Lucrari POIM - Reabilitarea sistemului de termoficare al Municipului Bucuresti - LOT 4 ,Obiectivele 17,18,19,20.",2026-08-02T23:00,"• Ale Straja - bl. 69 • Str Straja - bl. 62, 62Bis, 63 • Str Argeşelu - bl. A4, A7 • Drm Găzarului - bl. A1, A2, A3, 133, 136, 138 • Ale Reşiţa A - bl. A6 • Str Reşiţa - bl. A5 • Str Izvorul Rece - bl. A8 • Ale Dolina - bl. 64, 68, 70, 134, 137"
2026-08-01T12:19:37,4,2 Zona V,22,Oprire ACC,"Lucrari POIM - Reabilitarea sistemului de termoficare al Municipului Bucuresti - LOT 4 ,Obiectivele 17,18,19,20.",2026-08-02T23:00,"• Str Huedin - bl. A12 • Ale Ţebea - bl. 101, 102. 103, D10, D11A, D12, D13 • Str Izvorul Trotuşului - bl. D14, D15, D24 • Str Izvorul Rece - bl. S14 A+B • Str Izvorul Mureşului - bl. A11, D9, D22 • Str Izvorul Crişului - bl. A1, A2, A3, D1 • Bld Constantin Brâncoveanu - bl. M1/1, M2/3, M2/4"
2026-08-01T12:19:37,4,"U.M. 01295, U.M. 01376",2,Oprire ACC,"Lucrari POIM - Reabilitarea sistemului de termoficare al Municipului Bucuresti - LOT 4 ,Obiectivele 17,18,19,20.",2026-08-02T23:00,• Şos Vitan Bârzeşti -
2026-08-01T12:19:37,4,Livada Noua,17,Oprire ACC,"Lucrari POIM - Reabilitarea sistemului de termoficare al Municipului Bucuresti - LOT 4 ,Obiectivele 17,18,19,20.",2026-08-02T23:00,"• Str Alunişului - bl. 1 • Şos Giurgiului - bl. 4, 9, 9T, G, N, O • Str Ghimpaţi - bl. 3, 2, 1T, 2T, 3T, 8T • Int Târgu Frumos - bl. 5, 6, 7, 4T"
2026-08-01T12:19:37,4,Modul Termic - Trident,1,Oprire ACC,"Lucrari POIM - Reabilitarea sistemului de termoficare al Municipului Bucuresti - LOT 4 ,Obiectivele 17,18,19,20.",2026-08-02T23:00,• Str Moldoviţa -
2026-08-01T12:19:37,4,Huedin,17,Oprire ACC,"Lucrari POIM - Reabilitarea sistemului de termoficare al Municipului Bucuresti - LOT 4 ,Obiectivele 17,18,19,20.",2026-08-02T23:00,"• Str Straja - bl. 52 • Str Moldoveni - bl. B15, B21 • Str Grădiştea - bl. 48, B5 • Str Reşiţa - bl. 49, 50, 51, Biserica Sf. Daniel • Str Huedin - bl. A26, 34, M1/2 • Ale Huedin - bl. 2, 3, 4, 5 • Str Uioara - bl. 33"
2026-08-01T12:19:37,4,Observator Astronomic,1,Oprire ACC,"Lucrari POIM - Reabilitarea sistemului de termoficare al Municipului Bucuresti - LOT 4 ,Obiectivele 17,18,19,20.",2026-08-02T23:00,• Str Piscului -
2026-08-01T12:19:37,4,Palatul National al Copiilor,1,Oprire ACC,"Lucrari POIM - Reabilitarea sistemului de termoficare al Municipului Bucuresti - LOT 4 ,Obiectivele 17,18,19,20.",2026-08-02T23:00,• Bld Tineretului -
2026-08-01T12:19:37,4,Spinis,26,Oprire ACC,"Lucrari POIM - Reabilitarea sistemului de termoficare al Municipului Bucuresti - LOT 4 ,Obiectivele 17,18,19,20.",2026-08-02T23:00,"• Str Spiniş - bl. 19, 24, 43, 45, 48, 104, 105 • Str Râul Şoimului - bl. 25, 26, 27, 28, 46, 47, 49 • Şos Giurgiului - bl. 4A, 4B • Str Grădiştea - bl. 101 • Drm Găzarului - bl. 18, 21, 22, 50 • Str Tătuleşti - bl. 44, 98, 100A, 100B, 103"
2026-08-01T12:19:37,4,Scoala I Teodoreanu nr.36 - Sala Sport,1,Oprire ACC,"Lucrari POIM - Reabilitarea sistemului de termoficare al Municipului Bucuresti - LOT 4 ,Obiectivele 17,18,19,20.",2026-08-02T23:00,• Str Coştila -
2026-08-01T12:19:37,4,4 Lanariei,10,Oprire ACC,"Lucrari POIM - Reabilitarea sistemului de termoficare al Municipului Bucuresti - LOT 4 ,Obiectivele 17,18,19,20.",2026-08-02T23:00,"• Str Avalanşei - bl. 1, 2, 3 • Bld Gheorghe Şincai - bl. 2, 3, 3TR1, 4, 5, 5A • Str Cuza Vodă - bl. 1A"
2026-08-01T12:19:37,4,Inst. Nat. de Neurologie si Boli Neurovasculare,1,Oprire ACC,"Lucrari POIM - Reabilitarea sistemului de termoficare al Municipului Bucuresti - LOT 4 ,Obiectivele 17,18,19,20.",2026-08-02T23:00,• Şos Berceni -
2026-08-01T12:19:37,4,2 Tineretului,26,Oprire ACC,"Lucrari POIM - Reabilitarea sistemului de termoficare al Municipului Bucuresti - LOT 4 ,Obiectivele 17,18,19,20.",2026-08-02T23:00,"• Bld Tineretului - bl. 18, 19, 37, 38, 39 • Str Albinelor - bl. 32 • Str Piscului - bl. 40, 41, 42, 47 • Str V. V. Stanciu - bl. 31 • Str Trestiana - bl. 17, 20, 23 • Str Vişana - bl. 25, 26, 36, 43, 44, 45 • Str Constantin Rădulescu-Motru - bl. 22-24, 33, 34, 35, 36, 46"
2026-08-01T12:19:37,4,3 Tineretului,18,Oprire ACC,"Lucrari POIM - Reabilitarea sistemului de termoficare al Municipului Bucuresti - LOT 4 ,Obiectivele 17,18,19,20.",2026-08-02T23:00,"• Bld Tineretului - bl. 52 • Bld Pionierilor - bl. 51 • Str Piscului - bl. 49, 50, 77, 78, 79, 80, 81 • Str V. V. Stanciu - bl. 69A • Cal Văcăreşti - bl. 69B, 70B, 83, 84 • Str Cărămidarii de Jos - bl. 48, 75, 76"
2026-08-01T12:19:37,4,Plugarilor,12,Oprire ACC,"Lucrari POIM - Reabilitarea sistemului de termoficare al Municipului Bucuresti - LOT 4 ,Obiectivele 17,18,19,20.",2026-08-02T23:00,"• Bld Abatorului - bl. 95 • Str Plugarilor - bl. 91, 94 • Str V. V. Stanciu - bl. 88, 90 • Cal Văcăreşti - bl. 85A, 85B, 86, 87 • Ale Bran - bl. 89, 92, 93"
2026-08-01T12:19:37,4,1 Vacaresti,15,Oprire ACC,"Lucrari POIM - Reabilitarea sistemului de termoficare al Municipului Bucuresti - LOT 4 ,Obiectivele 17,18,19,20.",2026-08-02T23:00,"• Str Stamate Costache - 3C, 3E • Str Pridvorului - bl. 1A, 4, 5, 6 • Cal Văcăreşti - bl. 1B, 1C, 1D, 1E, 2A, 2B, 2C, 3A, 3B"
2026-08-01T12:19:37,4,Norilor,4,Oprire ACC,"Lucrari POIM - Reabilitarea sistemului de termoficare al Municipului Bucuresti - LOT 4 ,Obiectivele 17,18,19,20.",2026-08-02T23:00,"• Str Maria Tănase - bl. 28, 29 • Bld Gheorghe Şincai - bl. 30, 30A"
2026-08-01T12:19:37,4,B 3 Cauzasi,7,Oprire ACC,"Lucrari POIM - Reabilitarea sistemului de termoficare al Municipului Bucuresti - LOT 4 ,Obiectivele 17,18,19,20.",2026-08-02T23:00,"• Pţa Unirii - bl. B3, B4, B5 ,B6, B7 • Str Radu Vodă - bl. B8 • Bld Dimitrie Cantemir - bl. B2"
2026-08-01T12:19:37,4,6 Vifornita,17,Oprire ACC,"Lucrari POIM - Reabilitarea sistemului de termoficare al Municipului Bucuresti - LOT 4 ,Obiectivele 17,18,19,20.",2026-08-02T23:00,"• Şos Giurgiului - bl. 1, 2A, 2B, • Str Grădiştea - bl. 86, 87 • Str Tătuleşti - bl. 18, 20, 82, 83, 84, 85 • Ale Călineşti - bl. 11, 12, 13, 14, 15, 81"
2026-08-01T12:19:37,4,1 Tineretului,33,Oprire ACC,"Lucrari POIM - Reabilitarea sistemului de termoficare al Municipului Bucuresti - LOT 4 ,Obiectivele 17,18,19,20.",2026-08-02T23:00,"• Ale Tohani - bl. 30, 31; Gradinita nr.224 • Bld Tineretului - bl. A2, A3, A4, A5, A6, Z2, Z3, Z4, Z5, Z6, Z7, 5A • Str Mocăncuţei - Imob.vila • Str Poenari - bl. 12, 13 • Str Trestiana - bl. 8A, 8B, 9, 10, 11, 14, 15, 16, 32 • Str Tohani - bl. 29, 33 • Str Constantin Rădulescu-Motru - bl. 21, 27A, 28, 34 • Str Cuza Vodă - bl. 27B"
2026-08-01T12:19:37,4,4 Tineretului,23,Oprire ACC,"Lucrari POIM - Reabilitarea sistemului de termoficare al Municipului Bucuresti - LOT 4 ,Obiectivele 17,18,19,20.",2026-08-02T23:00,"• Bld Tineretului - bl. 53, 54, 57, 58, 64, 65, 66 • Str Baladei - bl. 55, 56, 59, 60, 61, 61A, 73 • Cal Văcăreşti - bl. 62, 63, 67, 68, 71, 72A, 72B • Str Cărămidarii de Jos - bl. 74A, 74B"
2026-08-01T12:19:37,4,11 Giurgiu,3,Oprire ACC,"Lucrari POIM - Reabilitarea sistemului de termoficare al Municipului Bucuresti - LOT 4 ,Obiectivele 17,18,19,20.",2026-08-02T23:00,"• Şos Giurgiului - bl. 5, 11 • Str Petre Ţuţea - Scoala nr.109"
2026-08-01T12:19:37,4,Luica,29,Oprire ACC,"Lucrari POIM - Reabilitarea sistemului de termoficare al Municipului Bucuresti - LOT 4 ,Obiectivele 17,18,19,20.",2026-08-02T23:00,"• Str Luica - bl. M1, M2, M3, M4, M4Bis, M5, M6, IV/1A • Str Reşiţa - bl. M1, P4 • Str Uioara - bl. IV/1B, IV/1C, IV/1 sc.A; M2 • Str Ucea - bl. P3, P4, P7, P8, P9, P10, P11, P12, IV/2 • Str Coştila - bl. P1, P2, P5, P6, P9"
2026-08-01T12:19:37,4,2 Giurgiu,7,Oprire ACC,"Lucrari POIM - Reabilitarea sistemului de termoficare al Municipului Bucuresti - LOT 4 ,Obiectivele 17,18,19,20.",2026-08-02T23:00,"• Str Tufişului - Scoala nr.188 • Şos Giurgiului - bl. B, C, E, F, K • Str Şoimuş - bl. L"
2026-08-01T12:19:37,4,2 Vacaresti,21,Oprire ACC,"Lucrari POIM - Reabilitarea sistemului de termoficare al Municipului Bucuresti - LOT 4 ,Obiectivele 17,18,19,20.",2026-08-02T23:00,"• Str Stamate Costache - bl. 8A, 8C • Str Pridvorului - bl. 11, 12, 13, 14, 18, 19, 20 • Cal Văcăreşti - bl. 8D, 8E, 9A, 9B, 9C, 10A, 10B, 10C, 10D, 15, 16, 17"
2026-08-01T12:19:37,4,1 Stoian Militaru,6,Oprire ACC,"Lucrari POIM - Reabilitarea sistemului de termoficare al Municipului Bucuresti - LOT 4 ,Obiectivele 17,18,19,20.",2026-08-02T23:00,"• Str Padeşu - bl. 1 • Str Pictor Ştefan Dimitrescu - bl. 2, 19 • Str Şura Mare - bl. 1A, 1B • Str Cornetului - bl. 20"
2026-08-01T12:19:37,4,2 Lanariei,15,Oprire ACC,"Lucrari POIM - Reabilitarea sistemului de termoficare al Municipului Bucuresti - LOT 4 ,Obiectivele 17,18,19,20.",2026-08-02T23:00,"• Str Maria Tănase - bl. 13 • Bld Gheorghe Şincai - bl. 11, 12 • Str Viorele - bl. 15, 17, 18, 20A, 20B, 22, 37, Scoala nr. 97 • Cal Văcăreşti - bl. 23, 24 • Ale Borcea - bl. 14, 16"
2026-08-01T12:19:37,4,3 Oltenita Placare,22,Oprire ACC,"Lucrari POIM - Reabilitarea sistemului de termoficare al Municipului Bucuresti - LOT 4 ,Obiectivele 17,18,19,20.",2026-08-02T23:00,"• Şos Olteniţei - bl. 2A, 2B, 2C, 2D, 3C, 3D, 3E, 4A, 4B, 4C, 4D, 5A, 5B, 5C, 5D, 5E • Str Gheorghe Adamescu - bl. 4E • Str Pometului - Imobil nr.41 • Str Laloşu - bl. 3A, 3B, 2E"
2026-08-01T12:19:37,4,Dealul Cernei,13,Oprire ACC,"Lucrari POIM - Reabilitarea sistemului de termoficare al Municipului Bucuresti - LOT 4 ,Obiectivele 17,18,19,20.",2026-08-02T23:00,"• Str Uioara - bl. 12Bis, 35, 36, 46 • Ale Cetatea Veche - bl. 2Bis, 3Bis, 5, 37, 38, 39, 40, 41, 47"
2026-08-01T12:19:37,4,Sincai,8,Oprire ACC,"Lucrari POIM - Reabilitarea sistemului de termoficare al Municipului Bucuresti - LOT 4 ,Obiectivele 17,18,19,20.",2026-08-02T23:00,"• Str Mocăncuţei - Imobil nr.12 • Bld Gheorghe Şincai - bl. 2, 4 • Str Tineretului - bl 5,Z1 • Str Trestiana - bl. 3 • Str Constantin Rădulescu-Motru - bl. 1, 35 • Str Cuza Vodă - bl. 37A"
2026-08-01T12:19:37,4,3 Zona V,16,Oprire ACC,"Lucrari POIM - Reabilitarea sistemului de termoficare al Municipului Bucuresti - LOT 4 ,Obiectivele 17,18,19,20.",2026-08-02T23:00,"• Str Reşiţa - bl. D17 • Str Huedin - bl. A13, D18, D19, D20 • Str Izvorul Mureşului - bl. 10, A4 • Str Izvorul Crişului - bl. A5, A6, A7, A8, A14, A15, A16, D16, D21"
2026-08-01T12:19:37,4,Uioara,31,Oprire ACC,"Lucrari POIM - Reabilitarea sistemului de termoficare al Municipului Bucuresti - LOT 4 ,Obiectivele 17,18,19,20.",2026-08-02T23:00,"• Str Semenic - bl. 23, 24 • Str Luica - bl. 59, 60, 61, III/6, III/7 • Ale Gorneşti - bl. 55, 56 • Ale Uioara - bl. 4Bis, 42, 43, 44, 45, 48, 49, 50, 51, 52, 53, 54, 58 • Ale Izvorul Oltului - bl. 25, 26, 27, 28, 29, 33, 62Bis • Bld Constantin Brâncoveanu - bl. 30, 34-35"
2026-08-01T12:19:37,4,Almașul Mare,19,Oprire ACC,"Lucrari POIM - Reabilitarea sistemului de termoficare al Municipului Bucuresti - LOT 4 ,Obiectivele 17,18,19,20.",2026-08-02T23:00,"• Str Moldoveni - bl. B19, B20 • Str Almaşu Mic - bl. B6, B7, B8, B10, B11, B12, B17, B18, Gradinita nr.62 • Str Almaşu Mare - bl. B2, B9, B16 • Str Grădiştea - bl. B1, B3, B4, B13, B14"
2026-08-01T12:19:37,4,2 Vifornita,26,Oprire ACC,"Lucrari POIM - Reabilitarea sistemului de termoficare al Municipului Bucuresti - LOT 4 ,Obiectivele 17,18,19,20.",2026-08-02T23:00,"• Str Straja - bl. 30, 31, 32, 40, 65, 66 • Str Spiniş - bl. 52, 53, 54 • Str Moldoveni - bl. 55, 59, 60, 61 • Str Almaşu Mare - bl. 51, 56, 57, 58 • Str Argeşelu - bl. 33, 34, 35, 37, 39, 67 • Drm Găzarului - bl. 29 • Str Reşiţa - bl. 36, 38"
2026-08-01T12:19:37,4,1 Zona IV,14,Oprire ACC,"Lucrari POIM - Reabilitarea sistemului de termoficare al Municipului Bucuresti - LOT 4 ,Obiectivele 17,18,19,20.",2026-08-02T23:00,"• Str Grădiştea - bl. A9, A10 • Ale Reşiţa D - A1, A3, A4, A5, A7, A8 • Str Reşiţa - bl. A2, A6 • Str Uioara - bl. A11, A12, A13, A14"
2026-08-01T12:19:37,4,Sala Polivalenta,1,Oprire ACC,"Lucrari POIM - Reabilitarea sistemului de termoficare al Municipului Bucuresti - LOT 4 ,Obiectivele 17,18,19,20.",2026-08-02T23:00,• Cal Piscului -
2026-08-01T12:19:37,4,1 Zona V,12,Oprire ACC,"Lucrari POIM - Reabilitarea sistemului de termoficare al Municipului Bucuresti - LOT 4 ,Obiectivele 17,18,19,20.",2026-08-02T23:00,"• Str Reşiţa - bl. A18, A19 • Str Izvorul Rece - bl. A10 • Str Izvorul Mureşului - bl. A9 ,D5, D6, D7, D23 • Str Izvorul Crişului - bl. D3, D4 • Str Trotuşului - bl. A17, D8"
2026-08-01T12:19:37,5,Giurgiu Farado,15,Oprire ACC,Reabilitarea sistemului de termoficare al Municipiului Bucuresti - Lucrari POIM -Lot 4- Obiectivele 18 - 19,2026-08-02T23:00,"• Ale Podul Giurgiului - 2, 3, 4, 5, 6, 7, 8, 9, 11, 12,13 • Str Vigoniei - 1, 8, 15 • Şos Giurgiului - 16"
2026-08-01T12:19:37,5,9 Farado,5,Oprire ACC,Reabilitarea sistemului de termoficare al Municipiului Bucuresti - Lucrari POIM -Lot 4- Obiectivele 18 - 19,2026-08-02T23:00,"• Str Podul Giurgiului - 9,14 • Str Vigoniei - 10, 10Turn, 14Turn"
2026-08-01T12:19:37,5,1 Giurgiu,9,Oprire ACC,Reabilitarea sistemului de termoficare al Municipiului Bucuresti - Lucrari POIM -Lot 4- Obiectivele 18 - 19,2026-08-02T23:00,"• Str Verigei - bl. 1, 2, Z 3, Z5 • Şos Giurgiului - bl. A, H1, H2 • Str Ştefan Vodă - imobil Decu Aurel • Str Măgurei - bl. D1"
2026-08-01T12:19:37,5,6 Farado,6,Oprire ACC,Reabilitarea sistemului de termoficare al Municipiului Bucuresti - Lucrari POIM -Lot 4- Obiectivele 18 - 19,2026-08-02T23:00,"• Str Podul Giurgiului - bl. 17, 18, Liceul Energetic • Str Toporaşi - bl. 15 • Şos Giurgiului - bl. 5, 6, 7"
2026-08-01T12:19:37,5,Modul Toporaşi,1,Oprire ACC,Revizie tehnică - CTE Progresu,2026-08-10T23:00,• Str Toporaşi - 1
2026-08-01T13:54:19,1,4 Aviatiei,33,Deficienta ACC,Lipsa parametri pentru livrare apă caldă de consum,2026-08-01T21:00,"• Str Măguricea - bl. 13D, 13E, 7P • Str Nicolae G. Caramfil - bl. 11C, 11A, 11B • Str G-ral Ştefan Burileanu - bl. 11I, 12J, 12K, 13M, 13N • Str Cpt. Alexandru Şerbănescu - bl. 7M, 7L, 7N • Str Elena Caragiani - bl. 12D • Str Smaranda Brăescu - bl. 11G, 12I, 12H, 12A, 11H • Str Prometeu - bl. 12G, 12E, 12F, 13F, 13G • Str Feleacu - bl. 13B, 11E, 12B, 12C, 13A, 13C, 11D, 11F"
2026-08-01T13:54:19,1,3 Aviatiei,27,Deficienta ACC,Lipsa parametri pentru livrare apă caldă de consum,2026-08-01T21:00,"• Str Căpâlna - bl. 15M, 14D+14E, 15B, 15J, 15K, 15A, 15L, 16H, 16I • Str Cpt. Alexandru Şerbănescu - bl. 14B, SERBANESCU 12-14, 14C, 16A, 16C • Str Avionului - bl. 16J, 15H, 15D, 15F, 15E • Str Aripilor - bl. 15C , STAR • Str Siriului - bl. 16J, 16F, 16E • Str Prometeu - bl. 14F, 16G, 16D"
2026-08-01T13:54:19,1,6 Aviatiei,20,Deficienta ACC,Lipsa parametri pentru livrare apă caldă de consum,2026-08-01T21:00,"• Str Nicolae G. Caramfil - bl. 21H, 21B, 21A, 21C, 22 B • Str G-ral Ştefan Burileanu - bl. 20A, 20C, 20B, 21E • Str Cpt. Alexandru Şerbănescu - bl. 20-I, 20J, 22H, 20E, 20D • Str Smaranda Brăescu - bl. 20H, 20F, 21 I, 21G, 22D, 21F"
2026-08-01T13:54:19,1,Radu Beller,25,Deficienta ACC,Lipsa parametri pentru livrare apă caldă de consum,2026-08-01T21:00,"• Str N. Constantinescu - bl. 15A, 14, 14A, 16, 16A, 13, 15, imob.Nr.60 • Str Lt. D. Darian - Nr.27 • Str George Călinescu - bl. 17, 17A, 19A, 20B, 20A • Str Gen. Andrei Popovici - bl. 8, 7, 8A, 7A, imob.Nr.65, 41 • Str Constantin D. Aricescu - bl. 21, 20 • Str Ştefan Protopopescu - bl. 3, 4, 2"
2026-08-01T13:54:19,1,5 Aviatiei,12,Deficienta ACC,Lipsa parametri pentru livrare apă caldă de consum,2026-08-01T21:00,"• Str Cpt. Alexandru Şerbănescu - bl. 17A, 17B, 18A, 19A, 19B, 19F, 19G • Str Siriului - bl. 17C, 17D, 18B, 19D, 19E"
2026-08-01T13:54:19,1,Beller Bitolia,11,Deficienta ACC,Lipsa parametri pentru livrare apă caldă de consum,2026-08-01T21:00,"• Str N. Constantinescu - bl. 9, 11, 11A • Str Lt. D. Darian - bl. 11B, 23 • Str Lt. Radu Beller - bl. 20, 22 • Str Gen. Andrei Popovici - bl. 6, 1+1B • Str Ştefan Protopopescu - bl. 24 • Str Puţul lui Zamfir - bl. 20A"
2026-08-01T13:54:19,2,Barbu Vacarescu,6,Deficienta ACC,Funcționare deficitară a apei calde de consum din cauza manevrelor de echilibrare hidraulică a rețelei termice,2026-08-01T23:00,"• Str Dinu Vintilă - bl.3, 4, 5 • Str Barbu Văcărescu - bl.1,2; 7"
2026-08-01T13:54:19,2,1 Mosilor,22,Deficienta ACC,Funcționare deficitară a apei calde de consum din cauza manevrelor de echilibrare hidraulică a rețelei termice,2026-08-01T23:00,"• Ale Cenuşeresei - bl.50, 52 • Str Traian - bl.30 B, imob.Nr.254 • Cal Moşilor - bl.36, 38, 42, 46, 48, 58, 32, 30A, 31A , 31C • Str Mihai Eminescu - bl.31B ,32 • Str Vaselor - bl.34, imob.Nr.3A • Str Ion Maiorescu - bl.44 ;50 ;40, imob.Nr.37, 7"
2026-08-01T13:54:19,2,Galvani Tei,9,Deficienta ACC,Funcționare deficitară a apei calde de consum din cauza manevrelor de echilibrare hidraulică a rețelei termice,2026-08-01T23:00,"• Str Johannes K. Kepler - bl.K/4/1; 2 • Bld Lacul Tei - bl.7, 8, 5, 6 • Str Păstorului - bl.4, 3, 4Bis"
2026-08-01T13:54:19,2,201 Mihai Bravu,5,Oprire ACC,Execuție lucrări de modernizare - firma SICOR pe Magistrala II Sud,2026-08-02T23:00,"• Şos Mihai Bravu - bl. 205, 203, 204, 200, • Cal Călăraşilor - bl. 201, 202"
2026-08-01T13:54:19,3,IN CITY,1,Oprire ACC,Execuție lucrări de modernizare - firma ELSACO pe Magistrala II Sud,2026-08-02T23:00,• Cal Dudeşti -
2026-08-01T13:54:19,3,16 Foișor,1,Oprire ACC,Execuție lucrări de modernizare - firma ELSACO pe Magistrala II Sud,2026-08-02T23:00,• Cal Vitan - bl. V6
2026-08-01T13:54:19,3,16 Răcari,17,Oprire ACC,Execuție lucrări de modernizare - firma ELSACO pe Magistrala II Sud,2026-08-02T23:00,"• Str Mureşana - bl. 52, 51 A+B • Str Lugojana - bl. 50+50A, 47 • Str Crivăţului - bl. 43A, 51, 44B • Str Răcari - bl. 42 • Ale Slt. Adrian Cârstea - bl. 43, 44, 41, 48, 45, 46, 44A"
2026-08-01T13:54:19,3,3 Labirint,7,Oprire ACC,Execuție lucrări de modernizare - firma ELSACO pe Magistrala II Sud,2026-08-02T23:00,"• Str Matei Basarab - bl. 119bis, L121, L118A, L116A • Str Labirint - bl. L117, L119, L117bis"
2026-08-01T13:54:19,3,21 Foișor,17,Oprire ACC,Execuție lucrări de modernizare - firma ELSACO pe Magistrala II Sud,2026-08-02T23:00,"• Str Vlaicu Vodă - bl. C8, C9 • Str Vlad Dracul - bl. B12, B13 • Str Vasile Cârlova - bl. A7, A7bis • Str Emil Gârleanu - bl. A6, A4 • Str Lt. col. Dumitru Papazoglu - bl. B10, C6 • Str Anastasie Panu - bl. A12, A5, A16, B7 • Str Alexandru Moruzzi Voievod - bl. A11, A13, B6"
2026-08-01T13:54:19,3,15 Foișor,4,Oprire ACC,Execuție lucrări de modernizare - firma ELSACO pe Magistrala II Sud,2026-08-02T23:00,"• Str Zizin - bl. G1 • Str Brânduşelor - bl. G3 • Str Banu Udrea - bl. G7, G8"
2026-08-01T13:54:19,3,12 Foișor,14,Oprire ACC,Execuție lucrări de modernizare - firma ELSACO pe Magistrala II Sud,2026-08-02T23:00,"• Str Vlad Dracul - bl. C12, C14, C13 • Str Foişorului - bl. F13C, F14C, F11C, F12C • Str Anastasie Panu - bl. C15, D3, D1, D2, D6, D4, D5"
2026-08-01T13:54:19,3,I3,6,Oprire ACC,Execuție lucrări de modernizare - firma ELSACO pe Magistrala II Sud,2026-08-02T23:00,"• Str Miletin - Imobil • Pţa Alba Iulia - bl. I1, I2, I3, I4, I5"
2026-08-01T13:54:19,3,2 Unităţii,16,Oprire ACC,Execuție lucrări de modernizare - firma ELSACO pe Magistrala II Sud,2026-08-02T23:00,"• Str Vulcan Judeţul - bl. B1B, B1C, B3A • Str Traian Popovici - bl. B3D, B4, B4D, B4F, B4A • Şos Mihai Bravu - bl. B2A, B2B, B2C, B1, B1A, B1D, B3B, B3C • Str Caloian Judeţul - bl. B4C, Scoala Generala nr. 80"
2026-08-01T13:54:19,3,2 Mărășești,16,Oprire ACC,Execuție lucrări de modernizare - firma ELSACO pe Magistrala II Sud,2026-08-02T23:00,"• Str Vlad Dracul - bl. B1, B2 • Str Nerva Traian - bl. M70, M71, M66, M69, M68, M65 • Str Emil Gârleanu - bl. A8, A9 • Str Logofătul Tăutu - bl. C3, C4, C5 • Str Lt. col. Dumitru Papazoglu - bl. B5 • Str Alexandru Moruzzi Voievod - bl. B1, A10"
2026-08-01T13:54:19,3,J2 Unirii,7,Oprire ACC,Execuție lucrări de modernizare - firma ELSACO pe Magistrala II Sud,2026-08-02T23:00,"• Bld Unirii - bl. J1, J3B, J4, J2, J3A • Pţa Alba Iulia - bl. I6, I7"
2026-08-01T13:54:19,3,M107,25,Oprire ACC,Execuție lucrări de modernizare - firma ELSACO pe Magistrala II Sud,2026-08-02T23:00,"• Str Nerva Traian - bl. K6 • Bld Octavian Goga - bl. M103, M106 • Str Emil Botta - bl. M109, M105, M104, M107, M108 • Bld Unirii - bl. K3, K4, K2, K5 • Str Lucian Blaga - bl. K1"
2026-08-01T13:54:19,3,F6,6,Oprire ACC,Execuție lucrări de modernizare - firma ELSACO pe Magistrala II Sud,2026-08-02T23:00,"• Str Maximilian Popper - bl. F6 • Bld Unirii - bl. F2, F3, F4 • Str Traian - bl. F1 • Str Ion Pillat - bl. F5"
2026-08-01T13:54:19,3,2 Cornul Caprei,3,Oprire ACC,Execuție lucrări de modernizare - firma ELSACO pe Magistrala II Sud,2026-08-02T23:00,"• Str Şcoala Ciocanu - Imobil • Bld Burebista - D13, D14"
2026-08-01T13:54:19,3,1 Labirint,5,Oprire ACC,Execuție lucrări de modernizare - firma ELSACO pe Magistrala II Sud,2026-08-02T23:00,"• Str Matei Basarab - bl. L111A, L109, L108, L109bis, L110"
2026-08-01T13:54:19,3,Mihai Bravu Vest,18,Oprire ACC,Execuție lucrări de modernizare - firma ELSACO pe Magistrala II Sud,2026-08-02T23:00,"• Şos Mihai Bravu - bl. 2, 3, 4, 5, 6, 7, 103, 104, 105 • Bld Decebal - bl. S1, S2, S2A+S2B, S3 • Ale Apostol Mărgărit - bl. 106, 107, 108, D.G.A.S.P.C, Centrul de zi Titan-Cercelus9 cresa nr.35 • Str Cerceluş - bl. 10-11"
2026-08-01T13:54:19,3,11 Foișor,14,Oprire ACC,Execuție lucrări de modernizare - firma ELSACO pe Magistrala II Sud,2026-08-02T23:00,"• Str Zizin - bl. V75C • Str Vlaicu Vodă - bl. V65, V66 • Str Brânduşelor - bl. V70, V75A, V77 • Str Foişorului - bl. F9C, F8C • Str Rarău - bl. V69, V68, V70, V71, F10C, V74"
2026-08-01T13:54:19,3,9 Vitan,11,Oprire ACC,Execuție lucrări de modernizare - firma ELSACO pe Magistrala II Sud,2026-08-02T23:00,"• Str Zizin - bl. 97, V101C, V101B • Str Vlaicu Vodă - bl. V34C, V100 • Cal Vitan - bl. V34A, V35 • Str Nucului - bl. V100, V101,V101A • Str Banu Udrea - bl. V104, V103, V101C, V99, V97, V102, V95"
2026-08-01T13:54:19,3,10 Laborator,26,Oprire ACC,Execuție lucrări de modernizare - firma ELSACO pe Magistrala II Sud,2026-08-02T23:00,"• Ale Şcolarilor - bl. S24, S25, S13, S14, S3A, S4, S23 • Şos Mihai Bravu - bl. S3, SB, SA, SB1, R3 • Str Laborator - bl. S11, S5, S12, S8, S9, S10, S6, S7, S1, S2A, S2 • Bld Camil Ressu - bl. 5, R1, R2"
2026-08-01T13:54:19,3,S14,11,Oprire ACC,Execuție lucrări de modernizare - firma ELSACO pe Magistrala II Sud,2026-08-02T23:00,"• Str Theodor D. Speranţia - bl. S24, S25, S26, S27,S28 • Bld Decebal - bl. S12, S12A, S12B, S13, S14, S15"
2026-08-01T13:54:19,3,1 Vitan,22,Oprire ACC,Execuție lucrări de modernizare - firma ELSACO pe Magistrala II Sud,2026-08-02T23:00,"• Cal Vitan - bl. 2, 3, 9, 10, 7C, 2A, 1, 1A, 1B • Str Lugojana - bl. 12, 11 • Str Dristorului - bl. 6 • Ale Râmnicu Sărat - bl. 2B, 7B,7A,15 • Str Râmnicu Vâlcea - bl. 15, 15B, 15A • Str Baia Mare - bl. 4, 8, 7A1,12A 5, 7, 12B"
2026-08-01T13:54:19,3,E1,6,Oprire ACC,Execuție lucrări de modernizare - firma ELSACO pe Magistrala II Sud,2026-08-02T23:00,"• Str Vintilă Vodă - bl. E1 • Bld Unirii - bl. E2, E3,E3A, E3-3, E3A2"
2026-08-01T13:54:19,3,2 Călăraşi,18,Oprire ACC,Execuție lucrări de modernizare - firma ELSACO pe Magistrala II Sud,2026-08-02T23:00,"• Str Matei Basarab - 72, 86, 73, 74, 85, L122, L120, L118 • Str Theodor D. Speranţia - 78, 83, 84 • Str Agricultori - 80, 81, 82,79, • Cal Călăraşi - 75,76,77"
2026-08-01T13:54:19,3,3 Mărăşeşti,10,Oprire ACC,Execuție lucrări de modernizare - firma ELSACO pe Magistrala II Sud,2026-08-02T23:00,"• Str Ştefan Octavian Iosif - bl. M51, M54 • Str Panait Cerna - bl. M53, M52 • Str Nerva Traian - bl. M37, M36, M39, M55, M38 • Bld Octavian Goga - bl. M42, M61 • Str Alexandru Vlahuţă - bl. M49, M50"
2026-08-01T13:54:19,3,Ministerul de Finante,1,Oprire ACC,Execuție lucrări de modernizare - firma ELSACO pe Magistrala II Sud,2026-08-02T23:00,• Bld Mircea Vodă - 44
2026-08-01T13:54:19,3,5 Mărăşeşti,17,Oprire ACC,Execuție lucrări de modernizare - firma ELSACO pe Magistrala II Sud,2026-08-02T23:00,"• Bld Mircea Vodă - bl. M31, M29, M30 • Ale Dimitrie Anghel - bl. M45 • Str Panait Cerna - bl. M44 • Str Nerva Traian - bl. M34, M35 • Str Alexandru Vlahuţă - bl. M46, M47, M48"
2026-08-01T13:54:19,3,11 Laborator,10,Oprire ACC,Execuție lucrări de modernizare - firma ELSACO pe Magistrala II Sud,2026-08-02T23:00,"• Str Laborator - bl. S18, 39A, 40, 39, 38 • Str Râmnicu Vâlcea - bl. S19, S20, S16, S15, S17"
2026-08-01T13:54:19,3,17 Răcari,15,Oprire ACC,Execuție lucrări de modernizare - firma ELSACO pe Magistrala II Sud,2026-08-02T23:00,"• Ale Miraj - bl. 60, 61, 68 • Ale Florin Ciungan - bl. 64, 66, 65, 67, 69 • Ale Răcari - bl. 75, 74, 71, 71A, 70 • Ale Marius Emanoil Buteică - bl. 72, 63, 62"
2026-08-01T13:54:19,3,BL U114 (UM 02544/B1),1,Oprire ACC,Execuție lucrări de modernizare - firma ELSACO pe Magistrala II Sud,2026-08-02T23:00,• Bld Mircea Vodă - 3-5
2026-08-01T13:54:19,3,C3 Căuzaşi,11,Oprire ACC,Execuție lucrări de modernizare - firma ELSACO pe Magistrala II Sud,2026-08-02T23:00,"• Ale Negru Vodă - C3, C4, C3A • Str Mămulari - C1, C2 • Bld Unirii - A1, A2, A3, A4 • Str Sfânta Vineri - A6, A5"
2026-08-01T13:54:19,3,1 Laborator,31,Oprire ACC,Execuție lucrări de modernizare - firma ELSACO pe Magistrala II Sud,2026-08-02T23:00,"• Str Aniversării - bl. 39A • Şos Mihai Bravu - bl. V10, V18, V7, V11, V12, V9, V15, V16, V8, V13, V17 • Str Laborator - bl. V14 • Str Iancu Brezeanu - bl. V31B • Str Agatha Bârsescu - bl. V26C, V31A, V30B, V26A, V28, V30A, V26B, V29, V25, V27A, V27B • Str Alexander Von Humboldt - bl. V23A • Ale Blăjel - bl. V5, V6 • Str Breaza - bl. V24A, V23B"
2026-08-01T13:54:19,3,3 Unităţii,19,Oprire ACC,Execuție lucrări de modernizare - firma ELSACO pe Magistrala II Sud,2026-08-02T23:00,"• Str Traian Popovici - bl. B7, B11, B10 • Şos Mihai Bravu - bl. B13, B13A, B13D, B13B, B13C • Str Lt. Aurel Botea - bl. B5A, B5, B5D, B5B, B5C, B6, B6A, B6B, B8, B9"
2026-08-01T13:54:19,3,3 Călăraşi,13,Oprire ACC,Execuție lucrări de modernizare - firma ELSACO pe Magistrala II Sud,2026-08-02T23:00,"• Cal Călăraşi - . 44, 38, 39, 45, 46, 56, 57, 55, 53, 53BIS, 42, 54 • Str Orzari - 47"
2026-08-01T13:54:19,3,5 Cornul Caprei,10,Oprire ACC,Execuție lucrări de modernizare - firma ELSACO pe Magistrala II Sud,2026-08-02T23:00,"• Str Lt. Aurel Botea - D24, D22 • Bld Burebista - D15, D16 • Str Caloian Judeţul - D19A, D21A, D20, D19B, D18, D21B"
2026-08-01T13:54:19,3,Colegiul Tehnic Mihai Bravu,1,Oprire ACC,Execuție lucrări de modernizare - firma ELSACO pe Magistrala II Sud,2026-08-02T23:00,• Şos Mihai Bravu - 428
2026-08-01T13:54:19,3,G3,9,Oprire ACC,Execuție lucrări de modernizare - firma ELSACO pe Magistrala II Sud,2026-08-02T23:00,"• Bld Unirii - bl. G2, H1, G3, G2A, G2B, G2C • Str Ion Pillat - bl. G1, G1A • Bld Decebal - bl. H2"
2026-08-01T13:54:19,3,Dristor Insulă,18,Oprire ACC,Execuție lucrări de modernizare - firma ELSACO pe Magistrala II Sud,2026-08-02T23:00,"• Şos Mihai Bravu - 12, 12A, 15, 15A, 18, 18A, 14A+B • Str Dristorului - 15B, 10, 10A, 11, 12B, 16ABC, 17,13, 13C • Bld Camil Ressu - 13A"
2026-08-01T13:54:19,3,13 Foișor,11,Oprire ACC,Execuție lucrări de modernizare - firma ELSACO pe Magistrala II Sud,2026-08-02T23:00,"• Str Vlaicu Vodă - bl. V62, V63, V61 • Str Brânduşelor - bl.V64 • Str Foişorului - bl. F6C, F7C, F5C, F4C • Str Alexandru Moruzzi Voievod - bl. V60, V59, V58"
2026-08-01T13:54:19,3,3 Theodor Speranţia,5,Oprire ACC,Execuție lucrări de modernizare - firma ELSACO pe Magistrala II Sud,2026-08-02T23:00,"• Str Theodor D. Speranţia - bl. S22 • Bld Decebal - bl. S16 • Cal Călăraşi - bl. S18, S20, S21"
2026-08-01T13:54:19,3,2 Vitan,33,Oprire ACC,Execuție lucrări de modernizare - firma ELSACO pe Magistrala II Sud,2026-08-02T23:00,"• Cal Vitan - bl. 42, 30, 41, 31, 21, 20, 51, 52, 22 • Str Mureşana - bl. 43B, 44, 58, 58A, 59 • Str Jieneasca - bl. 46, 47, 34, 33 • Str Căluşari - bl. 43, 43A, 24, 25, 50, 43A • Str Alunului - bl. 57 • Şos Mihai Bravu - bl. 53, 54, 55 • Str Răcari - bl. 38, 39 • Str Alunelului - bl. 45, 40, 32"
2026-08-01T13:54:19,3,1 Călăraşi,8,Oprire ACC,Execuție lucrări de modernizare - firma ELSACO pe Magistrala II Sud,2026-08-02T23:00,"• Cal Călăraşi - Cal. Călăraşi bl. 50, 70, 68, 65, 49, 71, 67, 66,"
2026-08-01T13:54:19,3,4 Theodor Speranţia,32,Oprire ACC,Execuție lucrări de modernizare - firma ELSACO pe Magistrala II Sud,2026-08-02T23:00,"• Str Voroneţ - bl. A15+A15bis, A22, D8, D7, D6, D5A, D4, D5, D2, D3, D1 • Str Meşterul Manole - bl. D17, D10, D9, D11, D15 • Str Negoiu - bl. D18, D16, D14, D12 • Str Ion Păunescu-Paltin - bl. D13 • Str Dristorului - bl. A21, B14, A23, B13, A20, B7, B14, B20 • Int Arenei - bl. B2, B3"
2026-08-01T13:54:19,3,10 Vitan,17,Oprire ACC,Execuție lucrări de modernizare - firma ELSACO pe Magistrala II Sud,2026-08-02T23:00,"• Str Zizin - bl. V80B, V80A, V81C, V40 • Str Vlaicu Vodă - bl. V43, V39, V82, V38, V81, V79, V82B, V81A • Cal Vitan - bl. V40, V42, V17, V82A, V42C,V42A • Str Brânduşelor - bl. V78"
2026-08-01T13:54:19,3,6 Mărășești,19,Oprire ACC,Execuție lucrări de modernizare - firma ELSACO pe Magistrala II Sud,2026-08-02T23:00,"• Bld Mircea Vodă - bl. M11, M14, M20bis, M9,M8, M1, M21, M22, M6, M20 • Str Panait Cerna - bl. M5 • Spl Unirii - bl. M3, M4, M12, M19, M10, M15, M7, M18, M16, M13"
2026-08-01T13:54:19,3,4 Labirint,5,Oprire ACC,Execuție lucrări de modernizare - firma ELSACO pe Magistrala II Sud,2026-08-02T23:00,"• Str Matei Basarab - bl. L112, L112A, L113A, L113 • Str Traian - bl. L112B"
2026-08-01T13:54:19,3,7 Vitan,12,Oprire ACC,Execuție lucrări de modernizare - firma ELSACO pe Magistrala II Sud,2026-08-02T23:00,"• Str Vlad Judeţul - bl. V12, V13, V14A, V11 • Cal Vitan - bl. V14B, V16B, V16A, V15 • Str Agatha Bârsescu - bl. V19 • Str Brăiliţa - bl. V17, V10, V18"
2026-08-01T13:54:19,3,1 Mărăşeşti,20,Oprire ACC,Execuție lucrări de modernizare - firma ELSACO pe Magistrala II Sud,2026-08-02T23:00,"• Str Nerva Traian - bl M64 • Bld Octavian Goga - bl. V53C, M62, M63 • Str Emil Gârleanu - bl. V52C, V53D, A1, F • Str Foişorului - bl. F1C, F2C, F3C, D, E • Str Anastasie Panu - bl. A1, A2, A3"
2026-08-01T13:54:19,3,6 Vitan,8,Oprire ACC,Execuție lucrări de modernizare - firma ELSACO pe Magistrala II Sud,2026-08-02T23:00,"• Cal Vitan - bl. V21A, V21B, V2, V1 • Ale Blăjel - bl. V3, V4 • Str Breaza - bl. V22A, V22B"
2026-08-01T13:54:19,3,1 Anexa,28,Oprire ACC,Execuție lucrări de modernizare - firma ELSACO pe Magistrala II Sud,2026-08-02T23:00,• Int Ţiglina - Scoala Gimnaziala Cezar Bolliac • Str Diligenţei - • Str Mircea Bădescu - • Str Nicolae Tudor - • Str Levănţica - • Str Dristorului - • Str Cerceluş -
2026-08-01T13:54:19,3,18 KLM,9,Oprire ACC,Execuție lucrări de modernizare - firma ELSACO pe Magistrala II Sud,2026-08-02T23:00,"• Str Sold. Spiridon Matei - bl. 9 • Int Înotătorilor - bl. 10 • Str Tomis - bl. 11 • Bld Râmnicu Sărat - bl. 11A, 20M, 20K, 10bis, 20L, 11A1"
2026-08-01T13:54:19,3,5 Călăraşi,5,Oprire ACC,Execuție lucrări de modernizare - firma ELSACO pe Magistrala II Sud,2026-08-02T23:00,"• Str Matei Basarab - 64 • Cal Călăraşi - 59, 60, 61, 58"
2026-08-01T13:54:19,3,4 Mărăşeşti,11,Oprire ACC,Execuție lucrări de modernizare - firma ELSACO pe Magistrala II Sud,2026-08-02T23:00,"• Ale Dimitrie Anghel - bl. M59 • Str Panait Cerna - bl. M43, M57, M56, M58, M28 • Str Nerva Traian - Grădinița nr. 81 • Bld Octavian Goga - bl. M60I, M24, M26, M25, M23"
2026-08-01T13:54:19,3,Biblioteca Nationala,1,Oprire ACC,Execuție lucrări de modernizare - firma ELSACO pe Magistrala II Sud,2026-08-02T23:00,• Bld Unirii - 22
2026-08-01T13:54:19,3,19 Foișor,10,Oprire ACC,Execuție lucrări de modernizare - firma ELSACO pe Magistrala II Sud,2026-08-02T23:00,"• Str Brânduşelor - bl. G4, G4A, H1, H16 • Str Banu Udrea - bl. G5, G6, H5, J2, J1, H6"
2026-08-01T13:54:19,3,7 Călăraşi,9,Oprire ACC,Execuție lucrări de modernizare - firma ELSACO pe Magistrala II Sud,2026-08-02T23:00,"• Bld Corneliu Coposu - 105A, 103, 104, 101, 106A, 105A • Str Sfânta Vineri - 105B, 105C, 102"
2026-08-01T13:54:19,3,S6,10,Oprire ACC,Execuție lucrări de modernizare - firma ELSACO pe Magistrala II Sud,2026-08-02T23:00,"• Bld Decebal - bl. S11, S9, S10, S7, S4, H3, S6, S5, S7, S8"
2026-08-01T13:54:19,3,E6,4,Oprire ACC,Execuție lucrări de modernizare - firma ELSACO pe Magistrala II Sud,2026-08-02T23:00,"• Bld Unirii - bl. E4, E4A • Str Traian - bl. E5, E6"
2026-08-01T13:54:19,3,Tribunalul Bucuresti,1,Oprire ACC,Execuție lucrări de modernizare - firma ELSACO pe Magistrala II Sud,2026-08-02T23:00,• Bld Unirii - 37
2026-08-01T13:54:19,3,14 Foișor,11,Oprire ACC,Execuție lucrări de modernizare - firma ELSACO pe Magistrala II Sud,2026-08-02T23:00,"• Cal Vitan - bl. V50B, V50A, V51 • Str Alexandru Moruzzi Voievod - bl. V54B, V54A, V56, V57, V54, V55, V57B"
2026-08-01T13:54:19,3,4 Dudești,2,Oprire ACC,Execuție lucrări de modernizare - firma ELSACO pe Magistrala II Sud,2026-08-02T23:00,"• Str Brăiliţa - bl. D9B, D9A"
2026-08-01T13:54:19,3,Clinica Sfanta Lucia,1,Oprire ACC,Reabilitare conducte DN 1000 - magistrala III SUD,2026-08-01T23:00,• Spl Unirii - 313A
2026-08-01T13:54:19,3,S.M.,1,Oprire ACC,Reabilitare conducte DN 1000 - magistrala III SUD,2026-08-01T23:00,• Spl Unirii - 455B
2026-08-01T13:54:19,3,O.P.,1,Oprire ACC,Reabilitare conducte DN 1000 - magistrala III SUD,2026-08-01T23:00,• Spl Unirii - 443
2026-08-01T13:54:19,3,C.C.,1,Oprire ACC,Reabilitare conducte DN 1000 - magistrala III SUD,2026-08-01T23:00,• Spl Unirii - 453
2026-08-01T13:54:19,3,P. M.,1,Oprire ACC,Reabilitare conducte DN 1000 - magistrala III SUD,2026-08-01T23:00,• Spl Unirii - 443
2026-08-01T13:54:19,3,C.A.,1,Oprire ACC,Reabilitare conducte DN 1000 - magistrala III SUD,2026-08-01T23:00,• Spl Unirii -
2026-08-01T13:54:19,3,H.B-E.,1,Oprire ACC,Reabilitare conducte DN 1000 - magistrala III SUD,2026-08-01T23:00,• Spl Unirii -
2026-08-01T13:54:19,4,Metalurgiei,5,Deficienta ACC,Functionare deficitara a apei calde de consum din cauza manevrelor de echilibrare hidraulica a retelei termice,2026-08-01T23:00,"• Bld Alexandru Obregia - bl. OD1, 2B, 2A, M1, OD2"
2026-08-01T13:54:19,4,2 Serban Voda,5,Deficienta ACC,Functionare deficitara a apei calde de consum din cauza manevrelor de echilibrare hidraulica a retelei termice,2026-08-01T23:00,"• Str Mitropolitul Dosoftei - Imobil nr.6 • Cal Şerban Vodă - bl. 13, 14, 15, Imobil nr.168"
2026-08-01T13:54:19,4,1 Serban Voda,4,Deficienta ACC,Functionare deficitara a apei calde de consum din cauza manevrelor de echilibrare hidraulica a retelei termice,2026-08-01T23:00,"• Str Simion - Imobil nr. 42 • Str G-ral Candiano Popescu - bl. 2 • Cal Şerban Vodă - bl. 1, 2, 2B"
2026-08-01T13:54:19,4,Pieptanari,14,Deficienta ACC,Functionare deficitara a apei calde de consum din cauza manevrelor de echilibrare hidraulica a retelei termice,2026-08-01T23:00,"• Str Constantin Mănescu - bl. 6, 7, 8, Comunitatea Musulmană • Bld Pieptănari - bl. 5 • Str Dârste - Imobil nr.3 • Şos Viilor - bl. 4AB • Str Dumitru P. Botez - bl. Plomba 12 • Cal Şerban Vodă - bl. 2, 3A, 3B, 11 • Str Pandele Roşca - Scoala Gimnaziala Princepesa Margareta • Str Nicolae Galea - bl. 10 • Str Scarlat Otulescu - bl. 9"
2026-08-01T13:54:19,4,Modul Termic - Grădinița nr.243,1,Oprire ACC,"Lucrari POIM - Reabilitarea sistemului de termoficare al Municipului Bucuresti - LOT 4 ,Obiectivele 17,18,19,20.",2026-08-02T23:00,• Str Almaşu Mare -
2026-08-01T13:54:19,4,12 Giurgiu,2,Oprire ACC,"Lucrari POIM - Reabilitarea sistemului de termoficare al Municipului Bucuresti - LOT 4 ,Obiectivele 17,18,19,20.",2026-08-02T23:00,"• Şos Giurgiului - bl. 12, 13"
2026-08-01T13:54:19,4,Curcani,32,Oprire ACC,"Lucrari POIM - Reabilitarea sistemului de termoficare al Municipului Bucuresti - LOT 4 ,Obiectivele 17,18,19,20.",2026-08-02T23:00,"• Str Semenic - bl. 20 • Str Huedin - bl. 1, 2, 3, 6, 7, 11, III/21A • Str Izvorul Oltului - bl. 4, 21, 22, III/25 • Str Lamoteşti - bl. 4, 5, 10, 11A, 11B, 12, 13, 14, 15, 62, III/21B • Bld Constantin Brâncoveanu - bl. 8, 9, 18, 19 • Ale Crevedia - bl. 16, 17 • Str Cetatea Veche - bl. III/4, III/5A, III/5B"
2026-08-01T13:54:19,4,Modul Termic - Spitalul Alexandru Obregia ( Creșa 25 ) / Stationar de zi,1,Oprire ACC,"Lucrari POIM - Reabilitarea sistemului de termoficare al Municipului Bucuresti - LOT 4 ,Obiectivele 17,18,19,20.",2026-08-02T23:00,• Str Argeşelu - Spitalul Alexandru Obregia ( Creșa 25 ) / Stationar de zi
2026-08-01T13:54:19,4,Tudor Gociu,17,Oprire ACC,"Lucrari POIM - Reabilitarea sistemului de termoficare al Municipului Bucuresti - LOT 4 ,Obiectivele 17,18,19,20.",2026-08-02T23:00,"• Str Orăştie - bl. 2A, L4, M2 • Str Anghel Moldoveanu - bl. A1 • Str Perşani - bl. L2 • Str Ilie Oprea - bl. L1, L3 • Str Tudor Gociu - bl. 1, B, C, C1, C2, C3, C4, L2, L4, AGIP"
2026-08-01T13:54:19,4,Urziceni,37,Oprire ACC,"Lucrari POIM - Reabilitarea sistemului de termoficare al Municipului Bucuresti - LOT 4 ,Obiectivele 17,18,19,20.",2026-08-02T23:00,"• Ale Slătioara - bl. 4, 12, 13, 15, 16, C1, C2, C3, C8, C10, C11 • Str Luica - bl. 1, 2, 3, 4, 5, 6, 7, 106 • Str Răzăchiei - bl. 11 • Str Reşiţa - bl. 8, 9, 10, 42, 42A, 43, 44, 45, 46, 47 • Str Urziceni - bl. 14, 17. 41, C9 • Ale Călineşti - bl. C4, C5, C6, C7, C12"
2026-08-01T13:54:19,4,4 Vifornita,20,Oprire ACC,"Lucrari POIM - Reabilitarea sistemului de termoficare al Municipului Bucuresti - LOT 4 ,Obiectivele 17,18,19,20.",2026-08-02T23:00,"• Ale Straja - bl. 69 • Str Straja - bl. 62, 62Bis, 63 • Str Argeşelu - bl. A4, A7 • Drm Găzarului - bl. A1, A2, A3, 133, 136, 138 • Ale Reşiţa A - bl. A6 • Str Reşiţa - bl. A5 • Str Izvorul Rece - bl. A8 • Ale Dolina - bl. 64, 68, 70, 134, 137"
2026-08-01T13:54:19,4,2 Zona V,22,Oprire ACC,"Lucrari POIM - Reabilitarea sistemului de termoficare al Municipului Bucuresti - LOT 4 ,Obiectivele 17,18,19,20.",2026-08-02T23:00,"• Str Huedin - bl. A12 • Ale Ţebea - bl. 101, 102. 103, D10, D11A, D12, D13 • Str Izvorul Trotuşului - bl. D14, D15, D24 • Str Izvorul Rece - bl. S14 A+B • Str Izvorul Mureşului - bl. A11, D9, D22 • Str Izvorul Crişului - bl. A1, A2, A3, D1 • Bld Constantin Brâncoveanu - bl. M1/1, M2/3, M2/4"
2026-08-01T13:54:19,4,"U.M. 01295, U.M. 01376",2,Oprire ACC,"Lucrari POIM - Reabilitarea sistemului de termoficare al Municipului Bucuresti - LOT 4 ,Obiectivele 17,18,19,20.",2026-08-02T23:00,• Şos Vitan Bârzeşti -
2026-08-01T13:54:19,4,Livada Noua,17,Oprire ACC,"Lucrari POIM - Reabilitarea sistemului de termoficare al Municipului Bucuresti - LOT 4 ,Obiectivele 17,18,19,20.",2026-08-02T23:00,"• Str Alunişului - bl. 1 • Şos Giurgiului - bl. 4, 9, 9T, G, N, O • Str Ghimpaţi - bl. 3, 2, 1T, 2T, 3T, 8T • Int Târgu Frumos - bl. 5, 6, 7, 4T"
2026-08-01T13:54:19,4,Modul Termic - Trident,1,Oprire ACC,"Lucrari POIM - Reabilitarea sistemului de termoficare al Municipului Bucuresti - LOT 4 ,Obiectivele 17,18,19,20.",2026-08-02T23:00,• Str Moldoviţa -
2026-08-01T13:54:19,4,Huedin,17,Oprire ACC,"Lucrari POIM - Reabilitarea sistemului de termoficare al Municipului Bucuresti - LOT 4 ,Obiectivele 17,18,19,20.",2026-08-02T23:00,"• Str Straja - bl. 52 • Str Moldoveni - bl. B15, B21 • Str Grădiştea - bl. 48, B5 • Str Reşiţa - bl. 49, 50, 51, Biserica Sf. Daniel • Str Huedin - bl. A26, 34, M1/2 • Ale Huedin - bl. 2, 3, 4, 5 • Str Uioara - bl. 33"
2026-08-01T13:54:19,4,Observator Astronomic,1,Oprire ACC,"Lucrari POIM - Reabilitarea sistemului de termoficare al Municipului Bucuresti - LOT 4 ,Obiectivele 17,18,19,20.",2026-08-02T23:00,• Str Piscului -
2026-08-01T13:54:19,4,Palatul National al Copiilor,1,Oprire ACC,"Lucrari POIM - Reabilitarea sistemului de termoficare al Municipului Bucuresti - LOT 4 ,Obiectivele 17,18,19,20.",2026-08-02T23:00,• Bld Tineretului -
2026-08-01T13:54:19,4,Spinis,26,Oprire ACC,"Lucrari POIM - Reabilitarea sistemului de termoficare al Municipului Bucuresti - LOT 4 ,Obiectivele 17,18,19,20.",2026-08-02T23:00,"• Str Spiniş - bl. 19, 24, 43, 45, 48, 104, 105 • Str Râul Şoimului - bl. 25, 26, 27, 28, 46, 47, 49 • Şos Giurgiului - bl. 4A, 4B • Str Grădiştea - bl. 101 • Drm Găzarului - bl. 18, 21, 22, 50 • Str Tătuleşti - bl. 44, 98, 100A, 100B, 103"
2026-08-01T13:54:19,4,Scoala I Teodoreanu nr.36 - Sala Sport,1,Oprire ACC,"Lucrari POIM - Reabilitarea sistemului de termoficare al Municipului Bucuresti - LOT 4 ,Obiectivele 17,18,19,20.",2026-08-02T23:00,• Str Coştila -
2026-08-01T13:54:19,4,4 Lanariei,10,Oprire ACC,"Lucrari POIM - Reabilitarea sistemului de termoficare al Municipului Bucuresti - LOT 4 ,Obiectivele 17,18,19,20.",2026-08-02T23:00,"• Str Avalanşei - bl. 1, 2, 3 • Bld Gheorghe Şincai - bl. 2, 3, 3TR1, 4, 5, 5A • Str Cuza Vodă - bl. 1A"
2026-08-01T13:54:19,4,Inst. Nat. de Neurologie si Boli Neurovasculare,1,Oprire ACC,"Lucrari POIM - Reabilitarea sistemului de termoficare al Municipului Bucuresti - LOT 4 ,Obiectivele 17,18,19,20.",2026-08-02T23:00,• Şos Berceni -
2026-08-01T13:54:19,4,2 Tineretului,26,Oprire ACC,"Lucrari POIM - Reabilitarea sistemului de termoficare al Municipului Bucuresti - LOT 4 ,Obiectivele 17,18,19,20.",2026-08-02T23:00,"• Bld Tineretului - bl. 18, 19, 37, 38, 39 • Str Albinelor - bl. 32 • Str Piscului - bl. 40, 41, 42, 47 • Str V. V. Stanciu - bl. 31 • Str Trestiana - bl. 17, 20, 23 • Str Vişana - bl. 25, 26, 36, 43, 44, 45 • Str Constantin Rădulescu-Motru - bl. 22-24, 33, 34, 35, 36, 46"
2026-08-01T13:54:19,4,3 Tineretului,18,Oprire ACC,"Lucrari POIM - Reabilitarea sistemului de termoficare al Municipului Bucuresti - LOT 4 ,Obiectivele 17,18,19,20.",2026-08-02T23:00,"• Bld Tineretului - bl. 52 • Bld Pionierilor - bl. 51 • Str Piscului - bl. 49, 50, 77, 78, 79, 80, 81 • Str V. V. Stanciu - bl. 69A • Cal Văcăreşti - bl. 69B, 70B, 83, 84 • Str Cărămidarii de Jos - bl. 48, 75, 76"
2026-08-01T13:54:19,4,Plugarilor,12,Oprire ACC,"Lucrari POIM - Reabilitarea sistemului de termoficare al Municipului Bucuresti - LOT 4 ,Obiectivele 17,18,19,20.",2026-08-02T23:00,"• Bld Abatorului - bl. 95 • Str Plugarilor - bl. 91, 94 • Str V. V. Stanciu - bl. 88, 90 • Cal Văcăreşti - bl. 85A, 85B, 86, 87 • Ale Bran - bl. 89, 92, 93"
2026-08-01T13:54:19,4,1 Vacaresti,15,Oprire ACC,"Lucrari POIM - Reabilitarea sistemului de termoficare al Municipului Bucuresti - LOT 4 ,Obiectivele 17,18,19,20.",2026-08-02T23:00,"• Str Stamate Costache - 3C, 3E • Str Pridvorului - bl. 1A, 4, 5, 6 • Cal Văcăreşti - bl. 1B, 1C, 1D, 1E, 2A, 2B, 2C, 3A, 3B"
2026-08-01T13:54:19,4,Norilor,4,Oprire ACC,"Lucrari POIM - Reabilitarea sistemului de termoficare al Municipului Bucuresti - LOT 4 ,Obiectivele 17,18,19,20.",2026-08-02T23:00,"• Str Maria Tănase - bl. 28, 29 • Bld Gheorghe Şincai - bl. 30, 30A"
2026-08-01T13:54:19,4,B 3 Cauzasi,7,Oprire ACC,"Lucrari POIM - Reabilitarea sistemului de termoficare al Municipului Bucuresti - LOT 4 ,Obiectivele 17,18,19,20.",2026-08-02T23:00,"• Pţa Unirii - bl. B3, B4, B5 ,B6, B7 • Str Radu Vodă - bl. B8 • Bld Dimitrie Cantemir - bl. B2"
2026-08-01T13:54:19,4,6 Vifornita,17,Oprire ACC,"Lucrari POIM - Reabilitarea sistemului de termoficare al Municipului Bucuresti - LOT 4 ,Obiectivele 17,18,19,20.",2026-08-02T23:00,"• Şos Giurgiului - bl. 1, 2A, 2B, • Str Grădiştea - bl. 86, 87 • Str Tătuleşti - bl. 18, 20, 82, 83, 84, 85 • Ale Călineşti - bl. 11, 12, 13, 14, 15, 81"
2026-08-01T13:54:19,4,1 Tineretului,33,Oprire ACC,"Lucrari POIM - Reabilitarea sistemului de termoficare al Municipului Bucuresti - LOT 4 ,Obiectivele 17,18,19,20.",2026-08-02T23:00,"• Ale Tohani - bl. 30, 31; Gradinita nr.224 • Bld Tineretului - bl. A2, A3, A4, A5, A6, Z2, Z3, Z4, Z5, Z6, Z7, 5A • Str Mocăncuţei - Imob.vila • Str Poenari - bl. 12, 13 • Str Trestiana - bl. 8A, 8B, 9, 10, 11, 14, 15, 16, 32 • Str Tohani - bl. 29, 33 • Str Constantin Rădulescu-Motru - bl. 21, 27A, 28, 34 • Str Cuza Vodă - bl. 27B"
2026-08-01T13:54:19,4,4 Tineretului,23,Oprire ACC,"Lucrari POIM - Reabilitarea sistemului de termoficare al Municipului Bucuresti - LOT 4 ,Obiectivele 17,18,19,20.",2026-08-02T23:00,"• Bld Tineretului - bl. 53, 54, 57, 58, 64, 65, 66 • Str Baladei - bl. 55, 56, 59, 60, 61, 61A, 73 • Cal Văcăreşti - bl. 62, 63, 67, 68, 71, 72A, 72B • Str Cărămidarii de Jos - bl. 74A, 74B"
2026-08-01T13:54:19,4,11 Giurgiu,3,Oprire ACC,"Lucrari POIM - Reabilitarea sistemului de termoficare al Municipului Bucuresti - LOT 4 ,Obiectivele 17,18,19,20.",2026-08-02T23:00,"• Şos Giurgiului - bl. 5, 11 • Str Petre Ţuţea - Scoala nr.109"
2026-08-01T13:54:19,4,Luica,29,Oprire ACC,"Lucrari POIM - Reabilitarea sistemului de termoficare al Municipului Bucuresti - LOT 4 ,Obiectivele 17,18,19,20.",2026-08-02T23:00,"• Str Luica - bl. M1, M2, M3, M4, M4Bis, M5, M6, IV/1A • Str Reşiţa - bl. M1, P4 • Str Uioara - bl. IV/1B, IV/1C, IV/1 sc.A; M2 • Str Ucea - bl. P3, P4, P7, P8, P9, P10, P11, P12, IV/2 • Str Coştila - bl. P1, P2, P5, P6, P9"
2026-08-01T13:54:19,4,2 Giurgiu,7,Oprire ACC,"Lucrari POIM - Reabilitarea sistemului de termoficare al Municipului Bucuresti - LOT 4 ,Obiectivele 17,18,19,20.",2026-08-02T23:00,"• Str Tufişului - Scoala nr.188 • Şos Giurgiului - bl. B, C, E, F, K • Str Şoimuş - bl. L"
2026-08-01T13:54:19,4,2 Vacaresti,21,Oprire ACC,"Lucrari POIM - Reabilitarea sistemului de termoficare al Municipului Bucuresti - LOT 4 ,Obiectivele 17,18,19,20.",2026-08-02T23:00,"• Str Stamate Costache - bl. 8A, 8C • Str Pridvorului - bl. 11, 12, 13, 14, 18, 19, 20 • Cal Văcăreşti - bl. 8D, 8E, 9A, 9B, 9C, 10A, 10B, 10C, 10D, 15, 16, 17"
2026-08-01T13:54:19,4,1 Stoian Militaru,6,Oprire ACC,"Lucrari POIM - Reabilitarea sistemului de termoficare al Municipului Bucuresti - LOT 4 ,Obiectivele 17,18,19,20.",2026-08-02T23:00,"• Str Padeşu - bl. 1 • Str Pictor Ştefan Dimitrescu - bl. 2, 19 • Str Şura Mare - bl. 1A, 1B • Str Cornetului - bl. 20"
2026-08-01T13:54:19,4,2 Lanariei,15,Oprire ACC,"Lucrari POIM - Reabilitarea sistemului de termoficare al Municipului Bucuresti - LOT 4 ,Obiectivele 17,18,19,20.",2026-08-02T23:00,"• Str Maria Tănase - bl. 13 • Bld Gheorghe Şincai - bl. 11, 12 • Str Viorele - bl. 15, 17, 18, 20A, 20B, 22, 37, Scoala nr. 97 • Cal Văcăreşti - bl. 23, 24 • Ale Borcea - bl. 14, 16"
2026-08-01T13:54:19,4,3 Oltenita Placare,22,Oprire ACC,"Lucrari POIM - Reabilitarea sistemului de termoficare al Municipului Bucuresti - LOT 4 ,Obiectivele 17,18,19,20.",2026-08-02T23:00,"• Şos Olteniţei - bl. 2A, 2B, 2C, 2D, 3C, 3D, 3E, 4A, 4B, 4C, 4D, 5A, 5B, 5C, 5D, 5E • Str Gheorghe Adamescu - bl. 4E • Str Pometului - Imobil nr.41 • Str Laloşu - bl. 3A, 3B, 2E"
2026-08-01T13:54:19,4,Dealul Cernei,13,Oprire ACC,"Lucrari POIM - Reabilitarea sistemului de termoficare al Municipului Bucuresti - LOT 4 ,Obiectivele 17,18,19,20.",2026-08-02T23:00,"• Str Uioara - bl. 12Bis, 35, 36, 46 • Ale Cetatea Veche - bl. 2Bis, 3Bis, 5, 37, 38, 39, 40, 41, 47"
2026-08-01T13:54:19,4,Sincai,8,Oprire ACC,"Lucrari POIM - Reabilitarea sistemului de termoficare al Municipului Bucuresti - LOT 4 ,Obiectivele 17,18,19,20.",2026-08-02T23:00,"• Str Mocăncuţei - Imobil nr.12 • Bld Gheorghe Şincai - bl. 2, 4 • Str Tineretului - bl 5,Z1 • Str Trestiana - bl. 3 • Str Constantin Rădulescu-Motru - bl. 1, 35 • Str Cuza Vodă - bl. 37A"
2026-08-01T13:54:19,4,3 Zona V,16,Oprire ACC,"Lucrari POIM - Reabilitarea sistemului de termoficare al Municipului Bucuresti - LOT 4 ,Obiectivele 17,18,19,20.",2026-08-02T23:00,"• Str Reşiţa - bl. D17 • Str Huedin - bl. A13, D18, D19, D20 • Str Izvorul Mureşului - bl. 10, A4 • Str Izvorul Crişului - bl. A5, A6, A7, A8, A14, A15, A16, D16, D21"
2026-08-01T13:54:19,4,Uioara,31,Oprire ACC,"Lucrari POIM - Reabilitarea sistemului de termoficare al Municipului Bucuresti - LOT 4 ,Obiectivele 17,18,19,20.",2026-08-02T23:00,"• Str Semenic - bl. 23, 24 • Str Luica - bl. 59, 60, 61, III/6, III/7 • Ale Gorneşti - bl. 55, 56 • Ale Uioara - bl. 4Bis, 42, 43, 44, 45, 48, 49, 50, 51, 52, 53, 54, 58 • Ale Izvorul Oltului - bl. 25, 26, 27, 28, 29, 33, 62Bis • Bld Constantin Brâncoveanu - bl. 30, 34-35"
2026-08-01T13:54:19,4,Almașul Mare,19,Oprire ACC,"Lucrari POIM - Reabilitarea sistemului de termoficare al Municipului Bucuresti - LOT 4 ,Obiectivele 17,18,19,20.",2026-08-02T23:00,"• Str Moldoveni - bl. B19, B20 • Str Almaşu Mic - bl. B6, B7, B8, B10, B11, B12, B17, B18, Gradinita nr.62 • Str Almaşu Mare - bl. B2, B9, B16 • Str Grădiştea - bl. B1, B3, B4, B13, B14"
2026-08-01T13:54:19,4,2 Vifornita,26,Oprire ACC,"Lucrari POIM - Reabilitarea sistemului de termoficare al Municipului Bucuresti - LOT 4 ,Obiectivele 17,18,19,20.",2026-08-02T23:00,"• Str Straja - bl. 30, 31, 32, 40, 65, 66 • Str Spiniş - bl. 52, 53, 54 • Str Moldoveni - bl. 55, 59, 60, 61 • Str Almaşu Mare - bl. 51, 56, 57, 58 • Str Argeşelu - bl. 33, 34, 35, 37, 39, 67 • Drm Găzarului - bl. 29 • Str Reşiţa - bl. 36, 38"
2026-08-01T13:54:19,4,1 Zona IV,14,Oprire ACC,"Lucrari POIM - Reabilitarea sistemului de termoficare al Municipului Bucuresti - LOT 4 ,Obiectivele 17,18,19,20.",2026-08-02T23:00,"• Str Grădiştea - bl. A9, A10 • Ale Reşiţa D - A1, A3, A4, A5, A7, A8 • Str Reşiţa - bl. A2, A6 • Str Uioara - bl. A11, A12, A13, A14"
2026-08-01T13:54:19,4,Sala Polivalenta,1,Oprire ACC,"Lucrari POIM - Reabilitarea sistemului de termoficare al Municipului Bucuresti - LOT 4 ,Obiectivele 17,18,19,20.",2026-08-02T23:00,• Cal Piscului -
2026-08-01T13:54:19,4,1 Zona V,12,Oprire ACC,"Lucrari POIM - Reabilitarea sistemului de termoficare al Municipului Bucuresti - LOT 4 ,Obiectivele 17,18,19,20.",2026-08-02T23:00,"• Str Reşiţa - bl. A18, A19 • Str Izvorul Rece - bl. A10 • Str Izvorul Mureşului - bl. A9 ,D5, D6, D7, D23 • Str Izvorul Crişului - bl. D3, D4 • Str Trotuşului - bl. A17, D8"
2026-08-01T13:54:19,5,Giurgiu Farado,15,Oprire ACC,Reabilitarea sistemului de termoficare al Municipiului Bucuresti - Lucrari POIM -Lot 4- Obiectivele 18 - 19,2026-08-02T23:00,"• Ale Podul Giurgiului - 2, 3, 4, 5, 6, 7, 8, 9, 11, 12,13 • Str Vigoniei - 1, 8, 15 • Şos Giurgiului - 16"
2026-08-01T13:54:19,5,9 Farado,5,Oprire ACC,Reabilitarea sistemului de termoficare al Municipiului Bucuresti - Lucrari POIM -Lot 4- Obiectivele 18 - 19,2026-08-02T23:00,"• Str Podul Giurgiului - 9,14 • Str Vigoniei - 10, 10Turn, 14Turn"
2026-08-01T13:54:19,5,1 Giurgiu,9,Oprire ACC,Reabilitarea sistemului de termoficare al Municipiului Bucuresti - Lucrari POIM -Lot 4- Obiectivele 18 - 19,2026-08-02T23:00,"• Str Verigei - bl. 1, 2, Z 3, Z5 • Şos Giurgiului - bl. A, H1, H2 • Str Ştefan Vodă - imobil Decu Aurel • Str Măgurei - bl. D1"
2026-08-01T13:54:19,5,6 Farado,6,Oprire ACC,Reabilitarea sistemului de termoficare al Municipiului Bucuresti - Lucrari POIM -Lot 4- Obiectivele 18 - 19,2026-08-02T23:00,"• Str Podul Giurgiului - bl. 17, 18, Liceul Energetic • Str Toporaşi - bl. 15 • Şos Giurgiului - bl. 5, 6, 7"
2026-08-01T13:54:19,5,Modul Toporaşi,1,Oprire ACC,Revizie tehnică - CTE Progresu,2026-08-10T23:00,• Str Toporaşi - 1
2026-08-01T14:57:32,1,4 Aviatiei,33,Deficienta ACC,Lipsa parametri pentru livrare apă caldă de consum,2026-08-01T21:00,"• Str Măguricea - bl. 13D, 13E, 7P • Str Nicolae G. Caramfil - bl. 11C, 11A, 11B • Str G-ral Ştefan Burileanu - bl. 11I, 12J, 12K, 13M, 13N • Str Cpt. Alexandru Şerbănescu - bl. 7M, 7L, 7N • Str Elena Caragiani - bl. 12D • Str Smaranda Brăescu - bl. 11G, 12I, 12H, 12A, 11H • Str Prometeu - bl. 12G, 12E, 12F, 13F, 13G • Str Feleacu - bl. 13B, 11E, 12B, 12C, 13A, 13C, 11D, 11F"
2026-08-01T14:57:32,1,3 Aviatiei,27,Deficienta ACC,Lipsa parametri pentru livrare apă caldă de consum,2026-08-01T21:00,"• Str Căpâlna - bl. 15M, 14D+14E, 15B, 15J, 15K, 15A, 15L, 16H, 16I • Str Cpt. Alexandru Şerbănescu - bl. 14B, SERBANESCU 12-14, 14C, 16A, 16C • Str Avionului - bl. 16J, 15H, 15D, 15F, 15E • Str Aripilor - bl. 15C , STAR • Str Siriului - bl. 16J, 16F, 16E • Str Prometeu - bl. 14F, 16G, 16D"
2026-08-01T14:57:32,1,6 Aviatiei,20,Deficienta ACC,Lipsa parametri pentru livrare apă caldă de consum,2026-08-01T21:00,"• Str Nicolae G. Caramfil - bl. 21H, 21B, 21A, 21C, 22 B • Str G-ral Ştefan Burileanu - bl. 20A, 20C, 20B, 21E • Str Cpt. Alexandru Şerbănescu - bl. 20-I, 20J, 22H, 20E, 20D • Str Smaranda Brăescu - bl. 20H, 20F, 21 I, 21G, 22D, 21F"
2026-08-01T14:57:32,1,5 Aviatiei,12,Deficienta ACC,Lipsa parametri pentru livrare apă caldă de consum,2026-08-01T21:00,"• Str Cpt. Alexandru Şerbănescu - bl. 17A, 17B, 18A, 19A, 19B, 19F, 19G • Str Siriului - bl. 17C, 17D, 18B, 19D, 19E"
2026-08-01T14:57:32,2,Barbu Vacarescu,6,Deficienta ACC,Funcționare deficitară a apei calde de consum din cauza manevrelor de echilibrare hidraulică a rețelei termice,2026-08-01T23:00,"• Str Dinu Vintilă - bl.3, 4, 5 • Str Barbu Văcărescu - bl.1,2; 7"
2026-08-01T14:57:32,2,1 Mosilor,22,Deficienta ACC,Funcționare deficitară a apei calde de consum din cauza manevrelor de echilibrare hidraulică a rețelei termice,2026-08-01T23:00,"• Ale Cenuşeresei - bl.50, 52 • Str Traian - bl.30 B, imob.Nr.254 • Cal Moşilor - bl.36, 38, 42, 46, 48, 58, 32, 30A, 31A , 31C • Str Mihai Eminescu - bl.31B ,32 • Str Vaselor - bl.34, imob.Nr.3A • Str Ion Maiorescu - bl.44 ;50 ;40, imob.Nr.37, 7"
2026-08-01T14:57:32,2,Galvani Tei,9,Deficienta ACC,Funcționare deficitară a apei calde de consum din cauza manevrelor de echilibrare hidraulică a rețelei termice,2026-08-01T23:00,"• Str Johannes K. Kepler - bl.K/4/1; 2 • Bld Lacul Tei - bl.7, 8, 5, 6 • Str Păstorului - bl.4, 3, 4Bis"
2026-08-01T14:57:32,2,201 Mihai Bravu,5,Oprire ACC,Execuție lucrări de modernizare - firma SICOR pe Magistrala II Sud,2026-08-02T23:00,"• Şos Mihai Bravu - bl. 205, 203, 204, 200, • Cal Călăraşilor - bl. 201, 202"
2026-08-01T14:57:32,3,IN CITY,1,Oprire ACC,Execuție lucrări de modernizare - firma ELSACO pe Magistrala II Sud,2026-08-02T23:00,• Cal Dudeşti -
2026-08-01T14:57:32,3,16 Foișor,1,Oprire ACC,Execuție lucrări de modernizare - firma ELSACO pe Magistrala II Sud,2026-08-02T23:00,• Cal Vitan - bl. V6
2026-08-01T14:57:32,3,16 Răcari,17,Oprire ACC,Execuție lucrări de modernizare - firma ELSACO pe Magistrala II Sud,2026-08-02T23:00,"• Str Mureşana - bl. 52, 51 A+B • Str Lugojana - bl. 50+50A, 47 • Str Crivăţului - bl. 43A, 51, 44B • Str Răcari - bl. 42 • Ale Slt. Adrian Cârstea - bl. 43, 44, 41, 48, 45, 46, 44A"
2026-08-01T14:57:32,3,3 Labirint,7,Oprire ACC,Execuție lucrări de modernizare - firma ELSACO pe Magistrala II Sud,2026-08-02T23:00,"• Str Matei Basarab - bl. 119bis, L121, L118A, L116A • Str Labirint - bl. L117, L119, L117bis"
2026-08-01T14:57:32,3,21 Foișor,17,Oprire ACC,Execuție lucrări de modernizare - firma ELSACO pe Magistrala II Sud,2026-08-02T23:00,"• Str Vlaicu Vodă - bl. C8, C9 • Str Vlad Dracul - bl. B12, B13 • Str Vasile Cârlova - bl. A7, A7bis • Str Emil Gârleanu - bl. A6, A4 • Str Lt. col. Dumitru Papazoglu - bl. B10, C6 • Str Anastasie Panu - bl. A12, A5, A16, B7 • Str Alexandru Moruzzi Voievod - bl. A11, A13, B6"
2026-08-01T14:57:32,3,15 Foișor,4,Oprire ACC,Execuție lucrări de modernizare - firma ELSACO pe Magistrala II Sud,2026-08-02T23:00,"• Str Zizin - bl. G1 • Str Brânduşelor - bl. G3 • Str Banu Udrea - bl. G7, G8"
2026-08-01T14:57:32,3,12 Foișor,14,Oprire ACC,Execuție lucrări de modernizare - firma ELSACO pe Magistrala II Sud,2026-08-02T23:00,"• Str Vlad Dracul - bl. C12, C14, C13 • Str Foişorului - bl. F13C, F14C, F11C, F12C • Str Anastasie Panu - bl. C15, D3, D1, D2, D6, D4, D5"
2026-08-01T14:57:32,3,I3,6,Oprire ACC,Execuție lucrări de modernizare - firma ELSACO pe Magistrala II Sud,2026-08-02T23:00,"• Str Miletin - Imobil • Pţa Alba Iulia - bl. I1, I2, I3, I4, I5"
2026-08-01T14:57:32,3,2 Unităţii,16,Oprire ACC,Execuție lucrări de modernizare - firma ELSACO pe Magistrala II Sud,2026-08-02T23:00,"• Str Vulcan Judeţul - bl. B1B, B1C, B3A • Str Traian Popovici - bl. B3D, B4, B4D, B4F, B4A • Şos Mihai Bravu - bl. B2A, B2B, B2C, B1, B1A, B1D, B3B, B3C • Str Caloian Judeţul - bl. B4C, Scoala Generala nr. 80"
2026-08-01T14:57:32,3,2 Mărășești,16,Oprire ACC,Execuție lucrări de modernizare - firma ELSACO pe Magistrala II Sud,2026-08-02T23:00,"• Str Vlad Dracul - bl. B1, B2 • Str Nerva Traian - bl. M70, M71, M66, M69, M68, M65 • Str Emil Gârleanu - bl. A8, A9 • Str Logofătul Tăutu - bl. C3, C4, C5 • Str Lt. col. Dumitru Papazoglu - bl. B5 • Str Alexandru Moruzzi Voievod - bl. B1, A10"
2026-08-01T14:57:32,3,J2 Unirii,7,Oprire ACC,Execuție lucrări de modernizare - firma ELSACO pe Magistrala II Sud,2026-08-02T23:00,"• Bld Unirii - bl. J1, J3B, J4, J2, J3A • Pţa Alba Iulia - bl. I6, I7"
2026-08-01T14:57:32,3,M107,25,Oprire ACC,Execuție lucrări de modernizare - firma ELSACO pe Magistrala II Sud,2026-08-02T23:00,"• Str Nerva Traian - bl. K6 • Bld Octavian Goga - bl. M103, M106 • Str Emil Botta - bl. M109, M105, M104, M107, M108 • Bld Unirii - bl. K3, K4, K2, K5 • Str Lucian Blaga - bl. K1"
2026-08-01T14:57:32,3,F6,6,Oprire ACC,Execuție lucrări de modernizare - firma ELSACO pe Magistrala II Sud,2026-08-02T23:00,"• Str Maximilian Popper - bl. F6 • Bld Unirii - bl. F2, F3, F4 • Str Traian - bl. F1 • Str Ion Pillat - bl. F5"
2026-08-01T14:57:32,3,2 Cornul Caprei,3,Oprire ACC,Execuție lucrări de modernizare - firma ELSACO pe Magistrala II Sud,2026-08-02T23:00,"• Str Şcoala Ciocanu - Imobil • Bld Burebista - D13, D14"
2026-08-01T14:57:32,3,1 Labirint,5,Oprire ACC,Execuție lucrări de modernizare - firma ELSACO pe Magistrala II Sud,2026-08-02T23:00,"• Str Matei Basarab - bl. L111A, L109, L108, L109bis, L110"
2026-08-01T14:57:32,3,Mihai Bravu Vest,18,Oprire ACC,Execuție lucrări de modernizare - firma ELSACO pe Magistrala II Sud,2026-08-02T23:00,"• Şos Mihai Bravu - bl. 2, 3, 4, 5, 6, 7, 103, 104, 105 • Bld Decebal - bl. S1, S2, S2A+S2B, S3 • Ale Apostol Mărgărit - bl. 106, 107, 108, D.G.A.S.P.C, Centrul de zi Titan-Cercelus9 cresa nr.35 • Str Cerceluş - bl. 10-11"
2026-08-01T14:57:32,3,11 Foișor,14,Oprire ACC,Execuție lucrări de modernizare - firma ELSACO pe Magistrala II Sud,2026-08-02T23:00,"• Str Zizin - bl. V75C • Str Vlaicu Vodă - bl. V65, V66 • Str Brânduşelor - bl. V70, V75A, V77 • Str Foişorului - bl. F9C, F8C • Str Rarău - bl. V69, V68, V70, V71, F10C, V74"
2026-08-01T14:57:32,3,9 Vitan,11,Oprire ACC,Execuție lucrări de modernizare - firma ELSACO pe Magistrala II Sud,2026-08-02T23:00,"• Str Zizin - bl. 97, V101C, V101B • Str Vlaicu Vodă - bl. V34C, V100 • Cal Vitan - bl. V34A, V35 • Str Nucului - bl. V100, V101,V101A • Str Banu Udrea - bl. V104, V103, V101C, V99, V97, V102, V95"
2026-08-01T14:57:32,3,10 Laborator,26,Oprire ACC,Execuție lucrări de modernizare - firma ELSACO pe Magistrala II Sud,2026-08-02T23:00,"• Ale Şcolarilor - bl. S24, S25, S13, S14, S3A, S4, S23 • Şos Mihai Bravu - bl. S3, SB, SA, SB1, R3 • Str Laborator - bl. S11, S5, S12, S8, S9, S10, S6, S7, S1, S2A, S2 • Bld Camil Ressu - bl. 5, R1, R2"
2026-08-01T14:57:32,3,S14,11,Oprire ACC,Execuție lucrări de modernizare - firma ELSACO pe Magistrala II Sud,2026-08-02T23:00,"• Str Theodor D. Speranţia - bl. S24, S25, S26, S27,S28 • Bld Decebal - bl. S12, S12A, S12B, S13, S14, S15"
2026-08-01T14:57:32,3,1 Vitan,22,Oprire ACC,Execuție lucrări de modernizare - firma ELSACO pe Magistrala II Sud,2026-08-02T23:00,"• Cal Vitan - bl. 2, 3, 9, 10, 7C, 2A, 1, 1A, 1B • Str Lugojana - bl. 12, 11 • Str Dristorului - bl. 6 • Ale Râmnicu Sărat - bl. 2B, 7B,7A,15 • Str Râmnicu Vâlcea - bl. 15, 15B, 15A • Str Baia Mare - bl. 4, 8, 7A1,12A 5, 7, 12B"
2026-08-01T14:57:32,3,E1,6,Oprire ACC,Execuție lucrări de modernizare - firma ELSACO pe Magistrala II Sud,2026-08-02T23:00,"• Str Vintilă Vodă - bl. E1 • Bld Unirii - bl. E2, E3,E3A, E3-3, E3A2"
2026-08-01T14:57:32,3,2 Călăraşi,18,Oprire ACC,Execuție lucrări de modernizare - firma ELSACO pe Magistrala II Sud,2026-08-02T23:00,"• Str Matei Basarab - 72, 86, 73, 74, 85, L122, L120, L118 • Str Theodor D. Speranţia - 78, 83, 84 • Str Agricultori - 80, 81, 82,79, • Cal Călăraşi - 75,76,77"
2026-08-01T14:57:32,3,3 Mărăşeşti,10,Oprire ACC,Execuție lucrări de modernizare - firma ELSACO pe Magistrala II Sud,2026-08-02T23:00,"• Str Ştefan Octavian Iosif - bl. M51, M54 • Str Panait Cerna - bl. M53, M52 • Str Nerva Traian - bl. M37, M36, M39, M55, M38 • Bld Octavian Goga - bl. M42, M61 • Str Alexandru Vlahuţă - bl. M49, M50"
2026-08-01T14:57:32,3,Ministerul de Finante,1,Oprire ACC,Execuție lucrări de modernizare - firma ELSACO pe Magistrala II Sud,2026-08-02T23:00,• Bld Mircea Vodă - 44
2026-08-01T14:57:32,3,5 Mărăşeşti,17,Oprire ACC,Execuție lucrări de modernizare - firma ELSACO pe Magistrala II Sud,2026-08-02T23:00,"• Bld Mircea Vodă - bl. M31, M29, M30 • Ale Dimitrie Anghel - bl. M45 • Str Panait Cerna - bl. M44 • Str Nerva Traian - bl. M34, M35 • Str Alexandru Vlahuţă - bl. M46, M47, M48"
2026-08-01T14:57:32,3,11 Laborator,10,Oprire ACC,Execuție lucrări de modernizare - firma ELSACO pe Magistrala II Sud,2026-08-02T23:00,"• Str Laborator - bl. S18, 39A, 40, 39, 38 • Str Râmnicu Vâlcea - bl. S19, S20, S16, S15, S17"
2026-08-01T14:57:32,3,17 Răcari,15,Oprire ACC,Execuție lucrări de modernizare - firma ELSACO pe Magistrala II Sud,2026-08-02T23:00,"• Ale Miraj - bl. 60, 61, 68 • Ale Florin Ciungan - bl. 64, 66, 65, 67, 69 • Ale Răcari - bl. 75, 74, 71, 71A, 70 • Ale Marius Emanoil Buteică - bl. 72, 63, 62"
2026-08-01T14:57:32,3,BL U114 (UM 02544/B1),1,Oprire ACC,Execuție lucrări de modernizare - firma ELSACO pe Magistrala II Sud,2026-08-02T23:00,• Bld Mircea Vodă - 3-5
2026-08-01T14:57:32,3,C3 Căuzaşi,11,Oprire ACC,Execuție lucrări de modernizare - firma ELSACO pe Magistrala II Sud,2026-08-02T23:00,"• Ale Negru Vodă - C3, C4, C3A • Str Mămulari - C1, C2 • Bld Unirii - A1, A2, A3, A4 • Str Sfânta Vineri - A6, A5"
2026-08-01T14:57:32,3,1 Laborator,31,Oprire ACC,Execuție lucrări de modernizare - firma ELSACO pe Magistrala II Sud,2026-08-02T23:00,"• Str Aniversării - bl. 39A • Şos Mihai Bravu - bl. V10, V18, V7, V11, V12, V9, V15, V16, V8, V13, V17 • Str Laborator - bl. V14 • Str Iancu Brezeanu - bl. V31B • Str Agatha Bârsescu - bl. V26C, V31A, V30B, V26A, V28, V30A, V26B, V29, V25, V27A, V27B • Str Alexander Von Humboldt - bl. V23A • Ale Blăjel - bl. V5, V6 • Str Breaza - bl. V24A, V23B"
2026-08-01T14:57:32,3,3 Unităţii,19,Oprire ACC,Execuție lucrări de modernizare - firma ELSACO pe Magistrala II Sud,2026-08-02T23:00,"• Str Traian Popovici - bl. B7, B11, B10 • Şos Mihai Bravu - bl. B13, B13A, B13D, B13B, B13C • Str Lt. Aurel Botea - bl. B5A, B5, B5D, B5B, B5C, B6, B6A, B6B, B8, B9"
2026-08-01T14:57:32,3,3 Călăraşi,13,Oprire ACC,Execuție lucrări de modernizare - firma ELSACO pe Magistrala II Sud,2026-08-02T23:00,"• Cal Călăraşi - . 44, 38, 39, 45, 46, 56, 57, 55, 53, 53BIS, 42, 54 • Str Orzari - 47"
2026-08-01T14:57:32,3,5 Cornul Caprei,10,Oprire ACC,Execuție lucrări de modernizare - firma ELSACO pe Magistrala II Sud,2026-08-02T23:00,"• Str Lt. Aurel Botea - D24, D22 • Bld Burebista - D15, D16 • Str Caloian Judeţul - D19A, D21A, D20, D19B, D18, D21B"
2026-08-01T14:57:32,3,Colegiul Tehnic Mihai Bravu,1,Oprire ACC,Execuție lucrări de modernizare - firma ELSACO pe Magistrala II Sud,2026-08-02T23:00,• Şos Mihai Bravu - 428
2026-08-01T14:57:32,3,G3,9,Oprire ACC,Execuție lucrări de modernizare - firma ELSACO pe Magistrala II Sud,2026-08-02T23:00,"• Bld Unirii - bl. G2, H1, G3, G2A, G2B, G2C • Str Ion Pillat - bl. G1, G1A • Bld Decebal - bl. H2"
2026-08-01T14:57:32,3,Dristor Insulă,18,Oprire ACC,Execuție lucrări de modernizare - firma ELSACO pe Magistrala II Sud,2026-08-02T23:00,"• Şos Mihai Bravu - 12, 12A, 15, 15A, 18, 18A, 14A+B • Str Dristorului - 15B, 10, 10A, 11, 12B, 16ABC, 17,13, 13C • Bld Camil Ressu - 13A"
2026-08-01T14:57:32,3,13 Foișor,11,Oprire ACC,Execuție lucrări de modernizare - firma ELSACO pe Magistrala II Sud,2026-08-02T23:00,"• Str Vlaicu Vodă - bl. V62, V63, V61 • Str Brânduşelor - bl.V64 • Str Foişorului - bl. F6C, F7C, F5C, F4C • Str Alexandru Moruzzi Voievod - bl. V60, V59, V58"
2026-08-01T14:57:32,3,3 Theodor Speranţia,5,Oprire ACC,Execuție lucrări de modernizare - firma ELSACO pe Magistrala II Sud,2026-08-02T23:00,"• Str Theodor D. Speranţia - bl. S22 • Bld Decebal - bl. S16 • Cal Călăraşi - bl. S18, S20, S21"
2026-08-01T14:57:32,3,2 Vitan,33,Oprire ACC,Execuție lucrări de modernizare - firma ELSACO pe Magistrala II Sud,2026-08-02T23:00,"• Cal Vitan - bl. 42, 30, 41, 31, 21, 20, 51, 52, 22 • Str Mureşana - bl. 43B, 44, 58, 58A, 59 • Str Jieneasca - bl. 46, 47, 34, 33 • Str Căluşari - bl. 43, 43A, 24, 25, 50, 43A • Str Alunului - bl. 57 • Şos Mihai Bravu - bl. 53, 54, 55 • Str Răcari - bl. 38, 39 • Str Alunelului - bl. 45, 40, 32"
2026-08-01T14:57:32,3,1 Călăraşi,8,Oprire ACC,Execuție lucrări de modernizare - firma ELSACO pe Magistrala II Sud,2026-08-02T23:00,"• Cal Călăraşi - Cal. Călăraşi bl. 50, 70, 68, 65, 49, 71, 67, 66,"
2026-08-01T14:57:32,3,4 Theodor Speranţia,32,Oprire ACC,Execuție lucrări de modernizare - firma ELSACO pe Magistrala II Sud,2026-08-02T23:00,"• Str Voroneţ - bl. A15+A15bis, A22, D8, D7, D6, D5A, D4, D5, D2, D3, D1 • Str Meşterul Manole - bl. D17, D10, D9, D11, D15 • Str Negoiu - bl. D18, D16, D14, D12 • Str Ion Păunescu-Paltin - bl. D13 • Str Dristorului - bl. A21, B14, A23, B13, A20, B7, B14, B20 • Int Arenei - bl. B2, B3"
2026-08-01T14:57:32,3,10 Vitan,17,Oprire ACC,Execuție lucrări de modernizare - firma ELSACO pe Magistrala II Sud,2026-08-02T23:00,"• Str Zizin - bl. V80B, V80A, V81C, V40 • Str Vlaicu Vodă - bl. V43, V39, V82, V38, V81, V79, V82B, V81A • Cal Vitan - bl. V40, V42, V17, V82A, V42C,V42A • Str Brânduşelor - bl. V78"
2026-08-01T14:57:32,3,6 Mărășești,19,Oprire ACC,Execuție lucrări de modernizare - firma ELSACO pe Magistrala II Sud,2026-08-02T23:00,"• Bld Mircea Vodă - bl. M11, M14, M20bis, M9,M8, M1, M21, M22, M6, M20 • Str Panait Cerna - bl. M5 • Spl Unirii - bl. M3, M4, M12, M19, M10, M15, M7, M18, M16, M13"
2026-08-01T14:57:32,3,4 Labirint,5,Oprire ACC,Execuție lucrări de modernizare - firma ELSACO pe Magistrala II Sud,2026-08-02T23:00,"• Str Matei Basarab - bl. L112, L112A, L113A, L113 • Str Traian - bl. L112B"
2026-08-01T14:57:32,3,7 Vitan,12,Oprire ACC,Execuție lucrări de modernizare - firma ELSACO pe Magistrala II Sud,2026-08-02T23:00,"• Str Vlad Judeţul - bl. V12, V13, V14A, V11 • Cal Vitan - bl. V14B, V16B, V16A, V15 • Str Agatha Bârsescu - bl. V19 • Str Brăiliţa - bl. V17, V10, V18"
2026-08-01T14:57:32,3,1 Mărăşeşti,20,Oprire ACC,Execuție lucrări de modernizare - firma ELSACO pe Magistrala II Sud,2026-08-02T23:00,"• Str Nerva Traian - bl M64 • Bld Octavian Goga - bl. V53C, M62, M63 • Str Emil Gârleanu - bl. V52C, V53D, A1, F • Str Foişorului - bl. F1C, F2C, F3C, D, E • Str Anastasie Panu - bl. A1, A2, A3"
2026-08-01T14:57:32,3,6 Vitan,8,Oprire ACC,Execuție lucrări de modernizare - firma ELSACO pe Magistrala II Sud,2026-08-02T23:00,"• Cal Vitan - bl. V21A, V21B, V2, V1 • Ale Blăjel - bl. V3, V4 • Str Breaza - bl. V22A, V22B"
2026-08-01T14:57:32,3,1 Anexa,28,Oprire ACC,Execuție lucrări de modernizare - firma ELSACO pe Magistrala II Sud,2026-08-02T23:00,• Int Ţiglina - Scoala Gimnaziala Cezar Bolliac • Str Diligenţei - • Str Mircea Bădescu - • Str Nicolae Tudor - • Str Levănţica - • Str Dristorului - • Str Cerceluş -
2026-08-01T14:57:32,3,18 KLM,9,Oprire ACC,Execuție lucrări de modernizare - firma ELSACO pe Magistrala II Sud,2026-08-02T23:00,"• Str Sold. Spiridon Matei - bl. 9 • Int Înotătorilor - bl. 10 • Str Tomis - bl. 11 • Bld Râmnicu Sărat - bl. 11A, 20M, 20K, 10bis, 20L, 11A1"
2026-08-01T14:57:32,3,5 Călăraşi,5,Oprire ACC,Execuție lucrări de modernizare - firma ELSACO pe Magistrala II Sud,2026-08-02T23:00,"• Str Matei Basarab - 64 • Cal Călăraşi - 59, 60, 61, 58"
2026-08-01T14:57:32,3,4 Mărăşeşti,11,Oprire ACC,Execuție lucrări de modernizare - firma ELSACO pe Magistrala II Sud,2026-08-02T23:00,"• Ale Dimitrie Anghel - bl. M59 • Str Panait Cerna - bl. M43, M57, M56, M58, M28 • Str Nerva Traian - Grădinița nr. 81 • Bld Octavian Goga - bl. M60I, M24, M26, M25, M23"
2026-08-01T14:57:32,3,Biblioteca Nationala,1,Oprire ACC,Execuție lucrări de modernizare - firma ELSACO pe Magistrala II Sud,2026-08-02T23:00,• Bld Unirii - 22
2026-08-01T14:57:32,3,19 Foișor,10,Oprire ACC,Execuție lucrări de modernizare - firma ELSACO pe Magistrala II Sud,2026-08-02T23:00,"• Str Brânduşelor - bl. G4, G4A, H1, H16 • Str Banu Udrea - bl. G5, G6, H5, J2, J1, H6"
2026-08-01T14:57:32,3,7 Călăraşi,9,Oprire ACC,Execuție lucrări de modernizare - firma ELSACO pe Magistrala II Sud,2026-08-02T23:00,"• Bld Corneliu Coposu - 105A, 103, 104, 101, 106A, 105A • Str Sfânta Vineri - 105B, 105C, 102"
2026-08-01T14:57:32,3,S6,10,Oprire ACC,Execuție lucrări de modernizare - firma ELSACO pe Magistrala II Sud,2026-08-02T23:00,"• Bld Decebal - bl. S11, S9, S10, S7, S4, H3, S6, S5, S7, S8"
2026-08-01T14:57:32,3,E6,4,Oprire ACC,Execuție lucrări de modernizare - firma ELSACO pe Magistrala II Sud,2026-08-02T23:00,"• Bld Unirii - bl. E4, E4A • Str Traian - bl. E5, E6"
2026-08-01T14:57:32,3,Tribunalul Bucuresti,1,Oprire ACC,Execuție lucrări de modernizare - firma ELSACO pe Magistrala II Sud,2026-08-02T23:00,• Bld Unirii - 37
2026-08-01T14:57:32,3,14 Foișor,11,Oprire ACC,Execuție lucrări de modernizare - firma ELSACO pe Magistrala II Sud,2026-08-02T23:00,"• Cal Vitan - bl. V50B, V50A, V51 • Str Alexandru Moruzzi Voievod - bl. V54B, V54A, V56, V57, V54, V55, V57B"
2026-08-01T14:57:32,3,4 Dudești,2,Oprire ACC,Execuție lucrări de modernizare - firma ELSACO pe Magistrala II Sud,2026-08-02T23:00,"• Str Brăiliţa - bl. D9B, D9A"
2026-08-01T14:57:32,3,Clinica Sfanta Lucia,1,Oprire ACC,Reabilitare conducte DN 1000 - magistrala III SUD,2026-08-01T23:00,• Spl Unirii - 313A
2026-08-01T14:57:32,3,S.M.,1,Oprire ACC,Reabilitare conducte DN 1000 - magistrala III SUD,2026-08-01T23:00,• Spl Unirii - 455B
2026-08-01T14:57:32,3,O.P.,1,Oprire ACC,Reabilitare conducte DN 1000 - magistrala III SUD,2026-08-01T23:00,• Spl Unirii - 443
2026-08-01T14:57:32,3,C.C.,1,Oprire ACC,Reabilitare conducte DN 1000 - magistrala III SUD,2026-08-01T23:00,• Spl Unirii - 453
2026-08-01T14:57:32,3,P. M.,1,Oprire ACC,Reabilitare conducte DN 1000 - magistrala III SUD,2026-08-01T23:00,• Spl Unirii - 443
2026-08-01T14:57:32,3,C.A.,1,Oprire ACC,Reabilitare conducte DN 1000 - magistrala III SUD,2026-08-01T23:00,• Spl Unirii -
2026-08-01T14:57:32,3,H.B-E.,1,Oprire ACC,Reabilitare conducte DN 1000 - magistrala III SUD,2026-08-01T23:00,• Spl Unirii -
2026-08-01T14:57:32,4,Metalurgiei,5,Deficienta ACC,Functionare deficitara a apei calde de consum din cauza manevrelor de echilibrare hidraulica a retelei termice,2026-08-01T23:00,"• Bld Alexandru Obregia - bl. OD1, 2B, 2A, M1, OD2"
2026-08-01T14:57:32,4,2 Serban Voda,5,Deficienta ACC,Functionare deficitara a apei calde de consum din cauza manevrelor de echilibrare hidraulica a retelei termice,2026-08-01T23:00,"• Str Mitropolitul Dosoftei - Imobil nr.6 • Cal Şerban Vodă - bl. 13, 14, 15, Imobil nr.168"
2026-08-01T14:57:32,4,1 Serban Voda,4,Deficienta ACC,Functionare deficitara a apei calde de consum din cauza manevrelor de echilibrare hidraulica a retelei termice,2026-08-01T23:00,"• Str Simion - Imobil nr. 42 • Str G-ral Candiano Popescu - bl. 2 • Cal Şerban Vodă - bl. 1, 2, 2B"
2026-08-01T14:57:32,4,Pieptanari,14,Deficienta ACC,Functionare deficitara a apei calde de consum din cauza manevrelor de echilibrare hidraulica a retelei termice,2026-08-01T23:00,"• Str Constantin Mănescu - bl. 6, 7, 8, Comunitatea Musulmană • Bld Pieptănari - bl. 5 • Str Dârste - Imobil nr.3 • Şos Viilor - bl. 4AB • Str Dumitru P. Botez - bl. Plomba 12 • Cal Şerban Vodă - bl. 2, 3A, 3B, 11 • Str Pandele Roşca - Scoala Gimnaziala Princepesa Margareta • Str Nicolae Galea - bl. 10 • Str Scarlat Otulescu - bl. 9"
2026-08-01T14:57:32,4,Modul Termic - Grădinița nr.243,1,Oprire ACC,"Lucrari POIM - Reabilitarea sistemului de termoficare al Municipului Bucuresti - LOT 4 ,Obiectivele 17,18,19,20.",2026-08-02T23:00,• Str Almaşu Mare -
2026-08-01T14:57:32,4,12 Giurgiu,2,Oprire ACC,"Lucrari POIM - Reabilitarea sistemului de termoficare al Municipului Bucuresti - LOT 4 ,Obiectivele 17,18,19,20.",2026-08-02T23:00,"• Şos Giurgiului - bl. 12, 13"
2026-08-01T14:57:32,4,Curcani,32,Oprire ACC,"Lucrari POIM - Reabilitarea sistemului de termoficare al Municipului Bucuresti - LOT 4 ,Obiectivele 17,18,19,20.",2026-08-02T23:00,"• Str Semenic - bl. 20 • Str Huedin - bl. 1, 2, 3, 6, 7, 11, III/21A • Str Izvorul Oltului - bl. 4, 21, 22, III/25 • Str Lamoteşti - bl. 4, 5, 10, 11A, 11B, 12, 13, 14, 15, 62, III/21B • Bld Constantin Brâncoveanu - bl. 8, 9, 18, 19 • Ale Crevedia - bl. 16, 17 • Str Cetatea Veche - bl. III/4, III/5A, III/5B"
2026-08-01T14:57:32,4,Modul Termic - Spitalul Alexandru Obregia ( Creșa 25 ) / Stationar de zi,1,Oprire ACC,"Lucrari POIM - Reabilitarea sistemului de termoficare al Municipului Bucuresti - LOT 4 ,Obiectivele 17,18,19,20.",2026-08-02T23:00,• Str Argeşelu - Spitalul Alexandru Obregia ( Creșa 25 ) / Stationar de zi
2026-08-01T14:57:32,4,Tudor Gociu,17,Oprire ACC,"Lucrari POIM - Reabilitarea sistemului de termoficare al Municipului Bucuresti - LOT 4 ,Obiectivele 17,18,19,20.",2026-08-02T23:00,"• Str Orăştie - bl. 2A, L4, M2 • Str Anghel Moldoveanu - bl. A1 • Str Perşani - bl. L2 • Str Ilie Oprea - bl. L1, L3 • Str Tudor Gociu - bl. 1, B, C, C1, C2, C3, C4, L2, L4, AGIP"
2026-08-01T14:57:32,4,Urziceni,37,Oprire ACC,"Lucrari POIM - Reabilitarea sistemului de termoficare al Municipului Bucuresti - LOT 4 ,Obiectivele 17,18,19,20.",2026-08-02T23:00,"• Ale Slătioara - bl. 4, 12, 13, 15, 16, C1, C2, C3, C8, C10, C11 • Str Luica - bl. 1, 2, 3, 4, 5, 6, 7, 106 • Str Răzăchiei - bl. 11 • Str Reşiţa - bl. 8, 9, 10, 42, 42A, 43, 44, 45, 46, 47 • Str Urziceni - bl. 14, 17. 41, C9 • Ale Călineşti - bl. C4, C5, C6, C7, C12"
2026-08-01T14:57:32,4,4 Vifornita,20,Oprire ACC,"Lucrari POIM - Reabilitarea sistemului de termoficare al Municipului Bucuresti - LOT 4 ,Obiectivele 17,18,19,20.",2026-08-02T23:00,"• Ale Straja - bl. 69 • Str Straja - bl. 62, 62Bis, 63 • Str Argeşelu - bl. A4, A7 • Drm Găzarului - bl. A1, A2, A3, 133, 136, 138 • Ale Reşiţa A - bl. A6 • Str Reşiţa - bl. A5 • Str Izvorul Rece - bl. A8 • Ale Dolina - bl. 64, 68, 70, 134, 137"
2026-08-01T14:57:32,4,2 Zona V,22,Oprire ACC,"Lucrari POIM - Reabilitarea sistemului de termoficare al Municipului Bucuresti - LOT 4 ,Obiectivele 17,18,19,20.",2026-08-02T23:00,"• Str Huedin - bl. A12 • Ale Ţebea - bl. 101, 102. 103, D10, D11A, D12, D13 • Str Izvorul Trotuşului - bl. D14, D15, D24 • Str Izvorul Rece - bl. S14 A+B • Str Izvorul Mureşului - bl. A11, D9, D22 • Str Izvorul Crişului - bl. A1, A2, A3, D1 • Bld Constantin Brâncoveanu - bl. M1/1, M2/3, M2/4"
2026-08-01T14:57:32,4,"U.M. 01295, U.M. 01376",2,Oprire ACC,"Lucrari POIM - Reabilitarea sistemului de termoficare al Municipului Bucuresti - LOT 4 ,Obiectivele 17,18,19,20.",2026-08-02T23:00,• Şos Vitan Bârzeşti -
2026-08-01T14:57:32,4,Livada Noua,17,Oprire ACC,"Lucrari POIM - Reabilitarea sistemului de termoficare al Municipului Bucuresti - LOT 4 ,Obiectivele 17,18,19,20.",2026-08-02T23:00,"• Str Alunişului - bl. 1 • Şos Giurgiului - bl. 4, 9, 9T, G, N, O • Str Ghimpaţi - bl. 3, 2, 1T, 2T, 3T, 8T • Int Târgu Frumos - bl. 5, 6, 7, 4T"
2026-08-01T14:57:32,4,Modul Termic - Trident,1,Oprire ACC,"Lucrari POIM - Reabilitarea sistemului de termoficare al Municipului Bucuresti - LOT 4 ,Obiectivele 17,18,19,20.",2026-08-02T23:00,• Str Moldoviţa -
2026-08-01T14:57:32,4,Huedin,17,Oprire ACC,"Lucrari POIM - Reabilitarea sistemului de termoficare al Municipului Bucuresti - LOT 4 ,Obiectivele 17,18,19,20.",2026-08-02T23:00,"• Str Straja - bl. 52 • Str Moldoveni - bl. B15, B21 • Str Grădiştea - bl. 48, B5 • Str Reşiţa - bl. 49, 50, 51, Biserica Sf. Daniel • Str Huedin - bl. A26, 34, M1/2 • Ale Huedin - bl. 2, 3, 4, 5 • Str Uioara - bl. 33"
2026-08-01T14:57:32,4,Observator Astronomic,1,Oprire ACC,"Lucrari POIM - Reabilitarea sistemului de termoficare al Municipului Bucuresti - LOT 4 ,Obiectivele 17,18,19,20.",2026-08-02T23:00,• Str Piscului -
2026-08-01T14:57:32,4,Palatul National al Copiilor,1,Oprire ACC,"Lucrari POIM - Reabilitarea sistemului de termoficare al Municipului Bucuresti - LOT 4 ,Obiectivele 17,18,19,20.",2026-08-02T23:00,• Bld Tineretului -
2026-08-01T14:57:32,4,Spinis,26,Oprire ACC,"Lucrari POIM - Reabilitarea sistemului de termoficare al Municipului Bucuresti - LOT 4 ,Obiectivele 17,18,19,20.",2026-08-02T23:00,"• Str Spiniş - bl. 19, 24, 43, 45, 48, 104, 105 • Str Râul Şoimului - bl. 25, 26, 27, 28, 46, 47, 49 • Şos Giurgiului - bl. 4A, 4B • Str Grădiştea - bl. 101 • Drm Găzarului - bl. 18, 21, 22, 50 • Str Tătuleşti - bl. 44, 98, 100A, 100B, 103"
2026-08-01T14:57:32,4,Scoala I Teodoreanu nr.36 - Sala Sport,1,Oprire ACC,"Lucrari POIM - Reabilitarea sistemului de termoficare al Municipului Bucuresti - LOT 4 ,Obiectivele 17,18,19,20.",2026-08-02T23:00,• Str Coştila -
2026-08-01T14:57:32,4,4 Lanariei,10,Oprire ACC,"Lucrari POIM - Reabilitarea sistemului de termoficare al Municipului Bucuresti - LOT 4 ,Obiectivele 17,18,19,20.",2026-08-02T23:00,"• Str Avalanşei - bl. 1, 2, 3 • Bld Gheorghe Şincai - bl. 2, 3, 3TR1, 4, 5, 5A • Str Cuza Vodă - bl. 1A"
2026-08-01T14:57:32,4,Inst. Nat. de Neurologie si Boli Neurovasculare,1,Oprire ACC,"Lucrari POIM - Reabilitarea sistemului de termoficare al Municipului Bucuresti - LOT 4 ,Obiectivele 17,18,19,20.",2026-08-02T23:00,• Şos Berceni -
2026-08-01T14:57:32,4,2 Tineretului,26,Oprire ACC,"Lucrari POIM - Reabilitarea sistemului de termoficare al Municipului Bucuresti - LOT 4 ,Obiectivele 17,18,19,20.",2026-08-02T23:00,"• Bld Tineretului - bl. 18, 19, 37, 38, 39 • Str Albinelor - bl. 32 • Str Piscului - bl. 40, 41, 42, 47 • Str V. V. Stanciu - bl. 31 • Str Trestiana - bl. 17, 20, 23 • Str Vişana - bl. 25, 26, 36, 43, 44, 45 • Str Constantin Rădulescu-Motru - bl. 22-24, 33, 34, 35, 36, 46"
2026-08-01T14:57:32,4,3 Tineretului,18,Oprire ACC,"Lucrari POIM - Reabilitarea sistemului de termoficare al Municipului Bucuresti - LOT 4 ,Obiectivele 17,18,19,20.",2026-08-02T23:00,"• Bld Tineretului - bl. 52 • Bld Pionierilor - bl. 51 • Str Piscului - bl. 49, 50, 77, 78, 79, 80, 81 • Str V. V. Stanciu - bl. 69A • Cal Văcăreşti - bl. 69B, 70B, 83, 84 • Str Cărămidarii de Jos - bl. 48, 75, 76"
2026-08-01T14:57:32,4,Plugarilor,12,Oprire ACC,"Lucrari POIM - Reabilitarea sistemului de termoficare al Municipului Bucuresti - LOT 4 ,Obiectivele 17,18,19,20.",2026-08-02T23:00,"• Bld Abatorului - bl. 95 • Str Plugarilor - bl. 91, 94 • Str V. V. Stanciu - bl. 88, 90 • Cal Văcăreşti - bl. 85A, 85B, 86, 87 • Ale Bran - bl. 89, 92, 93"
2026-08-01T14:57:32,4,1 Vacaresti,15,Oprire ACC,"Lucrari POIM - Reabilitarea sistemului de termoficare al Municipului Bucuresti - LOT 4 ,Obiectivele 17,18,19,20.",2026-08-02T23:00,"• Str Stamate Costache - 3C, 3E • Str Pridvorului - bl. 1A, 4, 5, 6 • Cal Văcăreşti - bl. 1B, 1C, 1D, 1E, 2A, 2B, 2C, 3A, 3B"
2026-08-01T14:57:32,4,Norilor,4,Oprire ACC,"Lucrari POIM - Reabilitarea sistemului de termoficare al Municipului Bucuresti - LOT 4 ,Obiectivele 17,18,19,20.",2026-08-02T23:00,"• Str Maria Tănase - bl. 28, 29 • Bld Gheorghe Şincai - bl. 30, 30A"
2026-08-01T14:57:32,4,B 3 Cauzasi,7,Oprire ACC,"Lucrari POIM - Reabilitarea sistemului de termoficare al Municipului Bucuresti - LOT 4 ,Obiectivele 17,18,19,20.",2026-08-02T23:00,"• Pţa Unirii - bl. B3, B4, B5 ,B6, B7 • Str Radu Vodă - bl. B8 • Bld Dimitrie Cantemir - bl. B2"
2026-08-01T14:57:32,4,6 Vifornita,17,Oprire ACC,"Lucrari POIM - Reabilitarea sistemului de termoficare al Municipului Bucuresti - LOT 4 ,Obiectivele 17,18,19,20.",2026-08-02T23:00,"• Şos Giurgiului - bl. 1, 2A, 2B, • Str Grădiştea - bl. 86, 87 • Str Tătuleşti - bl. 18, 20, 82, 83, 84, 85 • Ale Călineşti - bl. 11, 12, 13, 14, 15, 81"
2026-08-01T14:57:32,4,1 Tineretului,33,Oprire ACC,"Lucrari POIM - Reabilitarea sistemului de termoficare al Municipului Bucuresti - LOT 4 ,Obiectivele 17,18,19,20.",2026-08-02T23:00,"• Ale Tohani - bl. 30, 31; Gradinita nr.224 • Bld Tineretului - bl. A2, A3, A4, A5, A6, Z2, Z3, Z4, Z5, Z6, Z7, 5A • Str Mocăncuţei - Imob.vila • Str Poenari - bl. 12, 13 • Str Trestiana - bl. 8A, 8B, 9, 10, 11, 14, 15, 16, 32 • Str Tohani - bl. 29, 33 • Str Constantin Rădulescu-Motru - bl. 21, 27A, 28, 34 • Str Cuza Vodă - bl. 27B"
2026-08-01T14:57:32,4,4 Tineretului,23,Oprire ACC,"Lucrari POIM - Reabilitarea sistemului de termoficare al Municipului Bucuresti - LOT 4 ,Obiectivele 17,18,19,20.",2026-08-02T23:00,"• Bld Tineretului - bl. 53, 54, 57, 58, 64, 65, 66 • Str Baladei - bl. 55, 56, 59, 60, 61, 61A, 73 • Cal Văcăreşti - bl. 62, 63, 67, 68, 71, 72A, 72B • Str Cărămidarii de Jos - bl. 74A, 74B"
2026-08-01T14:57:32,4,11 Giurgiu,3,Oprire ACC,"Lucrari POIM - Reabilitarea sistemului de termoficare al Municipului Bucuresti - LOT 4 ,Obiectivele 17,18,19,20.",2026-08-02T23:00,"• Şos Giurgiului - bl. 5, 11 • Str Petre Ţuţea - Scoala nr.109"
2026-08-01T14:57:32,4,Luica,29,Oprire ACC,"Lucrari POIM - Reabilitarea sistemului de termoficare al Municipului Bucuresti - LOT 4 ,Obiectivele 17,18,19,20.",2026-08-02T23:00,"• Str Luica - bl. M1, M2, M3, M4, M4Bis, M5, M6, IV/1A • Str Reşiţa - bl. M1, P4 • Str Uioara - bl. IV/1B, IV/1C, IV/1 sc.A; M2 • Str Ucea - bl. P3, P4, P7, P8, P9, P10, P11, P12, IV/2 • Str Coştila - bl. P1, P2, P5, P6, P9"
2026-08-01T14:57:32,4,2 Giurgiu,7,Oprire ACC,"Lucrari POIM - Reabilitarea sistemului de termoficare al Municipului Bucuresti - LOT 4 ,Obiectivele 17,18,19,20.",2026-08-02T23:00,"• Str Tufişului - Scoala nr.188 • Şos Giurgiului - bl. B, C, E, F, K • Str Şoimuş - bl. L"
2026-08-01T14:57:32,4,2 Vacaresti,21,Oprire ACC,"Lucrari POIM - Reabilitarea sistemului de termoficare al Municipului Bucuresti - LOT 4 ,Obiectivele 17,18,19,20.",2026-08-02T23:00,"• Str Stamate Costache - bl. 8A, 8C • Str Pridvorului - bl. 11, 12, 13, 14, 18, 19, 20 • Cal Văcăreşti - bl. 8D, 8E, 9A, 9B, 9C, 10A, 10B, 10C, 10D, 15, 16, 17"
2026-08-01T14:57:32,4,1 Stoian Militaru,6,Oprire ACC,"Lucrari POIM - Reabilitarea sistemului de termoficare al Municipului Bucuresti - LOT 4 ,Obiectivele 17,18,19,20.",2026-08-02T23:00,"• Str Padeşu - bl. 1 • Str Pictor Ştefan Dimitrescu - bl. 2, 19 • Str Şura Mare - bl. 1A, 1B • Str Cornetului - bl. 20"
2026-08-01T14:57:32,4,2 Lanariei,15,Oprire ACC,"Lucrari POIM - Reabilitarea sistemului de termoficare al Municipului Bucuresti - LOT 4 ,Obiectivele 17,18,19,20.",2026-08-02T23:00,"• Str Maria Tănase - bl. 13 • Bld Gheorghe Şincai - bl. 11, 12 • Str Viorele - bl. 15, 17, 18, 20A, 20B, 22, 37, Scoala nr. 97 • Cal Văcăreşti - bl. 23, 24 • Ale Borcea - bl. 14, 16"
2026-08-01T14:57:32,4,3 Oltenita Placare,22,Oprire ACC,"Lucrari POIM - Reabilitarea sistemului de termoficare al Municipului Bucuresti - LOT 4 ,Obiectivele 17,18,19,20.",2026-08-02T23:00,"• Şos Olteniţei - bl. 2A, 2B, 2C, 2D, 3C, 3D, 3E, 4A, 4B, 4C, 4D, 5A, 5B, 5C, 5D, 5E • Str Gheorghe Adamescu - bl. 4E • Str Pometului - Imobil nr.41 • Str Laloşu - bl. 3A, 3B, 2E"
2026-08-01T14:57:32,4,Dealul Cernei,13,Oprire ACC,"Lucrari POIM - Reabilitarea sistemului de termoficare al Municipului Bucuresti - LOT 4 ,Obiectivele 17,18,19,20.",2026-08-02T23:00,"• Str Uioara - bl. 12Bis, 35, 36, 46 • Ale Cetatea Veche - bl. 2Bis, 3Bis, 5, 37, 38, 39, 40, 41, 47"
2026-08-01T14:57:32,4,Sincai,8,Oprire ACC,"Lucrari POIM - Reabilitarea sistemului de termoficare al Municipului Bucuresti - LOT 4 ,Obiectivele 17,18,19,20.",2026-08-02T23:00,"• Str Mocăncuţei - Imobil nr.12 • Bld Gheorghe Şincai - bl. 2, 4 • Str Tineretului - bl 5,Z1 • Str Trestiana - bl. 3 • Str Constantin Rădulescu-Motru - bl. 1, 35 • Str Cuza Vodă - bl. 37A"
2026-08-01T14:57:32,4,3 Zona V,16,Oprire ACC,"Lucrari POIM - Reabilitarea sistemului de termoficare al Municipului Bucuresti - LOT 4 ,Obiectivele 17,18,19,20.",2026-08-02T23:00,"• Str Reşiţa - bl. D17 • Str Huedin - bl. A13, D18, D19, D20 • Str Izvorul Mureşului - bl. 10, A4 • Str Izvorul Crişului - bl. A5, A6, A7, A8, A14, A15, A16, D16, D21"
2026-08-01T14:57:32,4,Uioara,31,Oprire ACC,"Lucrari POIM - Reabilitarea sistemului de termoficare al Municipului Bucuresti - LOT 4 ,Obiectivele 17,18,19,20.",2026-08-02T23:00,"• Str Semenic - bl. 23, 24 • Str Luica - bl. 59, 60, 61, III/6, III/7 • Ale Gorneşti - bl. 55, 56 • Ale Uioara - bl. 4Bis, 42, 43, 44, 45, 48, 49, 50, 51, 52, 53, 54, 58 • Ale Izvorul Oltului - bl. 25, 26, 27, 28, 29, 33, 62Bis • Bld Constantin Brâncoveanu - bl. 30, 34-35"
2026-08-01T14:57:32,4,Almașul Mare,19,Oprire ACC,"Lucrari POIM - Reabilitarea sistemului de termoficare al Municipului Bucuresti - LOT 4 ,Obiectivele 17,18,19,20.",2026-08-02T23:00,"• Str Moldoveni - bl. B19, B20 • Str Almaşu Mic - bl. B6, B7, B8, B10, B11, B12, B17, B18, Gradinita nr.62 • Str Almaşu Mare - bl. B2, B9, B16 • Str Grădiştea - bl. B1, B3, B4, B13, B14"
2026-08-01T14:57:32,4,2 Vifornita,26,Oprire ACC,"Lucrari POIM - Reabilitarea sistemului de termoficare al Municipului Bucuresti - LOT 4 ,Obiectivele 17,18,19,20.",2026-08-02T23:00,"• Str Straja - bl. 30, 31, 32, 40, 65, 66 • Str Spiniş - bl. 52, 53, 54 • Str Moldoveni - bl. 55, 59, 60, 61 • Str Almaşu Mare - bl. 51, 56, 57, 58 • Str Argeşelu - bl. 33, 34, 35, 37, 39, 67 • Drm Găzarului - bl. 29 • Str Reşiţa - bl. 36, 38"
2026-08-01T14:57:32,4,1 Zona IV,14,Oprire ACC,"Lucrari POIM - Reabilitarea sistemului de termoficare al Municipului Bucuresti - LOT 4 ,Obiectivele 17,18,19,20.",2026-08-02T23:00,"• Str Grădiştea - bl. A9, A10 • Ale Reşiţa D - A1, A3, A4, A5, A7, A8 • Str Reşiţa - bl. A2, A6 • Str Uioara - bl. A11, A12, A13, A14"
2026-08-01T14:57:32,4,Sala Polivalenta,1,Oprire ACC,"Lucrari POIM - Reabilitarea sistemului de termoficare al Municipului Bucuresti - LOT 4 ,Obiectivele 17,18,19,20.",2026-08-02T23:00,• Cal Piscului -
2026-08-01T14:57:32,4,1 Zona V,12,Oprire ACC,"Lucrari POIM - Reabilitarea sistemului de termoficare al Municipului Bucuresti - LOT 4 ,Obiectivele 17,18,19,20.",2026-08-02T23:00,"• Str Reşiţa - bl. A18, A19 • Str Izvorul Rece - bl. A10 • Str Izvorul Mureşului - bl. A9 ,D5, D6, D7, D23 • Str Izvorul Crişului - bl. D3, D4 • Str Trotuşului - bl. A17, D8"
2026-08-01T14:57:32,5,Giurgiu Farado,15,Oprire ACC,Reabilitarea sistemului de termoficare al Municipiului Bucuresti - Lucrari POIM -Lot 4- Obiectivele 18 - 19,2026-08-02T23:00,"• Ale Podul Giurgiului - 2, 3, 4, 5, 6, 7, 8, 9, 11, 12,13 • Str Vigoniei - 1, 8, 15 • Şos Giurgiului - 16"
2026-08-01T14:57:32,5,9 Farado,5,Oprire ACC,Reabilitarea sistemului de termoficare al Municipiului Bucuresti - Lucrari POIM -Lot 4- Obiectivele 18 - 19,2026-08-02T23:00,"• Str Podul Giurgiului - 9,14 • Str Vigoniei - 10, 10Turn, 14Turn"
2026-08-01T14:57:32,5,1 Giurgiu,9,Oprire ACC,Reabilitarea sistemului de termoficare al Municipiului Bucuresti - Lucrari POIM -Lot 4- Obiectivele 18 - 19,2026-08-02T23:00,"• Str Verigei - bl. 1, 2, Z 3, Z5 • Şos Giurgiului - bl. A, H1, H2 • Str Ştefan Vodă - imobil Decu Aurel • Str Măgurei - bl. D1"
2026-08-01T14:57:32,5,6 Farado,6,Oprire ACC,Reabilitarea sistemului de termoficare al Municipiului Bucuresti - Lucrari POIM -Lot 4- Obiectivele 18 - 19,2026-08-02T23:00,"• Str Podul Giurgiului - bl. 17, 18, Liceul Energetic • Str Toporaşi - bl. 15 • Şos Giurgiului - bl. 5, 6, 7"
2026-08-01T14:57:32,5,Modul Toporaşi,1,Oprire ACC,Revizie tehnică - CTE Progresu,2026-08-10T23:00,• Str Toporaşi - 1
2026-08-01T15:58:21,1,4 Aviatiei,33,Deficienta ACC,Lipsa parametri pentru livrare apă caldă de consum,2026-08-01T21:00,"• Str Măguricea - bl. 13D, 13E, 7P • Str Nicolae G. Caramfil - bl. 11C, 11A, 11B • Str G-ral Ştefan Burileanu - bl. 11I, 12J, 12K, 13M, 13N • Str Cpt. Alexandru Şerbănescu - bl. 7M, 7L, 7N • Str Elena Caragiani - bl. 12D • Str Smaranda Brăescu - bl. 11G, 12I, 12H, 12A, 11H • Str Prometeu - bl. 12G, 12E, 12F, 13F, 13G • Str Feleacu - bl. 13B, 11E, 12B, 12C, 13A, 13C, 11D, 11F"
2026-08-01T15:58:21,1,3 Aviatiei,27,Deficienta ACC,Lipsa parametri pentru livrare apă caldă de consum,2026-08-01T21:00,"• Str Căpâlna - bl. 15M, 14D+14E, 15B, 15J, 15K, 15A, 15L, 16H, 16I • Str Cpt. Alexandru Şerbănescu - bl. 14B, SERBANESCU 12-14, 14C, 16A, 16C • Str Avionului - bl. 16J, 15H, 15D, 15F, 15E • Str Aripilor - bl. 15C , STAR • Str Siriului - bl. 16J, 16F, 16E • Str Prometeu - bl. 14F, 16G, 16D"
2026-08-01T15:58:21,1,6 Aviatiei,20,Deficienta ACC,Lipsa parametri pentru livrare apă caldă de consum,2026-08-01T21:00,"• Str Nicolae G. Caramfil - bl. 21H, 21B, 21A, 21C, 22 B • Str G-ral Ştefan Burileanu - bl. 20A, 20C, 20B, 21E • Str Cpt. Alexandru Şerbănescu - bl. 20-I, 20J, 22H, 20E, 20D • Str Smaranda Brăescu - bl. 20H, 20F, 21 I, 21G, 22D, 21F"
2026-08-01T15:58:21,1,5 Aviatiei,12,Deficienta ACC,Lipsa parametri pentru livrare apă caldă de consum,2026-08-01T21:00,"• Str Cpt. Alexandru Şerbănescu - bl. 17A, 17B, 18A, 19A, 19B, 19F, 19G • Str Siriului - bl. 17C, 17D, 18B, 19D, 19E"
2026-08-01T15:58:21,2,Barbu Vacarescu,6,Deficienta ACC,Funcționare deficitară a apei calde de consum din cauza manevrelor de echilibrare hidraulică a rețelei termice,2026-08-01T23:00,"• Str Dinu Vintilă - bl.3, 4, 5 • Str Barbu Văcărescu - bl.1,2; 7"
2026-08-01T15:58:21,2,1 Mosilor,22,Deficienta ACC,Funcționare deficitară a apei calde de consum din cauza manevrelor de echilibrare hidraulică a rețelei termice,2026-08-01T23:00,"• Ale Cenuşeresei - bl.50, 52 • Str Traian - bl.30 B, imob.Nr.254 • Cal Moşilor - bl.36, 38, 42, 46, 48, 58, 32, 30A, 31A , 31C • Str Mihai Eminescu - bl.31B ,32 • Str Vaselor - bl.34, imob.Nr.3A • Str Ion Maiorescu - bl.44 ;50 ;40, imob.Nr.37, 7"
2026-08-01T15:58:21,2,Galvani Tei,9,Deficienta ACC,Funcționare deficitară a apei calde de consum din cauza manevrelor de echilibrare hidraulică a rețelei termice,2026-08-01T23:00,"• Str Johannes K. Kepler - bl.K/4/1; 2 • Bld Lacul Tei - bl.7, 8, 5, 6 • Str Păstorului - bl.4, 3, 4Bis"
2026-08-01T15:58:21,2,201 Mihai Bravu,5,Oprire ACC,Execuție lucrări de modernizare - firma SICOR pe Magistrala II Sud,2026-08-02T23:00,"• Şos Mihai Bravu - bl. 205, 203, 204, 200, • Cal Călăraşilor - bl. 201, 202"
2026-08-01T15:58:21,3,IN CITY,1,Oprire ACC,Execuție lucrări de modernizare - firma ELSACO pe Magistrala II Sud,2026-08-02T23:00,• Cal Dudeşti -
2026-08-01T15:58:21,3,16 Foișor,1,Oprire ACC,Execuție lucrări de modernizare - firma ELSACO pe Magistrala II Sud,2026-08-02T23:00,• Cal Vitan - bl. V6
2026-08-01T15:58:21,3,16 Răcari,17,Oprire ACC,Execuție lucrări de modernizare - firma ELSACO pe Magistrala II Sud,2026-08-02T23:00,"• Str Mureşana - bl. 52, 51 A+B • Str Lugojana - bl. 50+50A, 47 • Str Crivăţului - bl. 43A, 51, 44B • Str Răcari - bl. 42 • Ale Slt. Adrian Cârstea - bl. 43, 44, 41, 48, 45, 46, 44A"
2026-08-01T15:58:21,3,3 Labirint,7,Oprire ACC,Execuție lucrări de modernizare - firma ELSACO pe Magistrala II Sud,2026-08-02T23:00,"• Str Matei Basarab - bl. 119bis, L121, L118A, L116A • Str Labirint - bl. L117, L119, L117bis"
2026-08-01T15:58:21,3,21 Foișor,17,Oprire ACC,Execuție lucrări de modernizare - firma ELSACO pe Magistrala II Sud,2026-08-02T23:00,"• Str Vlaicu Vodă - bl. C8, C9 • Str Vlad Dracul - bl. B12, B13 • Str Vasile Cârlova - bl. A7, A7bis • Str Emil Gârleanu - bl. A6, A4 • Str Lt. col. Dumitru Papazoglu - bl. B10, C6 • Str Anastasie Panu - bl. A12, A5, A16, B7 • Str Alexandru Moruzzi Voievod - bl. A11, A13, B6"
2026-08-01T15:58:21,3,15 Foișor,4,Oprire ACC,Execuție lucrări de modernizare - firma ELSACO pe Magistrala II Sud,2026-08-02T23:00,"• Str Zizin - bl. G1 • Str Brânduşelor - bl. G3 • Str Banu Udrea - bl. G7, G8"
2026-08-01T15:58:21,3,12 Foișor,14,Oprire ACC,Execuție lucrări de modernizare - firma ELSACO pe Magistrala II Sud,2026-08-02T23:00,"• Str Vlad Dracul - bl. C12, C14, C13 • Str Foişorului - bl. F13C, F14C, F11C, F12C • Str Anastasie Panu - bl. C15, D3, D1, D2, D6, D4, D5"
2026-08-01T15:58:21,3,I3,6,Oprire ACC,Execuție lucrări de modernizare - firma ELSACO pe Magistrala II Sud,2026-08-02T23:00,"• Str Miletin - Imobil • Pţa Alba Iulia - bl. I1, I2, I3, I4, I5"
2026-08-01T15:58:21,3,2 Unităţii,16,Oprire ACC,Execuție lucrări de modernizare - firma ELSACO pe Magistrala II Sud,2026-08-02T23:00,"• Str Vulcan Judeţul - bl. B1B, B1C, B3A • Str Traian Popovici - bl. B3D, B4, B4D, B4F, B4A • Şos Mihai Bravu - bl. B2A, B2B, B2C, B1, B1A, B1D, B3B, B3C • Str Caloian Judeţul - bl. B4C, Scoala Generala nr. 80"
2026-08-01T15:58:21,3,2 Mărășești,16,Oprire ACC,Execuție lucrări de modernizare - firma ELSACO pe Magistrala II Sud,2026-08-02T23:00,"• Str Vlad Dracul - bl. B1, B2 • Str Nerva Traian - bl. M70, M71, M66, M69, M68, M65 • Str Emil Gârleanu - bl. A8, A9 • Str Logofătul Tăutu - bl. C3, C4, C5 • Str Lt. col. Dumitru Papazoglu - bl. B5 • Str Alexandru Moruzzi Voievod - bl. B1, A10"
2026-08-01T15:58:21,3,J2 Unirii,7,Oprire ACC,Execuție lucrări de modernizare - firma ELSACO pe Magistrala II Sud,2026-08-02T23:00,"• Bld Unirii - bl. J1, J3B, J4, J2, J3A • Pţa Alba Iulia - bl. I6, I7"
2026-08-01T15:58:21,3,M107,25,Oprire ACC,Execuție lucrări de modernizare - firma ELSACO pe Magistrala II Sud,2026-08-02T23:00,"• Str Nerva Traian - bl. K6 • Bld Octavian Goga - bl. M103, M106 • Str Emil Botta - bl. M109, M105, M104, M107, M108 • Bld Unirii - bl. K3, K4, K2, K5 • Str Lucian Blaga - bl. K1"
2026-08-01T15:58:21,3,F6,6,Oprire ACC,Execuție lucrări de modernizare - firma ELSACO pe Magistrala II Sud,2026-08-02T23:00,"• Str Maximilian Popper - bl. F6 • Bld Unirii - bl. F2, F3, F4 • Str Traian - bl. F1 • Str Ion Pillat - bl. F5"
2026-08-01T15:58:21,3,2 Cornul Caprei,3,Oprire ACC,Execuție lucrări de modernizare - firma ELSACO pe Magistrala II Sud,2026-08-02T23:00,"• Str Şcoala Ciocanu - Imobil • Bld Burebista - D13, D14"
2026-08-01T15:58:21,3,1 Labirint,5,Oprire ACC,Execuție lucrări de modernizare - firma ELSACO pe Magistrala II Sud,2026-08-02T23:00,"• Str Matei Basarab - bl. L111A, L109, L108, L109bis, L110"
2026-08-01T15:58:21,3,Mihai Bravu Vest,18,Oprire ACC,Execuție lucrări de modernizare - firma ELSACO pe Magistrala II Sud,2026-08-02T23:00,"• Şos Mihai Bravu - bl. 2, 3, 4, 5, 6, 7, 103, 104, 105 • Bld Decebal - bl. S1, S2, S2A+S2B, S3 • Ale Apostol Mărgărit - bl. 106, 107, 108, D.G.A.S.P.C, Centrul de zi Titan-Cercelus9 cresa nr.35 • Str Cerceluş - bl. 10-11"
2026-08-01T15:58:21,3,11 Foișor,14,Oprire ACC,Execuție lucrări de modernizare - firma ELSACO pe Magistrala II Sud,2026-08-02T23:00,"• Str Zizin - bl. V75C • Str Vlaicu Vodă - bl. V65, V66 • Str Brânduşelor - bl. V70, V75A, V77 • Str Foişorului - bl. F9C, F8C • Str Rarău - bl. V69, V68, V70, V71, F10C, V74"
2026-08-01T15:58:21,3,9 Vitan,11,Oprire ACC,Execuție lucrări de modernizare - firma ELSACO pe Magistrala II Sud,2026-08-02T23:00,"• Str Zizin - bl. 97, V101C, V101B • Str Vlaicu Vodă - bl. V34C, V100 • Cal Vitan - bl. V34A, V35 • Str Nucului - bl. V100, V101,V101A • Str Banu Udrea - bl. V104, V103, V101C, V99, V97, V102, V95"
2026-08-01T15:58:21,3,10 Laborator,26,Oprire ACC,Execuție lucrări de modernizare - firma ELSACO pe Magistrala II Sud,2026-08-02T23:00,"• Ale Şcolarilor - bl. S24, S25, S13, S14, S3A, S4, S23 • Şos Mihai Bravu - bl. S3, SB, SA, SB1, R3 • Str Laborator - bl. S11, S5, S12, S8, S9, S10, S6, S7, S1, S2A, S2 • Bld Camil Ressu - bl. 5, R1, R2"
2026-08-01T15:58:21,3,S14,11,Oprire ACC,Execuție lucrări de modernizare - firma ELSACO pe Magistrala II Sud,2026-08-02T23:00,"• Str Theodor D. Speranţia - bl. S24, S25, S26, S27,S28 • Bld Decebal - bl. S12, S12A, S12B, S13, S14, S15"
2026-08-01T15:58:21,3,1 Vitan,22,Oprire ACC,Execuție lucrări de modernizare - firma ELSACO pe Magistrala II Sud,2026-08-02T23:00,"• Cal Vitan - bl. 2, 3, 9, 10, 7C, 2A, 1, 1A, 1B • Str Lugojana - bl. 12, 11 • Str Dristorului - bl. 6 • Ale Râmnicu Sărat - bl. 2B, 7B,7A,15 • Str Râmnicu Vâlcea - bl. 15, 15B, 15A • Str Baia Mare - bl. 4, 8, 7A1,12A 5, 7, 12B"
2026-08-01T15:58:21,3,E1,6,Oprire ACC,Execuție lucrări de modernizare - firma ELSACO pe Magistrala II Sud,2026-08-02T23:00,"• Str Vintilă Vodă - bl. E1 • Bld Unirii - bl. E2, E3,E3A, E3-3, E3A2"
2026-08-01T15:58:21,3,2 Călăraşi,18,Oprire ACC,Execuție lucrări de modernizare - firma ELSACO pe Magistrala II Sud,2026-08-02T23:00,"• Str Matei Basarab - 72, 86, 73, 74, 85, L122, L120, L118 • Str Theodor D. Speranţia - 78, 83, 84 • Str Agricultori - 80, 81, 82,79, • Cal Călăraşi - 75,76,77"
2026-08-01T15:58:21,3,3 Mărăşeşti,10,Oprire ACC,Execuție lucrări de modernizare - firma ELSACO pe Magistrala II Sud,2026-08-02T23:00,"• Str Ştefan Octavian Iosif - bl. M51, M54 • Str Panait Cerna - bl. M53, M52 • Str Nerva Traian - bl. M37, M36, M39, M55, M38 • Bld Octavian Goga - bl. M42, M61 • Str Alexandru Vlahuţă - bl. M49, M50"
2026-08-01T15:58:21,3,Ministerul de Finante,1,Oprire ACC,Execuție lucrări de modernizare - firma ELSACO pe Magistrala II Sud,2026-08-02T23:00,• Bld Mircea Vodă - 44
2026-08-01T15:58:21,3,5 Mărăşeşti,17,Oprire ACC,Execuție lucrări de modernizare - firma ELSACO pe Magistrala II Sud,2026-08-02T23:00,"• Bld Mircea Vodă - bl. M31, M29, M30 • Ale Dimitrie Anghel - bl. M45 • Str Panait Cerna - bl. M44 • Str Nerva Traian - bl. M34, M35 • Str Alexandru Vlahuţă - bl. M46, M47, M48"
2026-08-01T15:58:21,3,11 Laborator,10,Oprire ACC,Execuție lucrări de modernizare - firma ELSACO pe Magistrala II Sud,2026-08-02T23:00,"• Str Laborator - bl. S18, 39A, 40, 39, 38 • Str Râmnicu Vâlcea - bl. S19, S20, S16, S15, S17"
2026-08-01T15:58:21,3,17 Răcari,15,Oprire ACC,Execuție lucrări de modernizare - firma ELSACO pe Magistrala II Sud,2026-08-02T23:00,"• Ale Miraj - bl. 60, 61, 68 • Ale Florin Ciungan - bl. 64, 66, 65, 67, 69 • Ale Răcari - bl. 75, 74, 71, 71A, 70 • Ale Marius Emanoil Buteică - bl. 72, 63, 62"
2026-08-01T15:58:21,3,BL U114 (UM 02544/B1),1,Oprire ACC,Execuție lucrări de modernizare - firma ELSACO pe Magistrala II Sud,2026-08-02T23:00,• Bld Mircea Vodă - 3-5
2026-08-01T15:58:21,3,C3 Căuzaşi,11,Oprire ACC,Execuție lucrări de modernizare - firma ELSACO pe Magistrala II Sud,2026-08-02T23:00,"• Ale Negru Vodă - C3, C4, C3A • Str Mămulari - C1, C2 • Bld Unirii - A1, A2, A3, A4 • Str Sfânta Vineri - A6, A5"
2026-08-01T15:58:21,3,1 Laborator,31,Oprire ACC,Execuție lucrări de modernizare - firma ELSACO pe Magistrala II Sud,2026-08-02T23:00,"• Str Aniversării - bl. 39A • Şos Mihai Bravu - bl. V10, V18, V7, V11, V12, V9, V15, V16, V8, V13, V17 • Str Laborator - bl. V14 • Str Iancu Brezeanu - bl. V31B • Str Agatha Bârsescu - bl. V26C, V31A, V30B, V26A, V28, V30A, V26B, V29, V25, V27A, V27B • Str Alexander Von Humboldt - bl. V23A • Ale Blăjel - bl. V5, V6 • Str Breaza - bl. V24A, V23B"
2026-08-01T15:58:21,3,3 Unităţii,19,Oprire ACC,Execuție lucrări de modernizare - firma ELSACO pe Magistrala II Sud,2026-08-02T23:00,"• Str Traian Popovici - bl. B7, B11, B10 • Şos Mihai Bravu - bl. B13, B13A, B13D, B13B, B13C • Str Lt. Aurel Botea - bl. B5A, B5, B5D, B5B, B5C, B6, B6A, B6B, B8, B9"
2026-08-01T15:58:21,3,3 Călăraşi,13,Oprire ACC,Execuție lucrări de modernizare - firma ELSACO pe Magistrala II Sud,2026-08-02T23:00,"• Cal Călăraşi - . 44, 38, 39, 45, 46, 56, 57, 55, 53, 53BIS, 42, 54 • Str Orzari - 47"
2026-08-01T15:58:21,3,5 Cornul Caprei,10,Oprire ACC,Execuție lucrări de modernizare - firma ELSACO pe Magistrala II Sud,2026-08-02T23:00,"• Str Lt. Aurel Botea - D24, D22 • Bld Burebista - D15, D16 • Str Caloian Judeţul - D19A, D21A, D20, D19B, D18, D21B"
2026-08-01T15:58:21,3,Colegiul Tehnic Mihai Bravu,1,Oprire ACC,Execuție lucrări de modernizare - firma ELSACO pe Magistrala II Sud,2026-08-02T23:00,• Şos Mihai Bravu - 428
2026-08-01T15:58:21,3,G3,9,Oprire ACC,Execuție lucrări de modernizare - firma ELSACO pe Magistrala II Sud,2026-08-02T23:00,"• Bld Unirii - bl. G2, H1, G3, G2A, G2B, G2C • Str Ion Pillat - bl. G1, G1A • Bld Decebal - bl. H2"
2026-08-01T15:58:21,3,Dristor Insulă,18,Oprire ACC,Execuție lucrări de modernizare - firma ELSACO pe Magistrala II Sud,2026-08-02T23:00,"• Şos Mihai Bravu - 12, 12A, 15, 15A, 18, 18A, 14A+B • Str Dristorului - 15B, 10, 10A, 11, 12B, 16ABC, 17,13, 13C • Bld Camil Ressu - 13A"
2026-08-01T15:58:21,3,13 Foișor,11,Oprire ACC,Execuție lucrări de modernizare - firma ELSACO pe Magistrala II Sud,2026-08-02T23:00,"• Str Vlaicu Vodă - bl. V62, V63, V61 • Str Brânduşelor - bl.V64 • Str Foişorului - bl. F6C, F7C, F5C, F4C • Str Alexandru Moruzzi Voievod - bl. V60, V59, V58"
2026-08-01T15:58:21,3,3 Theodor Speranţia,5,Oprire ACC,Execuție lucrări de modernizare - firma ELSACO pe Magistrala II Sud,2026-08-02T23:00,"• Str Theodor D. Speranţia - bl. S22 • Bld Decebal - bl. S16 • Cal Călăraşi - bl. S18, S20, S21"
2026-08-01T15:58:21,3,2 Vitan,33,Oprire ACC,Execuție lucrări de modernizare - firma ELSACO pe Magistrala II Sud,2026-08-02T23:00,"• Cal Vitan - bl. 42, 30, 41, 31, 21, 20, 51, 52, 22 • Str Mureşana - bl. 43B, 44, 58, 58A, 59 • Str Jieneasca - bl. 46, 47, 34, 33 • Str Căluşari - bl. 43, 43A, 24, 25, 50, 43A • Str Alunului - bl. 57 • Şos Mihai Bravu - bl. 53, 54, 55 • Str Răcari - bl. 38, 39 • Str Alunelului - bl. 45, 40, 32"
2026-08-01T15:58:21,3,1 Călăraşi,8,Oprire ACC,Execuție lucrări de modernizare - firma ELSACO pe Magistrala II Sud,2026-08-02T23:00,"• Cal Călăraşi - Cal. Călăraşi bl. 50, 70, 68, 65, 49, 71, 67, 66,"
2026-08-01T15:58:21,3,4 Theodor Speranţia,32,Oprire ACC,Execuție lucrări de modernizare - firma ELSACO pe Magistrala II Sud,2026-08-02T23:00,"• Str Voroneţ - bl. A15+A15bis, A22, D8, D7, D6, D5A, D4, D5, D2, D3, D1 • Str Meşterul Manole - bl. D17, D10, D9, D11, D15 • Str Negoiu - bl. D18, D16, D14, D12 • Str Ion Păunescu-Paltin - bl. D13 • Str Dristorului - bl. A21, B14, A23, B13, A20, B7, B14, B20 • Int Arenei - bl. B2, B3"
2026-08-01T15:58:21,3,10 Vitan,17,Oprire ACC,Execuție lucrări de modernizare - firma ELSACO pe Magistrala II Sud,2026-08-02T23:00,"• Str Zizin - bl. V80B, V80A, V81C, V40 • Str Vlaicu Vodă - bl. V43, V39, V82, V38, V81, V79, V82B, V81A • Cal Vitan - bl. V40, V42, V17, V82A, V42C,V42A • Str Brânduşelor - bl. V78"
2026-08-01T15:58:21,3,6 Mărășești,19,Oprire ACC,Execuție lucrări de modernizare - firma ELSACO pe Magistrala II Sud,2026-08-02T23:00,"• Bld Mircea Vodă - bl. M11, M14, M20bis, M9,M8, M1, M21, M22, M6, M20 • Str Panait Cerna - bl. M5 • Spl Unirii - bl. M3, M4, M12, M19, M10, M15, M7, M18, M16, M13"
2026-08-01T15:58:21,3,4 Labirint,5,Oprire ACC,Execuție lucrări de modernizare - firma ELSACO pe Magistrala II Sud,2026-08-02T23:00,"• Str Matei Basarab - bl. L112, L112A, L113A, L113 • Str Traian - bl. L112B"
2026-08-01T15:58:21,3,7 Vitan,12,Oprire ACC,Execuție lucrări de modernizare - firma ELSACO pe Magistrala II Sud,2026-08-02T23:00,"• Str Vlad Judeţul - bl. V12, V13, V14A, V11 • Cal Vitan - bl. V14B, V16B, V16A, V15 • Str Agatha Bârsescu - bl. V19 • Str Brăiliţa - bl. V17, V10, V18"
2026-08-01T15:58:21,3,1 Mărăşeşti,20,Oprire ACC,Execuție lucrări de modernizare - firma ELSACO pe Magistrala II Sud,2026-08-02T23:00,"• Str Nerva Traian - bl M64 • Bld Octavian Goga - bl. V53C, M62, M63 • Str Emil Gârleanu - bl. V52C, V53D, A1, F • Str Foişorului - bl. F1C, F2C, F3C, D, E • Str Anastasie Panu - bl. A1, A2, A3"
2026-08-01T15:58:21,3,6 Vitan,8,Oprire ACC,Execuție lucrări de modernizare - firma ELSACO pe Magistrala II Sud,2026-08-02T23:00,"• Cal Vitan - bl. V21A, V21B, V2, V1 • Ale Blăjel - bl. V3, V4 • Str Breaza - bl. V22A, V22B"
2026-08-01T15:58:21,3,1 Anexa,28,Oprire ACC,Execuție lucrări de modernizare - firma ELSACO pe Magistrala II Sud,2026-08-02T23:00,• Int Ţiglina - Scoala Gimnaziala Cezar Bolliac • Str Diligenţei - • Str Mircea Bădescu - • Str Nicolae Tudor - • Str Levănţica - • Str Dristorului - • Str Cerceluş -
2026-08-01T15:58:21,3,18 KLM,9,Oprire ACC,Execuție lucrări de modernizare - firma ELSACO pe Magistrala II Sud,2026-08-02T23:00,"• Str Sold. Spiridon Matei - bl. 9 • Int Înotătorilor - bl. 10 • Str Tomis - bl. 11 • Bld Râmnicu Sărat - bl. 11A, 20M, 20K, 10bis, 20L, 11A1"
2026-08-01T15:58:21,3,5 Călăraşi,5,Oprire ACC,Execuție lucrări de modernizare - firma ELSACO pe Magistrala II Sud,2026-08-02T23:00,"• Str Matei Basarab - 64 • Cal Călăraşi - 59, 60, 61, 58"
2026-08-01T15:58:21,3,4 Mărăşeşti,11,Oprire ACC,Execuție lucrări de modernizare - firma ELSACO pe Magistrala II Sud,2026-08-02T23:00,"• Ale Dimitrie Anghel - bl. M59 • Str Panait Cerna - bl. M43, M57, M56, M58, M28 • Str Nerva Traian - Grădinița nr. 81 • Bld Octavian Goga - bl. M60I, M24, M26, M25, M23"
2026-08-01T15:58:21,3,Biblioteca Nationala,1,Oprire ACC,Execuție lucrări de modernizare - firma ELSACO pe Magistrala II Sud,2026-08-02T23:00,• Bld Unirii - 22
2026-08-01T15:58:21,3,19 Foișor,10,Oprire ACC,Execuție lucrări de modernizare - firma ELSACO pe Magistrala II Sud,2026-08-02T23:00,"• Str Brânduşelor - bl. G4, G4A, H1, H16 • Str Banu Udrea - bl. G5, G6, H5, J2, J1, H6"
2026-08-01T15:58:21,3,7 Călăraşi,9,Oprire ACC,Execuție lucrări de modernizare - firma ELSACO pe Magistrala II Sud,2026-08-02T23:00,"• Bld Corneliu Coposu - 105A, 103, 104, 101, 106A, 105A • Str Sfânta Vineri - 105B, 105C, 102"
2026-08-01T15:58:21,3,S6,10,Oprire ACC,Execuție lucrări de modernizare - firma ELSACO pe Magistrala II Sud,2026-08-02T23:00,"• Bld Decebal - bl. S11, S9, S10, S7, S4, H3, S6, S5, S7, S8"
2026-08-01T15:58:21,3,E6,4,Oprire ACC,Execuție lucrări de modernizare - firma ELSACO pe Magistrala II Sud,2026-08-02T23:00,"• Bld Unirii - bl. E4, E4A • Str Traian - bl. E5, E6"
2026-08-01T15:58:21,3,Tribunalul Bucuresti,1,Oprire ACC,Execuție lucrări de modernizare - firma ELSACO pe Magistrala II Sud,2026-08-02T23:00,• Bld Unirii - 37
2026-08-01T15:58:21,3,14 Foișor,11,Oprire ACC,Execuție lucrări de modernizare - firma ELSACO pe Magistrala II Sud,2026-08-02T23:00,"• Cal Vitan - bl. V50B, V50A, V51 • Str Alexandru Moruzzi Voievod - bl. V54B, V54A, V56, V57, V54, V55, V57B"
2026-08-01T15:58:21,3,4 Dudești,2,Oprire ACC,Execuție lucrări de modernizare - firma ELSACO pe Magistrala II Sud,2026-08-02T23:00,"• Str Brăiliţa - bl. D9B, D9A"
2026-08-01T15:58:21,3,Clinica Sfanta Lucia,1,Oprire ACC,Reabilitare conducte DN 1000 - magistrala III SUD,2026-08-01T23:00,• Spl Unirii - 313A
2026-08-01T15:58:21,3,S.M.,1,Oprire ACC,Reabilitare conducte DN 1000 - magistrala III SUD,2026-08-01T23:00,• Spl Unirii - 455B
2026-08-01T15:58:21,3,O.P.,1,Oprire ACC,Reabilitare conducte DN 1000 - magistrala III SUD,2026-08-01T23:00,• Spl Unirii - 443
2026-08-01T15:58:21,3,C.C.,1,Oprire ACC,Reabilitare conducte DN 1000 - magistrala III SUD,2026-08-01T23:00,• Spl Unirii - 453
2026-08-01T15:58:21,3,P. M.,1,Oprire ACC,Reabilitare conducte DN 1000 - magistrala III SUD,2026-08-01T23:00,• Spl Unirii - 443
2026-08-01T15:58:21,3,C.A.,1,Oprire ACC,Reabilitare conducte DN 1000 - magistrala III SUD,2026-08-01T23:00,• Spl Unirii -
2026-08-01T15:58:21,3,H.B-E.,1,Oprire ACC,Reabilitare conducte DN 1000 - magistrala III SUD,2026-08-01T23:00,• Spl Unirii -
2026-08-01T15:58:21,4,Metalurgiei,5,Deficienta ACC,Functionare deficitara a apei calde de consum din cauza manevrelor de echilibrare hidraulica a retelei termice,2026-08-01T23:00,"• Bld Alexandru Obregia - bl. OD1, 2B, 2A, M1, OD2"
2026-08-01T15:58:21,4,2 Serban Voda,5,Deficienta ACC,Functionare deficitara a apei calde de consum din cauza manevrelor de echilibrare hidraulica a retelei termice,2026-08-01T23:00,"• Str Mitropolitul Dosoftei - Imobil nr.6 • Cal Şerban Vodă - bl. 13, 14, 15, Imobil nr.168"
2026-08-01T15:58:21,4,1 Serban Voda,4,Deficienta ACC,Functionare deficitara a apei calde de consum din cauza manevrelor de echilibrare hidraulica a retelei termice,2026-08-01T23:00,"• Str Simion - Imobil nr. 42 • Str G-ral Candiano Popescu - bl. 2 • Cal Şerban Vodă - bl. 1, 2, 2B"
2026-08-01T15:58:21,4,2 A Metalurgiei,1,Deficienta ACC,Functionare deficitara a apei calde de consum din cauza manevrelor de echilibrare hidraulica a retelei termice,2026-08-01T23:00,• Bld Alexandru Obregia - 2A
2026-08-01T15:58:21,4,Pieptanari,14,Deficienta ACC,Functionare deficitara a apei calde de consum din cauza manevrelor de echilibrare hidraulica a retelei termice,2026-08-01T23:00,"• Str Constantin Mănescu - bl. 6, 7, 8, Comunitatea Musulmană • Bld Pieptănari - bl. 5 • Str Dârste - Imobil nr.3 • Şos Viilor - bl. 4AB • Str Dumitru P. Botez - bl. Plomba 12 • Cal Şerban Vodă - bl. 2, 3A, 3B, 11 • Str Pandele Roşca - Scoala Gimnaziala Princepesa Margareta • Str Nicolae Galea - bl. 10 • Str Scarlat Otulescu - bl. 9"
2026-08-01T15:58:21,4,Modul Termic - Grădinița nr.243,1,Oprire ACC,"Lucrari POIM - Reabilitarea sistemului de termoficare al Municipului Bucuresti - LOT 4 ,Obiectivele 17,18,19,20.",2026-08-02T23:00,• Str Almaşu Mare -
2026-08-01T15:58:21,4,12 Giurgiu,2,Oprire ACC,"Lucrari POIM - Reabilitarea sistemului de termoficare al Municipului Bucuresti - LOT 4 ,Obiectivele 17,18,19,20.",2026-08-02T23:00,"• Şos Giurgiului - bl. 12, 13"
2026-08-01T15:58:21,4,Curcani,32,Oprire ACC,"Lucrari POIM - Reabilitarea sistemului de termoficare al Municipului Bucuresti - LOT 4 ,Obiectivele 17,18,19,20.",2026-08-02T23:00,"• Str Semenic - bl. 20 • Str Huedin - bl. 1, 2, 3, 6, 7, 11, III/21A • Str Izvorul Oltului - bl. 4, 21, 22, III/25 • Str Lamoteşti - bl. 4, 5, 10, 11A, 11B, 12, 13, 14, 15, 62, III/21B • Bld Constantin Brâncoveanu - bl. 8, 9, 18, 19 • Ale Crevedia - bl. 16, 17 • Str Cetatea Veche - bl. III/4, III/5A, III/5B"
2026-08-01T15:58:21,4,Modul Termic - Spitalul Alexandru Obregia ( Creșa 25 ) / Stationar de zi,1,Oprire ACC,"Lucrari POIM - Reabilitarea sistemului de termoficare al Municipului Bucuresti - LOT 4 ,Obiectivele 17,18,19,20.",2026-08-02T23:00,• Str Argeşelu - Spitalul Alexandru Obregia ( Creșa 25 ) / Stationar de zi
2026-08-01T15:58:21,4,Tudor Gociu,17,Oprire ACC,"Lucrari POIM - Reabilitarea sistemului de termoficare al Municipului Bucuresti - LOT 4 ,Obiectivele 17,18,19,20.",2026-08-02T23:00,"• Str Orăştie - bl. 2A, L4, M2 • Str Anghel Moldoveanu - bl. A1 • Str Perşani - bl. L2 • Str Ilie Oprea - bl. L1, L3 • Str Tudor Gociu - bl. 1, B, C, C1, C2, C3, C4, L2, L4, AGIP"
2026-08-01T15:58:21,4,Urziceni,37,Oprire ACC,"Lucrari POIM - Reabilitarea sistemului de termoficare al Municipului Bucuresti - LOT 4 ,Obiectivele 17,18,19,20.",2026-08-02T23:00,"• Ale Slătioara - bl. 4, 12, 13, 15, 16, C1, C2, C3, C8, C10, C11 • Str Luica - bl. 1, 2, 3, 4, 5, 6, 7, 106 • Str Răzăchiei - bl. 11 • Str Reşiţa - bl. 8, 9, 10, 42, 42A, 43, 44, 45, 46, 47 • Str Urziceni - bl. 14, 17. 41, C9 • Ale Călineşti - bl. C4, C5, C6, C7, C12"
2026-08-01T15:58:21,4,4 Vifornita,20,Oprire ACC,"Lucrari POIM - Reabilitarea sistemului de termoficare al Municipului Bucuresti - LOT 4 ,Obiectivele 17,18,19,20.",2026-08-02T23:00,"• Ale Straja - bl. 69 • Str Straja - bl. 62, 62Bis, 63 • Str Argeşelu - bl. A4, A7 • Drm Găzarului - bl. A1, A2, A3, 133, 136, 138 • Ale Reşiţa A - bl. A6 • Str Reşiţa - bl. A5 • Str Izvorul Rece - bl. A8 • Ale Dolina - bl. 64, 68, 70, 134, 137"
2026-08-01T15:58:21,4,2 Zona V,22,Oprire ACC,"Lucrari POIM - Reabilitarea sistemului de termoficare al Municipului Bucuresti - LOT 4 ,Obiectivele 17,18,19,20.",2026-08-02T23:00,"• Str Huedin - bl. A12 • Ale Ţebea - bl. 101, 102. 103, D10, D11A, D12, D13 • Str Izvorul Trotuşului - bl. D14, D15, D24 • Str Izvorul Rece - bl. S14 A+B • Str Izvorul Mureşului - bl. A11, D9, D22 • Str Izvorul Crişului - bl. A1, A2, A3, D1 • Bld Constantin Brâncoveanu - bl. M1/1, M2/3, M2/4"
2026-08-01T15:58:21,4,"U.M. 01295, U.M. 01376",2,Oprire ACC,"Lucrari POIM - Reabilitarea sistemului de termoficare al Municipului Bucuresti - LOT 4 ,Obiectivele 17,18,19,20.",2026-08-02T23:00,• Şos Vitan Bârzeşti -
2026-08-01T15:58:21,4,Livada Noua,17,Oprire ACC,"Lucrari POIM - Reabilitarea sistemului de termoficare al Municipului Bucuresti - LOT 4 ,Obiectivele 17,18,19,20.",2026-08-02T23:00,"• Str Alunişului - bl. 1 • Şos Giurgiului - bl. 4, 9, 9T, G, N, O • Str Ghimpaţi - bl. 3, 2, 1T, 2T, 3T, 8T • Int Târgu Frumos - bl. 5, 6, 7, 4T"
2026-08-01T15:58:21,4,Modul Termic - Trident,1,Oprire ACC,"Lucrari POIM - Reabilitarea sistemului de termoficare al Municipului Bucuresti - LOT 4 ,Obiectivele 17,18,19,20.",2026-08-02T23:00,• Str Moldoviţa -
2026-08-01T15:58:21,4,Huedin,17,Oprire ACC,"Lucrari POIM - Reabilitarea sistemului de termoficare al Municipului Bucuresti - LOT 4 ,Obiectivele 17,18,19,20.",2026-08-02T23:00,"• Str Straja - bl. 52 • Str Moldoveni - bl. B15, B21 • Str Grădiştea - bl. 48, B5 • Str Reşiţa - bl. 49, 50, 51, Biserica Sf. Daniel • Str Huedin - bl. A26, 34, M1/2 • Ale Huedin - bl. 2, 3, 4, 5 • Str Uioara - bl. 33"
2026-08-01T15:58:21,4,Observator Astronomic,1,Oprire ACC,"Lucrari POIM - Reabilitarea sistemului de termoficare al Municipului Bucuresti - LOT 4 ,Obiectivele 17,18,19,20.",2026-08-02T23:00,• Str Piscului -
2026-08-01T15:58:21,4,Palatul National al Copiilor,1,Oprire ACC,"Lucrari POIM - Reabilitarea sistemului de termoficare al Municipului Bucuresti - LOT 4 ,Obiectivele 17,18,19,20.",2026-08-02T23:00,• Bld Tineretului -
2026-08-01T15:58:21,4,Spinis,26,Oprire ACC,"Lucrari POIM - Reabilitarea sistemului de termoficare al Municipului Bucuresti - LOT 4 ,Obiectivele 17,18,19,20.",2026-08-02T23:00,"• Str Spiniş - bl. 19, 24, 43, 45, 48, 104, 105 • Str Râul Şoimului - bl. 25, 26, 27, 28, 46, 47, 49 • Şos Giurgiului - bl. 4A, 4B • Str Grădiştea - bl. 101 • Drm Găzarului - bl. 18, 21, 22, 50 • Str Tătuleşti - bl. 44, 98, 100A, 100B, 103"
2026-08-01T15:58:21,4,Scoala I Teodoreanu nr.36 - Sala Sport,1,Oprire ACC,"Lucrari POIM - Reabilitarea sistemului de termoficare al Municipului Bucuresti - LOT 4 ,Obiectivele 17,18,19,20.",2026-08-02T23:00,• Str Coştila -
2026-08-01T15:58:21,4,4 Lanariei,10,Oprire ACC,"Lucrari POIM - Reabilitarea sistemului de termoficare al Municipului Bucuresti - LOT 4 ,Obiectivele 17,18,19,20.",2026-08-02T23:00,"• Str Avalanşei - bl. 1, 2, 3 • Bld Gheorghe Şincai - bl. 2, 3, 3TR1, 4, 5, 5A • Str Cuza Vodă - bl. 1A"
2026-08-01T15:58:21,4,Inst. Nat. de Neurologie si Boli Neurovasculare,1,Oprire ACC,"Lucrari POIM - Reabilitarea sistemului de termoficare al Municipului Bucuresti - LOT 4 ,Obiectivele 17,18,19,20.",2026-08-02T23:00,• Şos Berceni -
2026-08-01T15:58:21,4,2 Tineretului,26,Oprire ACC,"Lucrari POIM - Reabilitarea sistemului de termoficare al Municipului Bucuresti - LOT 4 ,Obiectivele 17,18,19,20.",2026-08-02T23:00,"• Bld Tineretului - bl. 18, 19, 37, 38, 39 • Str Albinelor - bl. 32 • Str Piscului - bl. 40, 41, 42, 47 • Str V. V. Stanciu - bl. 31 • Str Trestiana - bl. 17, 20, 23 • Str Vişana - bl. 25, 26, 36, 43, 44, 45 • Str Constantin Rădulescu-Motru - bl. 22-24, 33, 34, 35, 36, 46"
2026-08-01T15:58:21,4,3 Tineretului,18,Oprire ACC,"Lucrari POIM - Reabilitarea sistemului de termoficare al Municipului Bucuresti - LOT 4 ,Obiectivele 17,18,19,20.",2026-08-02T23:00,"• Bld Tineretului - bl. 52 • Bld Pionierilor - bl. 51 • Str Piscului - bl. 49, 50, 77, 78, 79, 80, 81 • Str V. V. Stanciu - bl. 69A • Cal Văcăreşti - bl. 69B, 70B, 83, 84 • Str Cărămidarii de Jos - bl. 48, 75, 76"
2026-08-01T15:58:21,4,Plugarilor,12,Oprire ACC,"Lucrari POIM - Reabilitarea sistemului de termoficare al Municipului Bucuresti - LOT 4 ,Obiectivele 17,18,19,20.",2026-08-02T23:00,"• Bld Abatorului - bl. 95 • Str Plugarilor - bl. 91, 94 • Str V. V. Stanciu - bl. 88, 90 • Cal Văcăreşti - bl. 85A, 85B, 86, 87 • Ale Bran - bl. 89, 92, 93"
2026-08-01T15:58:21,4,1 Vacaresti,15,Oprire ACC,"Lucrari POIM - Reabilitarea sistemului de termoficare al Municipului Bucuresti - LOT 4 ,Obiectivele 17,18,19,20.",2026-08-02T23:00,"• Str Stamate Costache - 3C, 3E • Str Pridvorului - bl. 1A, 4, 5, 6 • Cal Văcăreşti - bl. 1B, 1C, 1D, 1E, 2A, 2B, 2C, 3A, 3B"
2026-08-01T15:58:21,4,Norilor,4,Oprire ACC,"Lucrari POIM - Reabilitarea sistemului de termoficare al Municipului Bucuresti - LOT 4 ,Obiectivele 17,18,19,20.",2026-08-02T23:00,"• Str Maria Tănase - bl. 28, 29 • Bld Gheorghe Şincai - bl. 30, 30A"
2026-08-01T15:58:21,4,B 3 Cauzasi,7,Oprire ACC,"Lucrari POIM - Reabilitarea sistemului de termoficare al Municipului Bucuresti - LOT 4 ,Obiectivele 17,18,19,20.",2026-08-02T23:00,"• Pţa Unirii - bl. B3, B4, B5 ,B6, B7 • Str Radu Vodă - bl. B8 • Bld Dimitrie Cantemir - bl. B2"
2026-08-01T15:58:21,4,6 Vifornita,17,Oprire ACC,"Lucrari POIM - Reabilitarea sistemului de termoficare al Municipului Bucuresti - LOT 4 ,Obiectivele 17,18,19,20.",2026-08-02T23:00,"• Şos Giurgiului - bl. 1, 2A, 2B, • Str Grădiştea - bl. 86, 87 • Str Tătuleşti - bl. 18, 20, 82, 83, 84, 85 • Ale Călineşti - bl. 11, 12, 13, 14, 15, 81"
2026-08-01T15:58:21,4,1 Tineretului,33,Oprire ACC,"Lucrari POIM - Reabilitarea sistemului de termoficare al Municipului Bucuresti - LOT 4 ,Obiectivele 17,18,19,20.",2026-08-02T23:00,"• Ale Tohani - bl. 30, 31; Gradinita nr.224 • Bld Tineretului - bl. A2, A3, A4, A5, A6, Z2, Z3, Z4, Z5, Z6, Z7, 5A • Str Mocăncuţei - Imob.vila • Str Poenari - bl. 12, 13 • Str Trestiana - bl. 8A, 8B, 9, 10, 11, 14, 15, 16, 32 • Str Tohani - bl. 29, 33 • Str Constantin Rădulescu-Motru - bl. 21, 27A, 28, 34 • Str Cuza Vodă - bl. 27B"
2026-08-01T15:58:21,4,4 Tineretului,23,Oprire ACC,"Lucrari POIM - Reabilitarea sistemului de termoficare al Municipului Bucuresti - LOT 4 ,Obiectivele 17,18,19,20.",2026-08-02T23:00,"• Bld Tineretului - bl. 53, 54, 57, 58, 64, 65, 66 • Str Baladei - bl. 55, 56, 59, 60, 61, 61A, 73 • Cal Văcăreşti - bl. 62, 63, 67, 68, 71, 72A, 72B • Str Cărămidarii de Jos - bl. 74A, 74B"
2026-08-01T15:58:21,4,11 Giurgiu,3,Oprire ACC,"Lucrari POIM - Reabilitarea sistemului de termoficare al Municipului Bucuresti - LOT 4 ,Obiectivele 17,18,19,20.",2026-08-02T23:00,"• Şos Giurgiului - bl. 5, 11 • Str Petre Ţuţea - Scoala nr.109"
2026-08-01T15:58:21,4,Luica,29,Oprire ACC,"Lucrari POIM - Reabilitarea sistemului de termoficare al Municipului Bucuresti - LOT 4 ,Obiectivele 17,18,19,20.",2026-08-02T23:00,"• Str Luica - bl. M1, M2, M3, M4, M4Bis, M5, M6, IV/1A • Str Reşiţa - bl. M1, P4 • Str Uioara - bl. IV/1B, IV/1C, IV/1 sc.A; M2 • Str Ucea - bl. P3, P4, P7, P8, P9, P10, P11, P12, IV/2 • Str Coştila - bl. P1, P2, P5, P6, P9"
2026-08-01T15:58:21,4,2 Giurgiu,7,Oprire ACC,"Lucrari POIM - Reabilitarea sistemului de termoficare al Municipului Bucuresti - LOT 4 ,Obiectivele 17,18,19,20.",2026-08-02T23:00,"• Str Tufişului - Scoala nr.188 • Şos Giurgiului - bl. B, C, E, F, K • Str Şoimuş - bl. L"
2026-08-01T15:58:21,4,2 Vacaresti,21,Oprire ACC,"Lucrari POIM - Reabilitarea sistemului de termoficare al Municipului Bucuresti - LOT 4 ,Obiectivele 17,18,19,20.",2026-08-02T23:00,"• Str Stamate Costache - bl. 8A, 8C • Str Pridvorului - bl. 11, 12, 13, 14, 18, 19, 20 • Cal Văcăreşti - bl. 8D, 8E, 9A, 9B, 9C, 10A, 10B, 10C, 10D, 15, 16, 17"
2026-08-01T15:58:21,4,1 Stoian Militaru,6,Oprire ACC,"Lucrari POIM - Reabilitarea sistemului de termoficare al Municipului Bucuresti - LOT 4 ,Obiectivele 17,18,19,20.",2026-08-02T23:00,"• Str Padeşu - bl. 1 • Str Pictor Ştefan Dimitrescu - bl. 2, 19 • Str Şura Mare - bl. 1A, 1B • Str Cornetului - bl. 20"
2026-08-01T15:58:21,4,2 Lanariei,15,Oprire ACC,"Lucrari POIM - Reabilitarea sistemului de termoficare al Municipului Bucuresti - LOT 4 ,Obiectivele 17,18,19,20.",2026-08-02T23:00,"• Str Maria Tănase - bl. 13 • Bld Gheorghe Şincai - bl. 11, 12 • Str Viorele - bl. 15, 17, 18, 20A, 20B, 22, 37, Scoala nr. 97 • Cal Văcăreşti - bl. 23, 24 • Ale Borcea - bl. 14, 16"
2026-08-01T15:58:21,4,3 Oltenita Placare,22,Oprire ACC,"Lucrari POIM - Reabilitarea sistemului de termoficare al Municipului Bucuresti - LOT 4 ,Obiectivele 17,18,19,20.",2026-08-02T23:00,"• Şos Olteniţei - bl. 2A, 2B, 2C, 2D, 3C, 3D, 3E, 4A, 4B, 4C, 4D, 5A, 5B, 5C, 5D, 5E • Str Gheorghe Adamescu - bl. 4E • Str Pometului - Imobil nr.41 • Str Laloşu - bl. 3A, 3B, 2E"
2026-08-01T15:58:21,4,Dealul Cernei,13,Oprire ACC,"Lucrari POIM - Reabilitarea sistemului de termoficare al Municipului Bucuresti - LOT 4 ,Obiectivele 17,18,19,20.",2026-08-02T23:00,"• Str Uioara - bl. 12Bis, 35, 36, 46 • Ale Cetatea Veche - bl. 2Bis, 3Bis, 5, 37, 38, 39, 40, 41, 47"
2026-08-01T15:58:21,4,Sincai,8,Oprire ACC,"Lucrari POIM - Reabilitarea sistemului de termoficare al Municipului Bucuresti - LOT 4 ,Obiectivele 17,18,19,20.",2026-08-02T23:00,"• Str Mocăncuţei - Imobil nr.12 • Bld Gheorghe Şincai - bl. 2, 4 • Str Tineretului - bl 5,Z1 • Str Trestiana - bl. 3 • Str Constantin Rădulescu-Motru - bl. 1, 35 • Str Cuza Vodă - bl. 37A"
2026-08-01T15:58:21,4,3 Zona V,16,Oprire ACC,"Lucrari POIM - Reabilitarea sistemului de termoficare al Municipului Bucuresti - LOT 4 ,Obiectivele 17,18,19,20.",2026-08-02T23:00,"• Str Reşiţa - bl. D17 • Str Huedin - bl. A13, D18, D19, D20 • Str Izvorul Mureşului - bl. 10, A4 • Str Izvorul Crişului - bl. A5, A6, A7, A8, A14, A15, A16, D16, D21"
2026-08-01T15:58:21,4,Uioara,31,Oprire ACC,"Lucrari POIM - Reabilitarea sistemului de termoficare al Municipului Bucuresti - LOT 4 ,Obiectivele 17,18,19,20.",2026-08-02T23:00,"• Str Semenic - bl. 23, 24 • Str Luica - bl. 59, 60, 61, III/6, III/7 • Ale Gorneşti - bl. 55, 56 • Ale Uioara - bl. 4Bis, 42, 43, 44, 45, 48, 49, 50, 51, 52, 53, 54, 58 • Ale Izvorul Oltului - bl. 25, 26, 27, 28, 29, 33, 62Bis • Bld Constantin Brâncoveanu - bl. 30, 34-35"
2026-08-01T15:58:21,4,Almașul Mare,19,Oprire ACC,"Lucrari POIM - Reabilitarea sistemului de termoficare al Municipului Bucuresti - LOT 4 ,Obiectivele 17,18,19,20.",2026-08-02T23:00,"• Str Moldoveni - bl. B19, B20 • Str Almaşu Mic - bl. B6, B7, B8, B10, B11, B12, B17, B18, Gradinita nr.62 • Str Almaşu Mare - bl. B2, B9, B16 • Str Grădiştea - bl. B1, B3, B4, B13, B14"
2026-08-01T15:58:21,4,2 Vifornita,26,Oprire ACC,"Lucrari POIM - Reabilitarea sistemului de termoficare al Municipului Bucuresti - LOT 4 ,Obiectivele 17,18,19,20.",2026-08-02T23:00,"• Str Straja - bl. 30, 31, 32, 40, 65, 66 • Str Spiniş - bl. 52, 53, 54 • Str Moldoveni - bl. 55, 59, 60, 61 • Str Almaşu Mare - bl. 51, 56, 57, 58 • Str Argeşelu - bl. 33, 34, 35, 37, 39, 67 • Drm Găzarului - bl. 29 • Str Reşiţa - bl. 36, 38"
2026-08-01T15:58:21,4,1 Zona IV,14,Oprire ACC,"Lucrari POIM - Reabilitarea sistemului de termoficare al Municipului Bucuresti - LOT 4 ,Obiectivele 17,18,19,20.",2026-08-02T23:00,"• Str Grădiştea - bl. A9, A10 • Ale Reşiţa D - A1, A3, A4, A5, A7, A8 • Str Reşiţa - bl. A2, A6 • Str Uioara - bl. A11, A12, A13, A14"
2026-08-01T15:58:21,4,Sala Polivalenta,1,Oprire ACC,"Lucrari POIM - Reabilitarea sistemului de termoficare al Municipului Bucuresti - LOT 4 ,Obiectivele 17,18,19,20.",2026-08-02T23:00,• Cal Piscului -
2026-08-01T15:58:21,4,1 Zona V,12,Oprire ACC,"Lucrari POIM - Reabilitarea sistemului de termoficare al Municipului Bucuresti - LOT 4 ,Obiectivele 17,18,19,20.",2026-08-02T23:00,"• Str Reşiţa - bl. A18, A19 • Str Izvorul Rece - bl. A10 • Str Izvorul Mureşului - bl. A9 ,D5, D6, D7, D23 • Str Izvorul Crişului - bl. D3, D4 • Str Trotuşului - bl. A17, D8"
2026-08-01T15:58:21,5,Giurgiu Farado,15,Oprire ACC,Reabilitarea sistemului de termoficare al Municipiului Bucuresti - Lucrari POIM -Lot 4- Obiectivele 18 - 19,2026-08-02T23:00,"• Ale Podul Giurgiului - 2, 3, 4, 5, 6, 7, 8, 9, 11, 12,13 • Str Vigoniei - 1, 8, 15 • Şos Giurgiului - 16"
2026-08-01T15:58:21,5,9 Farado,5,Oprire ACC,Reabilitarea sistemului de termoficare al Municipiului Bucuresti - Lucrari POIM -Lot 4- Obiectivele 18 - 19,2026-08-02T23:00,"• Str Podul Giurgiului - 9,14 • Str Vigoniei - 10, 10Turn, 14Turn"
2026-08-01T15:58:21,5,1 Giurgiu,9,Oprire ACC,Reabilitarea sistemului de termoficare al Municipiului Bucuresti - Lucrari POIM -Lot 4- Obiectivele 18 - 19,2026-08-02T23:00,"• Str Verigei - bl. 1, 2, Z 3, Z5 • Şos Giurgiului - bl. A, H1, H2 • Str Ştefan Vodă - imobil Decu Aurel • Str Măgurei - bl. D1"
2026-08-01T15:58:21,5,6 Farado,6,Oprire ACC,Reabilitarea sistemului de termoficare al Municipiului Bucuresti - Lucrari POIM -Lot 4- Obiectivele 18 - 19,2026-08-02T23:00,"• Str Podul Giurgiului - bl. 17, 18, Liceul Energetic • Str Toporaşi - bl. 15 • Şos Giurgiului - bl. 5, 6, 7"
2026-08-01T15:58:21,5,Modul Toporaşi,1,Oprire ACC,Revizie tehnică - CTE Progresu,2026-08-10T23:00,• Str Toporaşi - 1
2026-08-01T17:24:46,2,Barbu Vacarescu,6,Deficienta ACC,Funcționare deficitară a apei calde de consum din cauza manevrelor de echilibrare hidraulică a rețelei termice,2026-08-01T23:00,"• Str Dinu Vintilă - bl.3, 4, 5 • Str Barbu Văcărescu - bl.1,2; 7"
2026-08-01T17:24:46,2,1 Mosilor,22,Deficienta ACC,Funcționare deficitară a apei calde de consum din cauza manevrelor de echilibrare hidraulică a rețelei termice,2026-08-01T23:00,"• Ale Cenuşeresei - bl.50, 52 • Str Traian - bl.30 B, imob.Nr.254 • Cal Moşilor - bl.36, 38, 42, 46, 48, 58, 32, 30A, 31A , 31C • Str Mihai Eminescu - bl.31B ,32 • Str Vaselor - bl.34, imob.Nr.3A • Str Ion Maiorescu - bl.44 ;50 ;40, imob.Nr.37, 7"
2026-08-01T17:24:46,2,Galvani Tei,9,Deficienta ACC,Funcționare deficitară a apei calde de consum din cauza manevrelor de echilibrare hidraulică a rețelei termice,2026-08-01T23:00,"• Str Johannes K. Kepler - bl.K/4/1; 2 • Bld Lacul Tei - bl.7, 8, 5, 6 • Str Păstorului - bl.4, 3, 4Bis"
2026-08-01T17:24:46,2,201 Mihai Bravu,5,Oprire ACC,Execuție lucrări de modernizare - firma SICOR pe Magistrala II Sud,2026-08-02T23:00,"• Şos Mihai Bravu - bl. 205, 203, 204, 200, • Cal Călăraşilor - bl. 201, 202"
2026-08-01T17:24:46,3,IN CITY,1,Oprire ACC,Execuție lucrări de modernizare - firma ELSACO pe Magistrala II Sud,2026-08-02T23:00,• Cal Dudeşti -
2026-08-01T17:24:46,3,16 Foișor,1,Oprire ACC,Execuție lucrări de modernizare - firma ELSACO pe Magistrala II Sud,2026-08-02T23:00,• Cal Vitan - bl. V6
2026-08-01T17:24:46,3,16 Răcari,17,Oprire ACC,Execuție lucrări de modernizare - firma ELSACO pe Magistrala II Sud,2026-08-02T23:00,"• Str Mureşana - bl. 52, 51 A+B • Str Lugojana - bl. 50+50A, 47 • Str Crivăţului - bl. 43A, 51, 44B • Str Răcari - bl. 42 • Ale Slt. Adrian Cârstea - bl. 43, 44, 41, 48, 45, 46, 44A"
2026-08-01T17:24:46,3,3 Labirint,7,Oprire ACC,Execuție lucrări de modernizare - firma ELSACO pe Magistrala II Sud,2026-08-02T23:00,"• Str Matei Basarab - bl. 119bis, L121, L118A, L116A • Str Labirint - bl. L117, L119, L117bis"
2026-08-01T17:24:46,3,21 Foișor,17,Oprire ACC,Execuție lucrări de modernizare - firma ELSACO pe Magistrala II Sud,2026-08-02T23:00,"• Str Vlaicu Vodă - bl. C8, C9 • Str Vlad Dracul - bl. B12, B13 • Str Vasile Cârlova - bl. A7, A7bis • Str Emil Gârleanu - bl. A6, A4 • Str Lt. col. Dumitru Papazoglu - bl. B10, C6 • Str Anastasie Panu - bl. A12, A5, A16, B7 • Str Alexandru Moruzzi Voievod - bl. A11, A13, B6"
2026-08-01T17:24:46,3,15 Foișor,4,Oprire ACC,Execuție lucrări de modernizare - firma ELSACO pe Magistrala II Sud,2026-08-02T23:00,"• Str Zizin - bl. G1 • Str Brânduşelor - bl. G3 • Str Banu Udrea - bl. G7, G8"
2026-08-01T17:24:46,3,12 Foișor,14,Oprire ACC,Execuție lucrări de modernizare - firma ELSACO pe Magistrala II Sud,2026-08-02T23:00,"• Str Vlad Dracul - bl. C12, C14, C13 • Str Foişorului - bl. F13C, F14C, F11C, F12C • Str Anastasie Panu - bl. C15, D3, D1, D2, D6, D4, D5"
2026-08-01T17:24:46,3,I3,6,Oprire ACC,Execuție lucrări de modernizare - firma ELSACO pe Magistrala II Sud,2026-08-02T23:00,"• Str Miletin - Imobil • Pţa Alba Iulia - bl. I1, I2, I3, I4, I5"
2026-08-01T17:24:46,3,2 Unităţii,16,Oprire ACC,Execuție lucrări de modernizare - firma ELSACO pe Magistrala II Sud,2026-08-02T23:00,"• Str Vulcan Judeţul - bl. B1B, B1C, B3A • Str Traian Popovici - bl. B3D, B4, B4D, B4F, B4A • Şos Mihai Bravu - bl. B2A, B2B, B2C, B1, B1A, B1D, B3B, B3C • Str Caloian Judeţul - bl. B4C, Scoala Generala nr. 80"
2026-08-01T17:24:46,3,2 Mărășești,16,Oprire ACC,Execuție lucrări de modernizare - firma ELSACO pe Magistrala II Sud,2026-08-02T23:00,"• Str Vlad Dracul - bl. B1, B2 • Str Nerva Traian - bl. M70, M71, M66, M69, M68, M65 • Str Emil Gârleanu - bl. A8, A9 • Str Logofătul Tăutu - bl. C3, C4, C5 • Str Lt. col. Dumitru Papazoglu - bl. B5 • Str Alexandru Moruzzi Voievod - bl. B1, A10"
2026-08-01T17:24:46,3,J2 Unirii,7,Oprire ACC,Execuție lucrări de modernizare - firma ELSACO pe Magistrala II Sud,2026-08-02T23:00,"• Bld Unirii - bl. J1, J3B, J4, J2, J3A • Pţa Alba Iulia - bl. I6, I7"
2026-08-01T17:24:46,3,M107,25,Oprire ACC,Execuție lucrări de modernizare - firma ELSACO pe Magistrala II Sud,2026-08-02T23:00,"• Str Nerva Traian - bl. K6 • Bld Octavian Goga - bl. M103, M106 • Str Emil Botta - bl. M109, M105, M104, M107, M108 • Bld Unirii - bl. K3, K4, K2, K5 • Str Lucian Blaga - bl. K1"
2026-08-01T17:24:46,3,F6,6,Oprire ACC,Execuție lucrări de modernizare - firma ELSACO pe Magistrala II Sud,2026-08-02T23:00,"• Str Maximilian Popper - bl. F6 • Bld Unirii - bl. F2, F3, F4 • Str Traian - bl. F1 • Str Ion Pillat - bl. F5"
2026-08-01T17:24:46,3,2 Cornul Caprei,3,Oprire ACC,Execuție lucrări de modernizare - firma ELSACO pe Magistrala II Sud,2026-08-02T23:00,"• Str Şcoala Ciocanu - Imobil • Bld Burebista - D13, D14"
2026-08-01T17:24:46,3,1 Labirint,5,Oprire ACC,Execuție lucrări de modernizare - firma ELSACO pe Magistrala II Sud,2026-08-02T23:00,"• Str Matei Basarab - bl. L111A, L109, L108, L109bis, L110"
2026-08-01T17:24:46,3,Mihai Bravu Vest,18,Oprire ACC,Execuție lucrări de modernizare - firma ELSACO pe Magistrala II Sud,2026-08-02T23:00,"• Şos Mihai Bravu - bl. 2, 3, 4, 5, 6, 7, 103, 104, 105 • Bld Decebal - bl. S1, S2, S2A+S2B, S3 • Ale Apostol Mărgărit - bl. 106, 107, 108, D.G.A.S.P.C, Centrul de zi Titan-Cercelus9 cresa nr.35 • Str Cerceluş - bl. 10-11"
2026-08-01T17:24:46,3,11 Foișor,14,Oprire ACC,Execuție lucrări de modernizare - firma ELSACO pe Magistrala II Sud,2026-08-02T23:00,"• Str Zizin - bl. V75C • Str Vlaicu Vodă - bl. V65, V66 • Str Brânduşelor - bl. V70, V75A, V77 • Str Foişorului - bl. F9C, F8C • Str Rarău - bl. V69, V68, V70, V71, F10C, V74"
2026-08-01T17:24:46,3,9 Vitan,11,Oprire ACC,Execuție lucrări de modernizare - firma ELSACO pe Magistrala II Sud,2026-08-02T23:00,"• Str Zizin - bl. 97, V101C, V101B • Str Vlaicu Vodă - bl. V34C, V100 • Cal Vitan - bl. V34A, V35 • Str Nucului - bl. V100, V101,V101A • Str Banu Udrea - bl. V104, V103, V101C, V99, V97, V102, V95"
2026-08-01T17:24:46,3,10 Laborator,26,Oprire ACC,Execuție lucrări de modernizare - firma ELSACO pe Magistrala II Sud,2026-08-02T23:00,"• Ale Şcolarilor - bl. S24, S25, S13, S14, S3A, S4, S23 • Şos Mihai Bravu - bl. S3, SB, SA, SB1, R3 • Str Laborator - bl. S11, S5, S12, S8, S9, S10, S6, S7, S1, S2A, S2 • Bld Camil Ressu - bl. 5, R1, R2"
2026-08-01T17:24:46,3,S14,11,Oprire ACC,Execuție lucrări de modernizare - firma ELSACO pe Magistrala II Sud,2026-08-02T23:00,"• Str Theodor D. Speranţia - bl. S24, S25, S26, S27,S28 • Bld Decebal - bl. S12, S12A, S12B, S13, S14, S15"
2026-08-01T17:24:46,3,1 Vitan,22,Oprire ACC,Execuție lucrări de modernizare - firma ELSACO pe Magistrala II Sud,2026-08-02T23:00,"• Cal Vitan - bl. 2, 3, 9, 10, 7C, 2A, 1, 1A, 1B • Str Lugojana - bl. 12, 11 • Str Dristorului - bl. 6 • Ale Râmnicu Sărat - bl. 2B, 7B,7A,15 • Str Râmnicu Vâlcea - bl. 15, 15B, 15A • Str Baia Mare - bl. 4, 8, 7A1,12A 5, 7, 12B"
2026-08-01T17:24:46,3,E1,6,Oprire ACC,Execuție lucrări de modernizare - firma ELSACO pe Magistrala II Sud,2026-08-02T23:00,"• Str Vintilă Vodă - bl. E1 • Bld Unirii - bl. E2, E3,E3A, E3-3, E3A2"
2026-08-01T17:24:46,3,2 Călăraşi,18,Oprire ACC,Execuție lucrări de modernizare - firma ELSACO pe Magistrala II Sud,2026-08-02T23:00,"• Str Matei Basarab - 72, 86, 73, 74, 85, L122, L120, L118 • Str Theodor D. Speranţia - 78, 83, 84 • Str Agricultori - 80, 81, 82,79, • Cal Călăraşi - 75,76,77"
2026-08-01T17:24:46,3,3 Mărăşeşti,10,Oprire ACC,Execuție lucrări de modernizare - firma ELSACO pe Magistrala II Sud,2026-08-02T23:00,"• Str Ştefan Octavian Iosif - bl. M51, M54 • Str Panait Cerna - bl. M53, M52 • Str Nerva Traian - bl. M37, M36, M39, M55, M38 • Bld Octavian Goga - bl. M42, M61 • Str Alexandru Vlahuţă - bl. M49, M50"
2026-08-01T17:24:46,3,Ministerul de Finante,1,Oprire ACC,Execuție lucrări de modernizare - firma ELSACO pe Magistrala II Sud,2026-08-02T23:00,• Bld Mircea Vodă - 44
2026-08-01T17:24:46,3,5 Mărăşeşti,17,Oprire ACC,Execuție lucrări de modernizare - firma ELSACO pe Magistrala II Sud,2026-08-02T23:00,"• Bld Mircea Vodă - bl. M31, M29, M30 • Ale Dimitrie Anghel - bl. M45 • Str Panait Cerna - bl. M44 • Str Nerva Traian - bl. M34, M35 • Str Alexandru Vlahuţă - bl. M46, M47, M48"
2026-08-01T17:24:46,3,11 Laborator,10,Oprire ACC,Execuție lucrări de modernizare - firma ELSACO pe Magistrala II Sud,2026-08-02T23:00,"• Str Laborator - bl. S18, 39A, 40, 39, 38 • Str Râmnicu Vâlcea - bl. S19, S20, S16, S15, S17"
2026-08-01T17:24:46,3,17 Răcari,15,Oprire ACC,Execuție lucrări de modernizare - firma ELSACO pe Magistrala II Sud,2026-08-02T23:00,"• Ale Miraj - bl. 60, 61, 68 • Ale Florin Ciungan - bl. 64, 66, 65, 67, 69 • Ale Răcari - bl. 75, 74, 71, 71A, 70 • Ale Marius Emanoil Buteică - bl. 72, 63, 62"
2026-08-01T17:24:46,3,BL U114 (UM 02544/B1),1,Oprire ACC,Execuție lucrări de modernizare - firma ELSACO pe Magistrala II Sud,2026-08-02T23:00,• Bld Mircea Vodă - 3-5
2026-08-01T17:24:46,3,C3 Căuzaşi,11,Oprire ACC,Execuție lucrări de modernizare - firma ELSACO pe Magistrala II Sud,2026-08-02T23:00,"• Ale Negru Vodă - C3, C4, C3A • Str Mămulari - C1, C2 • Bld Unirii - A1, A2, A3, A4 • Str Sfânta Vineri - A6, A5"
2026-08-01T17:24:46,3,1 Laborator,31,Oprire ACC,Execuție lucrări de modernizare - firma ELSACO pe Magistrala II Sud,2026-08-02T23:00,"• Str Aniversării - bl. 39A • Şos Mihai Bravu - bl. V10, V18, V7, V11, V12, V9, V15, V16, V8, V13, V17 • Str Laborator - bl. V14 • Str Iancu Brezeanu - bl. V31B • Str Agatha Bârsescu - bl. V26C, V31A, V30B, V26A, V28, V30A, V26B, V29, V25, V27A, V27B • Str Alexander Von Humboldt - bl. V23A • Ale Blăjel - bl. V5, V6 • Str Breaza - bl. V24A, V23B"
2026-08-01T17:24:46,3,3 Unităţii,19,Oprire ACC,Execuție lucrări de modernizare - firma ELSACO pe Magistrala II Sud,2026-08-02T23:00,"• Str Traian Popovici - bl. B7, B11, B10 • Şos Mihai Bravu - bl. B13, B13A, B13D, B13B, B13C • Str Lt. Aurel Botea - bl. B5A, B5, B5D, B5B, B5C, B6, B6A, B6B, B8, B9"
2026-08-01T17:24:46,3,3 Călăraşi,13,Oprire ACC,Execuție lucrări de modernizare - firma ELSACO pe Magistrala II Sud,2026-08-02T23:00,"• Cal Călăraşi - . 44, 38, 39, 45, 46, 56, 57, 55, 53, 53BIS, 42, 54 • Str Orzari - 47"
2026-08-01T17:24:46,3,5 Cornul Caprei,10,Oprire ACC,Execuție lucrări de modernizare - firma ELSACO pe Magistrala II Sud,2026-08-02T23:00,"• Str Lt. Aurel Botea - D24, D22 • Bld Burebista - D15, D16 • Str Caloian Judeţul - D19A, D21A, D20, D19B, D18, D21B"
2026-08-01T17:24:46,3,Colegiul Tehnic Mihai Bravu,1,Oprire ACC,Execuție lucrări de modernizare - firma ELSACO pe Magistrala II Sud,2026-08-02T23:00,• Şos Mihai Bravu - 428
2026-08-01T17:24:46,3,G3,9,Oprire ACC,Execuție lucrări de modernizare - firma ELSACO pe Magistrala II Sud,2026-08-02T23:00,"• Bld Unirii - bl. G2, H1, G3, G2A, G2B, G2C • Str Ion Pillat - bl. G1, G1A • Bld Decebal - bl. H2"
2026-08-01T17:24:46,3,Dristor Insulă,18,Oprire ACC,Execuție lucrări de modernizare - firma ELSACO pe Magistrala II Sud,2026-08-02T23:00,"• Şos Mihai Bravu - 12, 12A, 15, 15A, 18, 18A, 14A+B • Str Dristorului - 15B, 10, 10A, 11, 12B, 16ABC, 17,13, 13C • Bld Camil Ressu - 13A"
2026-08-01T17:24:46,3,13 Foișor,11,Oprire ACC,Execuție lucrări de modernizare - firma ELSACO pe Magistrala II Sud,2026-08-02T23:00,"• Str Vlaicu Vodă - bl. V62, V63, V61 • Str Brânduşelor - bl.V64 • Str Foişorului - bl. F6C, F7C, F5C, F4C • Str Alexandru Moruzzi Voievod - bl. V60, V59, V58"
2026-08-01T17:24:46,3,3 Theodor Speranţia,5,Oprire ACC,Execuție lucrări de modernizare - firma ELSACO pe Magistrala II Sud,2026-08-02T23:00,"• Str Theodor D. Speranţia - bl. S22 • Bld Decebal - bl. S16 • Cal Călăraşi - bl. S18, S20, S21"
2026-08-01T17:24:46,3,2 Vitan,33,Oprire ACC,Execuție lucrări de modernizare - firma ELSACO pe Magistrala II Sud,2026-08-02T23:00,"• Cal Vitan - bl. 42, 30, 41, 31, 21, 20, 51, 52, 22 • Str Mureşana - bl. 43B, 44, 58, 58A, 59 • Str Jieneasca - bl. 46, 47, 34, 33 • Str Căluşari - bl. 43, 43A, 24, 25, 50, 43A • Str Alunului - bl. 57 • Şos Mihai Bravu - bl. 53, 54, 55 • Str Răcari - bl. 38, 39 • Str Alunelului - bl. 45, 40, 32"
2026-08-01T17:24:46,3,1 Călăraşi,8,Oprire ACC,Execuție lucrări de modernizare - firma ELSACO pe Magistrala II Sud,2026-08-02T23:00,"• Cal Călăraşi - Cal. Călăraşi bl. 50, 70, 68, 65, 49, 71, 67, 66,"
2026-08-01T17:24:46,3,4 Theodor Speranţia,32,Oprire ACC,Execuție lucrări de modernizare - firma ELSACO pe Magistrala II Sud,2026-08-02T23:00,"• Str Voroneţ - bl. A15+A15bis, A22, D8, D7, D6, D5A, D4, D5, D2, D3, D1 • Str Meşterul Manole - bl. D17, D10, D9, D11, D15 • Str Negoiu - bl. D18, D16, D14, D12 • Str Ion Păunescu-Paltin - bl. D13 • Str Dristorului - bl. A21, B14, A23, B13, A20, B7, B14, B20 • Int Arenei - bl. B2, B3"
2026-08-01T17:24:46,3,10 Vitan,17,Oprire ACC,Execuție lucrări de modernizare - firma ELSACO pe Magistrala II Sud,2026-08-02T23:00,"• Str Zizin - bl. V80B, V80A, V81C, V40 • Str Vlaicu Vodă - bl. V43, V39, V82, V38, V81, V79, V82B, V81A • Cal Vitan - bl. V40, V42, V17, V82A, V42C,V42A • Str Brânduşelor - bl. V78"
2026-08-01T17:24:46,3,6 Mărășești,19,Oprire ACC,Execuție lucrări de modernizare - firma ELSACO pe Magistrala II Sud,2026-08-02T23:00,"• Bld Mircea Vodă - bl. M11, M14, M20bis, M9,M8, M1, M21, M22, M6, M20 • Str Panait Cerna - bl. M5 • Spl Unirii - bl. M3, M4, M12, M19, M10, M15, M7, M18, M16, M13"
2026-08-01T17:24:46,3,4 Labirint,5,Oprire ACC,Execuție lucrări de modernizare - firma ELSACO pe Magistrala II Sud,2026-08-02T23:00,"• Str Matei Basarab - bl. L112, L112A, L113A, L113 • Str Traian - bl. L112B"
2026-08-01T17:24:46,3,7 Vitan,12,Oprire ACC,Execuție lucrări de modernizare - firma ELSACO pe Magistrala II Sud,2026-08-02T23:00,"• Str Vlad Judeţul - bl. V12, V13, V14A, V11 • Cal Vitan - bl. V14B, V16B, V16A, V15 • Str Agatha Bârsescu - bl. V19 • Str Brăiliţa - bl. V17, V10, V18"
2026-08-01T17:24:46,3,1 Mărăşeşti,20,Oprire ACC,Execuție lucrări de modernizare - firma ELSACO pe Magistrala II Sud,2026-08-02T23:00,"• Str Nerva Traian - bl M64 • Bld Octavian Goga - bl. V53C, M62, M63 • Str Emil Gârleanu - bl. V52C, V53D, A1, F • Str Foişorului - bl. F1C, F2C, F3C, D, E • Str Anastasie Panu - bl. A1, A2, A3"
2026-08-01T17:24:46,3,6 Vitan,8,Oprire ACC,Execuție lucrări de modernizare - firma ELSACO pe Magistrala II Sud,2026-08-02T23:00,"• Cal Vitan - bl. V21A, V21B, V2, V1 • Ale Blăjel - bl. V3, V4 • Str Breaza - bl. V22A, V22B"
2026-08-01T17:24:46,3,1 Anexa,28,Oprire ACC,Execuție lucrări de modernizare - firma ELSACO pe Magistrala II Sud,2026-08-02T23:00,• Int Ţiglina - Scoala Gimnaziala Cezar Bolliac • Str Diligenţei - • Str Mircea Bădescu - • Str Nicolae Tudor - • Str Levănţica - • Str Dristorului - • Str Cerceluş -
2026-08-01T17:24:46,3,18 KLM,9,Oprire ACC,Execuție lucrări de modernizare - firma ELSACO pe Magistrala II Sud,2026-08-02T23:00,"• Str Sold. Spiridon Matei - bl. 9 • Int Înotătorilor - bl. 10 • Str Tomis - bl. 11 • Bld Râmnicu Sărat - bl. 11A, 20M, 20K, 10bis, 20L, 11A1"
2026-08-01T17:24:46,3,5 Călăraşi,5,Oprire ACC,Execuție lucrări de modernizare - firma ELSACO pe Magistrala II Sud,2026-08-02T23:00,"• Str Matei Basarab - 64 • Cal Călăraşi - 59, 60, 61, 58"
2026-08-01T17:24:46,3,4 Mărăşeşti,11,Oprire ACC,Execuție lucrări de modernizare - firma ELSACO pe Magistrala II Sud,2026-08-02T23:00,"• Ale Dimitrie Anghel - bl. M59 • Str Panait Cerna - bl. M43, M57, M56, M58, M28 • Str Nerva Traian - Grădinița nr. 81 • Bld Octavian Goga - bl. M60I, M24, M26, M25, M23"
2026-08-01T17:24:46,3,Biblioteca Nationala,1,Oprire ACC,Execuție lucrări de modernizare - firma ELSACO pe Magistrala II Sud,2026-08-02T23:00,• Bld Unirii - 22
2026-08-01T17:24:46,3,19 Foișor,10,Oprire ACC,Execuție lucrări de modernizare - firma ELSACO pe Magistrala II Sud,2026-08-02T23:00,"• Str Brânduşelor - bl. G4, G4A, H1, H16 • Str Banu Udrea - bl. G5, G6, H5, J2, J1, H6"
2026-08-01T17:24:46,3,7 Călăraşi,9,Oprire ACC,Execuție lucrări de modernizare - firma ELSACO pe Magistrala II Sud,2026-08-02T23:00,"• Bld Corneliu Coposu - 105A, 103, 104, 101, 106A, 105A • Str Sfânta Vineri - 105B, 105C, 102"
2026-08-01T17:24:46,3,S6,10,Oprire ACC,Execuție lucrări de modernizare - firma ELSACO pe Magistrala II Sud,2026-08-02T23:00,"• Bld Decebal - bl. S11, S9, S10, S7, S4, H3, S6, S5, S7, S8"
2026-08-01T17:24:46,3,E6,4,Oprire ACC,Execuție lucrări de modernizare - firma ELSACO pe Magistrala II Sud,2026-08-02T23:00,"• Bld Unirii - bl. E4, E4A • Str Traian - bl. E5, E6"
2026-08-01T17:24:46,3,Tribunalul Bucuresti,1,Oprire ACC,Execuție lucrări de modernizare - firma ELSACO pe Magistrala II Sud,2026-08-02T23:00,• Bld Unirii - 37
2026-08-01T17:24:46,3,14 Foișor,11,Oprire ACC,Execuție lucrări de modernizare - firma ELSACO pe Magistrala II Sud,2026-08-02T23:00,"• Cal Vitan - bl. V50B, V50A, V51 • Str Alexandru Moruzzi Voievod - bl. V54B, V54A, V56, V57, V54, V55, V57B"
2026-08-01T17:24:46,3,4 Dudești,2,Oprire ACC,Execuție lucrări de modernizare - firma ELSACO pe Magistrala II Sud,2026-08-02T23:00,"• Str Brăiliţa - bl. D9B, D9A"
2026-08-01T17:24:46,3,Clinica Sfanta Lucia,1,Oprire ACC,Reabilitare conducte DN 1000 - magistrala III SUD,2026-08-01T23:00,• Spl Unirii - 313A
2026-08-01T17:24:46,3,S.M.,1,Oprire ACC,Reabilitare conducte DN 1000 - magistrala III SUD,2026-08-01T23:00,• Spl Unirii - 455B
2026-08-01T17:24:46,3,O.P.,1,Oprire ACC,Reabilitare conducte DN 1000 - magistrala III SUD,2026-08-01T23:00,• Spl Unirii - 443
2026-08-01T17:24:46,3,C.C.,1,Oprire ACC,Reabilitare conducte DN 1000 - magistrala III SUD,2026-08-01T23:00,• Spl Unirii - 453
2026-08-01T17:24:46,3,P. M.,1,Oprire ACC,Reabilitare conducte DN 1000 - magistrala III SUD,2026-08-01T23:00,• Spl Unirii - 443
2026-08-01T17:24:46,3,C.A.,1,Oprire ACC,Reabilitare conducte DN 1000 - magistrala III SUD,2026-08-01T23:00,• Spl Unirii -
2026-08-01T17:24:46,3,H.B-E.,1,Oprire ACC,Reabilitare conducte DN 1000 - magistrala III SUD,2026-08-01T23:00,• Spl Unirii -
2026-08-01T17:24:46,4,Metalurgiei,5,Deficienta ACC,Functionare deficitara a apei calde de consum din cauza manevrelor de echilibrare hidraulica a retelei termice,2026-08-01T23:00,"• Bld Alexandru Obregia - bl. OD1, 2B, 2A, M1, OD2"
2026-08-01T17:24:46,4,2 Serban Voda,5,Deficienta ACC,Functionare deficitara a apei calde de consum din cauza manevrelor de echilibrare hidraulica a retelei termice,2026-08-01T23:00,"• Str Mitropolitul Dosoftei - Imobil nr.6 • Cal Şerban Vodă - bl. 13, 14, 15, Imobil nr.168"
2026-08-01T17:24:46,4,1 Serban Voda,4,Deficienta ACC,Functionare deficitara a apei calde de consum din cauza manevrelor de echilibrare hidraulica a retelei termice,2026-08-01T23:00,"• Str Simion - Imobil nr. 42 • Str G-ral Candiano Popescu - bl. 2 • Cal Şerban Vodă - bl. 1, 2, 2B"
2026-08-01T17:24:46,4,2 A Metalurgiei,1,Deficienta ACC,Functionare deficitara a apei calde de consum din cauza manevrelor de echilibrare hidraulica a retelei termice,2026-08-01T23:00,• Bld Alexandru Obregia - 2A
2026-08-01T17:24:46,4,Pieptanari,14,Deficienta ACC,Functionare deficitara a apei calde de consum din cauza manevrelor de echilibrare hidraulica a retelei termice,2026-08-01T23:00,"• Str Constantin Mănescu - bl. 6, 7, 8, Comunitatea Musulmană • Bld Pieptănari - bl. 5 • Str Dârste - Imobil nr.3 • Şos Viilor - bl. 4AB • Str Dumitru P. Botez - bl. Plomba 12 • Cal Şerban Vodă - bl. 2, 3A, 3B, 11 • Str Pandele Roşca - Scoala Gimnaziala Princepesa Margareta • Str Nicolae Galea - bl. 10 • Str Scarlat Otulescu - bl. 9"
2026-08-01T17:24:46,4,Modul Termic - Grădinița nr.243,1,Oprire ACC,"Lucrari POIM - Reabilitarea sistemului de termoficare al Municipului Bucuresti - LOT 4 ,Obiectivele 17,18,19,20.",2026-08-02T23:00,• Str Almaşu Mare -
2026-08-01T17:24:46,4,12 Giurgiu,2,Oprire ACC,"Lucrari POIM - Reabilitarea sistemului de termoficare al Municipului Bucuresti - LOT 4 ,Obiectivele 17,18,19,20.",2026-08-02T23:00,"• Şos Giurgiului - bl. 12, 13"
2026-08-01T17:24:46,4,Curcani,32,Oprire ACC,"Lucrari POIM - Reabilitarea sistemului de termoficare al Municipului Bucuresti - LOT 4 ,Obiectivele 17,18,19,20.",2026-08-02T23:00,"• Str Semenic - bl. 20 • Str Huedin - bl. 1, 2, 3, 6, 7, 11, III/21A • Str Izvorul Oltului - bl. 4, 21, 22, III/25 • Str Lamoteşti - bl. 4, 5, 10, 11A, 11B, 12, 13, 14, 15, 62, III/21B • Bld Constantin Brâncoveanu - bl. 8, 9, 18, 19 • Ale Crevedia - bl. 16, 17 • Str Cetatea Veche - bl. III/4, III/5A, III/5B"
2026-08-01T17:24:46,4,Modul Termic - Spitalul Alexandru Obregia ( Creșa 25 ) / Stationar de zi,1,Oprire ACC,"Lucrari POIM - Reabilitarea sistemului de termoficare al Municipului Bucuresti - LOT 4 ,Obiectivele 17,18,19,20.",2026-08-02T23:00,• Str Argeşelu - Spitalul Alexandru Obregia ( Creșa 25 ) / Stationar de zi
2026-08-01T17:24:46,4,Tudor Gociu,17,Oprire ACC,"Lucrari POIM - Reabilitarea sistemului de termoficare al Municipului Bucuresti - LOT 4 ,Obiectivele 17,18,19,20.",2026-08-02T23:00,"• Str Orăştie - bl. 2A, L4, M2 • Str Anghel Moldoveanu - bl. A1 • Str Perşani - bl. L2 • Str Ilie Oprea - bl. L1, L3 • Str Tudor Gociu - bl. 1, B, C, C1, C2, C3, C4, L2, L4, AGIP"
2026-08-01T17:24:46,4,Urziceni,37,Oprire ACC,"Lucrari POIM - Reabilitarea sistemului de termoficare al Municipului Bucuresti - LOT 4 ,Obiectivele 17,18,19,20.",2026-08-02T23:00,"• Ale Slătioara - bl. 4, 12, 13, 15, 16, C1, C2, C3, C8, C10, C11 • Str Luica - bl. 1, 2, 3, 4, 5, 6, 7, 106 • Str Răzăchiei - bl. 11 • Str Reşiţa - bl. 8, 9, 10, 42, 42A, 43, 44, 45, 46, 47 • Str Urziceni - bl. 14, 17. 41, C9 • Ale Călineşti - bl. C4, C5, C6, C7, C12"
2026-08-01T17:24:46,4,4 Vifornita,20,Oprire ACC,"Lucrari POIM - Reabilitarea sistemului de termoficare al Municipului Bucuresti - LOT 4 ,Obiectivele 17,18,19,20.",2026-08-02T23:00,"• Ale Straja - bl. 69 • Str Straja - bl. 62, 62Bis, 63 • Str Argeşelu - bl. A4, A7 • Drm Găzarului - bl. A1, A2, A3, 133, 136, 138 • Ale Reşiţa A - bl. A6 • Str Reşiţa - bl. A5 • Str Izvorul Rece - bl. A8 • Ale Dolina - bl. 64, 68, 70, 134, 137"
2026-08-01T17:24:46,4,2 Zona V,22,Oprire ACC,"Lucrari POIM - Reabilitarea sistemului de termoficare al Municipului Bucuresti - LOT 4 ,Obiectivele 17,18,19,20.",2026-08-02T23:00,"• Str Huedin - bl. A12 • Ale Ţebea - bl. 101, 102. 103, D10, D11A, D12, D13 • Str Izvorul Trotuşului - bl. D14, D15, D24 • Str Izvorul Rece - bl. S14 A+B • Str Izvorul Mureşului - bl. A11, D9, D22 • Str Izvorul Crişului - bl. A1, A2, A3, D1 • Bld Constantin Brâncoveanu - bl. M1/1, M2/3, M2/4"
2026-08-01T17:24:46,4,"U.M. 01295, U.M. 01376",2,Oprire ACC,"Lucrari POIM - Reabilitarea sistemului de termoficare al Municipului Bucuresti - LOT 4 ,Obiectivele 17,18,19,20.",2026-08-02T23:00,• Şos Vitan Bârzeşti -
2026-08-01T17:24:46,4,Livada Noua,17,Oprire ACC,"Lucrari POIM - Reabilitarea sistemului de termoficare al Municipului Bucuresti - LOT 4 ,Obiectivele 17,18,19,20.",2026-08-02T23:00,"• Str Alunişului - bl. 1 • Şos Giurgiului - bl. 4, 9, 9T, G, N, O • Str Ghimpaţi - bl. 3, 2, 1T, 2T, 3T, 8T • Int Târgu Frumos - bl. 5, 6, 7, 4T"
2026-08-01T17:24:46,4,Modul Termic - Trident,1,Oprire ACC,"Lucrari POIM - Reabilitarea sistemului de termoficare al Municipului Bucuresti - LOT 4 ,Obiectivele 17,18,19,20.",2026-08-02T23:00,• Str Moldoviţa -
2026-08-01T17:24:46,4,Huedin,17,Oprire ACC,"Lucrari POIM - Reabilitarea sistemului de termoficare al Municipului Bucuresti - LOT 4 ,Obiectivele 17,18,19,20.",2026-08-02T23:00,"• Str Straja - bl. 52 • Str Moldoveni - bl. B15, B21 • Str Grădiştea - bl. 48, B5 • Str Reşiţa - bl. 49, 50, 51, Biserica Sf. Daniel • Str Huedin - bl. A26, 34, M1/2 • Ale Huedin - bl. 2, 3, 4, 5 • Str Uioara - bl. 33"
2026-08-01T17:24:46,4,Observator Astronomic,1,Oprire ACC,"Lucrari POIM - Reabilitarea sistemului de termoficare al Municipului Bucuresti - LOT 4 ,Obiectivele 17,18,19,20.",2026-08-02T23:00,• Str Piscului -
2026-08-01T17:24:46,4,Palatul National al Copiilor,1,Oprire ACC,"Lucrari POIM - Reabilitarea sistemului de termoficare al Municipului Bucuresti - LOT 4 ,Obiectivele 17,18,19,20.",2026-08-02T23:00,• Bld Tineretului -
2026-08-01T17:24:46,4,Spinis,26,Oprire ACC,"Lucrari POIM - Reabilitarea sistemului de termoficare al Municipului Bucuresti - LOT 4 ,Obiectivele 17,18,19,20.",2026-08-02T23:00,"• Str Spiniş - bl. 19, 24, 43, 45, 48, 104, 105 • Str Râul Şoimului - bl. 25, 26, 27, 28, 46, 47, 49 • Şos Giurgiului - bl. 4A, 4B • Str Grădiştea - bl. 101 • Drm Găzarului - bl. 18, 21, 22, 50 • Str Tătuleşti - bl. 44, 98, 100A, 100B, 103"
2026-08-01T17:24:46,4,Scoala I Teodoreanu nr.36 - Sala Sport,1,Oprire ACC,"Lucrari POIM - Reabilitarea sistemului de termoficare al Municipului Bucuresti - LOT 4 ,Obiectivele 17,18,19,20.",2026-08-02T23:00,• Str Coştila -
2026-08-01T17:24:46,4,4 Lanariei,10,Oprire ACC,"Lucrari POIM - Reabilitarea sistemului de termoficare al Municipului Bucuresti - LOT 4 ,Obiectivele 17,18,19,20.",2026-08-02T23:00,"• Str Avalanşei - bl. 1, 2, 3 • Bld Gheorghe Şincai - bl. 2, 3, 3TR1, 4, 5, 5A • Str Cuza Vodă - bl. 1A"
2026-08-01T17:24:46,4,Inst. Nat. de Neurologie si Boli Neurovasculare,1,Oprire ACC,"Lucrari POIM - Reabilitarea sistemului de termoficare al Municipului Bucuresti - LOT 4 ,Obiectivele 17,18,19,20.",2026-08-02T23:00,• Şos Berceni -
2026-08-01T17:24:46,4,2 Tineretului,26,Oprire ACC,"Lucrari POIM - Reabilitarea sistemului de termoficare al Municipului Bucuresti - LOT 4 ,Obiectivele 17,18,19,20.",2026-08-02T23:00,"• Bld Tineretului - bl. 18, 19, 37, 38, 39 • Str Albinelor - bl. 32 • Str Piscului - bl. 40, 41, 42, 47 • Str V. V. Stanciu - bl. 31 • Str Trestiana - bl. 17, 20, 23 • Str Vişana - bl. 25, 26, 36, 43, 44, 45 • Str Constantin Rădulescu-Motru - bl. 22-24, 33, 34, 35, 36, 46"
2026-08-01T17:24:46,4,3 Tineretului,18,Oprire ACC,"Lucrari POIM - Reabilitarea sistemului de termoficare al Municipului Bucuresti - LOT 4 ,Obiectivele 17,18,19,20.",2026-08-02T23:00,"• Bld Tineretului - bl. 52 • Bld Pionierilor - bl. 51 • Str Piscului - bl. 49, 50, 77, 78, 79, 80, 81 • Str V. V. Stanciu - bl. 69A • Cal Văcăreşti - bl. 69B, 70B, 83, 84 • Str Cărămidarii de Jos - bl. 48, 75, 76"
2026-08-01T17:24:46,4,Plugarilor,12,Oprire ACC,"Lucrari POIM - Reabilitarea sistemului de termoficare al Municipului Bucuresti - LOT 4 ,Obiectivele 17,18,19,20.",2026-08-02T23:00,"• Bld Abatorului - bl. 95 • Str Plugarilor - bl. 91, 94 • Str V. V. Stanciu - bl. 88, 90 • Cal Văcăreşti - bl. 85A, 85B, 86, 87 • Ale Bran - bl. 89, 92, 93"
2026-08-01T17:24:46,4,1 Vacaresti,15,Oprire ACC,"Lucrari POIM - Reabilitarea sistemului de termoficare al Municipului Bucuresti - LOT 4 ,Obiectivele 17,18,19,20.",2026-08-02T23:00,"• Str Stamate Costache - 3C, 3E • Str Pridvorului - bl. 1A, 4, 5, 6 • Cal Văcăreşti - bl. 1B, 1C, 1D, 1E, 2A, 2B, 2C, 3A, 3B"
2026-08-01T17:24:46,4,Norilor,4,Oprire ACC,"Lucrari POIM - Reabilitarea sistemului de termoficare al Municipului Bucuresti - LOT 4 ,Obiectivele 17,18,19,20.",2026-08-02T23:00,"• Str Maria Tănase - bl. 28, 29 • Bld Gheorghe Şincai - bl. 30, 30A"
2026-08-01T17:24:46,4,B 3 Cauzasi,7,Oprire ACC,"Lucrari POIM - Reabilitarea sistemului de termoficare al Municipului Bucuresti - LOT 4 ,Obiectivele 17,18,19,20.",2026-08-02T23:00,"• Pţa Unirii - bl. B3, B4, B5 ,B6, B7 • Str Radu Vodă - bl. B8 • Bld Dimitrie Cantemir - bl. B2"
2026-08-01T17:24:46,4,6 Vifornita,17,Oprire ACC,"Lucrari POIM - Reabilitarea sistemului de termoficare al Municipului Bucuresti - LOT 4 ,Obiectivele 17,18,19,20.",2026-08-02T23:00,"• Şos Giurgiului - bl. 1, 2A, 2B, • Str Grădiştea - bl. 86, 87 • Str Tătuleşti - bl. 18, 20, 82, 83, 84, 85 • Ale Călineşti - bl. 11, 12, 13, 14, 15, 81"
2026-08-01T17:24:46,4,1 Tineretului,33,Oprire ACC,"Lucrari POIM - Reabilitarea sistemului de termoficare al Municipului Bucuresti - LOT 4 ,Obiectivele 17,18,19,20.",2026-08-02T23:00,"• Ale Tohani - bl. 30, 31; Gradinita nr.224 • Bld Tineretului - bl. A2, A3, A4, A5, A6, Z2, Z3, Z4, Z5, Z6, Z7, 5A • Str Mocăncuţei - Imob.vila • Str Poenari - bl. 12, 13 • Str Trestiana - bl. 8A, 8B, 9, 10, 11, 14, 15, 16, 32 • Str Tohani - bl. 29, 33 • Str Constantin Rădulescu-Motru - bl. 21, 27A, 28, 34 • Str Cuza Vodă - bl. 27B"
2026-08-01T17:24:46,4,4 Tineretului,23,Oprire ACC,"Lucrari POIM - Reabilitarea sistemului de termoficare al Municipului Bucuresti - LOT 4 ,Obiectivele 17,18,19,20.",2026-08-02T23:00,"• Bld Tineretului - bl. 53, 54, 57, 58, 64, 65, 66 • Str Baladei - bl. 55, 56, 59, 60, 61, 61A, 73 • Cal Văcăreşti - bl. 62, 63, 67, 68, 71, 72A, 72B • Str Cărămidarii de Jos - bl. 74A, 74B"
2026-08-01T17:24:46,4,11 Giurgiu,3,Oprire ACC,"Lucrari POIM - Reabilitarea sistemului de termoficare al Municipului Bucuresti - LOT 4 ,Obiectivele 17,18,19,20.",2026-08-02T23:00,"• Şos Giurgiului - bl. 5, 11 • Str Petre Ţuţea - Scoala nr.109"
2026-08-01T17:24:46,4,Luica,29,Oprire ACC,"Lucrari POIM - Reabilitarea sistemului de termoficare al Municipului Bucuresti - LOT 4 ,Obiectivele 17,18,19,20.",2026-08-02T23:00,"• Str Luica - bl. M1, M2, M3, M4, M4Bis, M5, M6, IV/1A • Str Reşiţa - bl. M1, P4 • Str Uioara - bl. IV/1B, IV/1C, IV/1 sc.A; M2 • Str Ucea - bl. P3, P4, P7, P8, P9, P10, P11, P12, IV/2 • Str Coştila - bl. P1, P2, P5, P6, P9"
2026-08-01T17:24:46,4,2 Giurgiu,7,Oprire ACC,"Lucrari POIM - Reabilitarea sistemului de termoficare al Municipului Bucuresti - LOT 4 ,Obiectivele 17,18,19,20.",2026-08-02T23:00,"• Str Tufişului - Scoala nr.188 • Şos Giurgiului - bl. B, C, E, F, K • Str Şoimuş - bl. L"
2026-08-01T17:24:46,4,2 Vacaresti,21,Oprire ACC,"Lucrari POIM - Reabilitarea sistemului de termoficare al Municipului Bucuresti - LOT 4 ,Obiectivele 17,18,19,20.",2026-08-02T23:00,"• Str Stamate Costache - bl. 8A, 8C • Str Pridvorului - bl. 11, 12, 13, 14, 18, 19, 20 • Cal Văcăreşti - bl. 8D, 8E, 9A, 9B, 9C, 10A, 10B, 10C, 10D, 15, 16, 17"
2026-08-01T17:24:46,4,1 Stoian Militaru,6,Oprire ACC,"Lucrari POIM - Reabilitarea sistemului de termoficare al Municipului Bucuresti - LOT 4 ,Obiectivele 17,18,19,20.",2026-08-02T23:00,"• Str Padeşu - bl. 1 • Str Pictor Ştefan Dimitrescu - bl. 2, 19 • Str Şura Mare - bl. 1A, 1B • Str Cornetului - bl. 20"
2026-08-01T17:24:46,4,2 Lanariei,15,Oprire ACC,"Lucrari POIM - Reabilitarea sistemului de termoficare al Municipului Bucuresti - LOT 4 ,Obiectivele 17,18,19,20.",2026-08-02T23:00,"• Str Maria Tănase - bl. 13 • Bld Gheorghe Şincai - bl. 11, 12 • Str Viorele - bl. 15, 17, 18, 20A, 20B, 22, 37, Scoala nr. 97 • Cal Văcăreşti - bl. 23, 24 • Ale Borcea - bl. 14, 16"
2026-08-01T17:24:46,4,3 Oltenita Placare,22,Oprire ACC,"Lucrari POIM - Reabilitarea sistemului de termoficare al Municipului Bucuresti - LOT 4 ,Obiectivele 17,18,19,20.",2026-08-02T23:00,"• Şos Olteniţei - bl. 2A, 2B, 2C, 2D, 3C, 3D, 3E, 4A, 4B, 4C, 4D, 5A, 5B, 5C, 5D, 5E • Str Gheorghe Adamescu - bl. 4E • Str Pometului - Imobil nr.41 • Str Laloşu - bl. 3A, 3B, 2E"
2026-08-01T17:24:46,4,Dealul Cernei,13,Oprire ACC,"Lucrari POIM - Reabilitarea sistemului de termoficare al Municipului Bucuresti - LOT 4 ,Obiectivele 17,18,19,20.",2026-08-02T23:00,"• Str Uioara - bl. 12Bis, 35, 36, 46 • Ale Cetatea Veche - bl. 2Bis, 3Bis, 5, 37, 38, 39, 40, 41, 47"
2026-08-01T17:24:46,4,Sincai,8,Oprire ACC,"Lucrari POIM - Reabilitarea sistemului de termoficare al Municipului Bucuresti - LOT 4 ,Obiectivele 17,18,19,20.",2026-08-02T23:00,"• Str Mocăncuţei - Imobil nr.12 • Bld Gheorghe Şincai - bl. 2, 4 • Str Tineretului - bl 5,Z1 • Str Trestiana - bl. 3 • Str Constantin Rădulescu-Motru - bl. 1, 35 • Str Cuza Vodă - bl. 37A"
2026-08-01T17:24:46,4,3 Zona V,16,Oprire ACC,"Lucrari POIM - Reabilitarea sistemului de termoficare al Municipului Bucuresti - LOT 4 ,Obiectivele 17,18,19,20.",2026-08-02T23:00,"• Str Reşiţa - bl. D17 • Str Huedin - bl. A13, D18, D19, D20 • Str Izvorul Mureşului - bl. 10, A4 • Str Izvorul Crişului - bl. A5, A6, A7, A8, A14, A15, A16, D16, D21"
2026-08-01T17:24:46,4,Uioara,31,Oprire ACC,"Lucrari POIM - Reabilitarea sistemului de termoficare al Municipului Bucuresti - LOT 4 ,Obiectivele 17,18,19,20.",2026-08-02T23:00,"• Str Semenic - bl. 23, 24 • Str Luica - bl. 59, 60, 61, III/6, III/7 • Ale Gorneşti - bl. 55, 56 • Ale Uioara - bl. 4Bis, 42, 43, 44, 45, 48, 49, 50, 51, 52, 53, 54, 58 • Ale Izvorul Oltului - bl. 25, 26, 27, 28, 29, 33, 62Bis • Bld Constantin Brâncoveanu - bl. 30, 34-35"
2026-08-01T17:24:46,4,Almașul Mare,19,Oprire ACC,"Lucrari POIM - Reabilitarea sistemului de termoficare al Municipului Bucuresti - LOT 4 ,Obiectivele 17,18,19,20.",2026-08-02T23:00,"• Str Moldoveni - bl. B19, B20 • Str Almaşu Mic - bl. B6, B7, B8, B10, B11, B12, B17, B18, Gradinita nr.62 • Str Almaşu Mare - bl. B2, B9, B16 • Str Grădiştea - bl. B1, B3, B4, B13, B14"
2026-08-01T17:24:46,4,2 Vifornita,26,Oprire ACC,"Lucrari POIM - Reabilitarea sistemului de termoficare al Municipului Bucuresti - LOT 4 ,Obiectivele 17,18,19,20.",2026-08-02T23:00,"• Str Straja - bl. 30, 31, 32, 40, 65, 66 • Str Spiniş - bl. 52, 53, 54 • Str Moldoveni - bl. 55, 59, 60, 61 • Str Almaşu Mare - bl. 51, 56, 57, 58 • Str Argeşelu - bl. 33, 34, 35, 37, 39, 67 • Drm Găzarului - bl. 29 • Str Reşiţa - bl. 36, 38"
2026-08-01T17:24:46,4,1 Zona IV,14,Oprire ACC,"Lucrari POIM - Reabilitarea sistemului de termoficare al Municipului Bucuresti - LOT 4 ,Obiectivele 17,18,19,20.",2026-08-02T23:00,"• Str Grădiştea - bl. A9, A10 • Ale Reşiţa D - A1, A3, A4, A5, A7, A8 • Str Reşiţa - bl. A2, A6 • Str Uioara - bl. A11, A12, A13, A14"
2026-08-01T17:24:46,4,Sala Polivalenta,1,Oprire ACC,"Lucrari POIM - Reabilitarea sistemului de termoficare al Municipului Bucuresti - LOT 4 ,Obiectivele 17,18,19,20.",2026-08-02T23:00,• Cal Piscului -
2026-08-01T17:24:46,4,1 Zona V,12,Oprire ACC,"Lucrari POIM - Reabilitarea sistemului de termoficare al Municipului Bucuresti - LOT 4 ,Obiectivele 17,18,19,20.",2026-08-02T23:00,"• Str Reşiţa - bl. A18, A19 • Str Izvorul Rece - bl. A10 • Str Izvorul Mureşului - bl. A9 ,D5, D6, D7, D23 • Str Izvorul Crişului - bl. D3, D4 • Str Trotuşului - bl. A17, D8"
2026-08-01T17:24:46,5,Giurgiu Farado,15,Oprire ACC,Reabilitarea sistemului de termoficare al Municipiului Bucuresti - Lucrari POIM -Lot 4- Obiectivele 18 - 19,2026-08-02T23:00,"• Ale Podul Giurgiului - 2, 3, 4, 5, 6, 7, 8, 9, 11, 12,13 • Str Vigoniei - 1, 8, 15 • Şos Giurgiului - 16"
2026-08-01T17:24:46,5,9 Farado,5,Oprire ACC,Reabilitarea sistemului de termoficare al Municipiului Bucuresti - Lucrari POIM -Lot 4- Obiectivele 18 - 19,2026-08-02T23:00,"• Str Podul Giurgiului - 9,14 • Str Vigoniei - 10, 10Turn, 14Turn"
2026-08-01T17:24:46,5,1 Giurgiu,9,Oprire ACC,Reabilitarea sistemului de termoficare al Municipiului Bucuresti - Lucrari POIM -Lot 4- Obiectivele 18 - 19,2026-08-02T23:00,"• Str Verigei - bl. 1, 2, Z 3, Z5 • Şos Giurgiului - bl. A, H1, H2 • Str Ştefan Vodă - imobil Decu Aurel • Str Măgurei - bl. D1"
2026-08-01T17:24:46,5,6 Farado,6,Oprire ACC,Reabilitarea sistemului de termoficare al Municipiului Bucuresti - Lucrari POIM -Lot 4- Obiectivele 18 - 19,2026-08-02T23:00,"• Str Podul Giurgiului - bl. 17, 18, Liceul Energetic • Str Toporaşi - bl. 15 • Şos Giurgiului - bl. 5, 6, 7"
2026-08-01T17:24:46,5,Modul Toporaşi,1,Oprire ACC,Revizie tehnică - CTE Progresu,2026-08-10T23:00,• Str Toporaşi - 1
2026-08-01T19:36:28,2,Barbu Vacarescu,6,Deficienta ACC,Funcționare deficitară a apei calde de consum din cauza manevrelor de echilibrare hidraulică a rețelei termice,2026-08-01T23:00,"• Str Dinu Vintilă - bl.3, 4, 5 • Str Barbu Văcărescu - bl.1,2; 7"
2026-08-01T19:36:28,2,1 Mosilor,22,Deficienta ACC,Funcționare deficitară a apei calde de consum din cauza manevrelor de echilibrare hidraulică a rețelei termice,2026-08-01T23:00,"• Ale Cenuşeresei - bl.50, 52 • Str Traian - bl.30 B, imob.Nr.254 • Cal Moşilor - bl.36, 38, 42, 46, 48, 58, 32, 30A, 31A , 31C • Str Mihai Eminescu - bl.31B ,32 • Str Vaselor - bl.34, imob.Nr.3A • Str Ion Maiorescu - bl.44 ;50 ;40, imob.Nr.37, 7"
2026-08-01T19:36:28,2,Galvani Tei,9,Deficienta ACC,Funcționare deficitară a apei calde de consum din cauza manevrelor de echilibrare hidraulică a rețelei termice,2026-08-01T23:00,"• Str Johannes K. Kepler - bl.K/4/1; 2 • Bld Lacul Tei - bl.7, 8, 5, 6 • Str Păstorului - bl.4, 3, 4Bis"
2026-08-01T19:36:28,2,201 Mihai Bravu,5,Oprire ACC,Execuție lucrări de modernizare - firma SICOR pe Magistrala II Sud,2026-08-02T23:00,"• Şos Mihai Bravu - bl. 205, 203, 204, 200, • Cal Călăraşilor - bl. 201, 202"
2026-08-01T19:36:28,3,IN CITY,1,Oprire ACC,Execuție lucrări de modernizare - firma ELSACO pe Magistrala II Sud,2026-08-02T23:00,• Cal Dudeşti -
2026-08-01T19:36:28,3,16 Foișor,1,Oprire ACC,Execuție lucrări de modernizare - firma ELSACO pe Magistrala II Sud,2026-08-02T23:00,• Cal Vitan - bl. V6
2026-08-01T19:36:28,3,16 Răcari,17,Oprire ACC,Execuție lucrări de modernizare - firma ELSACO pe Magistrala II Sud,2026-08-02T23:00,"• Str Mureşana - bl. 52, 51 A+B • Str Lugojana - bl. 50+50A, 47 • Str Crivăţului - bl. 43A, 51, 44B • Str Răcari - bl. 42 • Ale Slt. Adrian Cârstea - bl. 43, 44, 41, 48, 45, 46, 44A"
2026-08-01T19:36:28,3,3 Labirint,7,Oprire ACC,Execuție lucrări de modernizare - firma ELSACO pe Magistrala II Sud,2026-08-02T23:00,"• Str Matei Basarab - bl. 119bis, L121, L118A, L116A • Str Labirint - bl. L117, L119, L117bis"
2026-08-01T19:36:28,3,21 Foișor,17,Oprire ACC,Execuție lucrări de modernizare - firma ELSACO pe Magistrala II Sud,2026-08-02T23:00,"• Str Vlaicu Vodă - bl. C8, C9 • Str Vlad Dracul - bl. B12, B13 • Str Vasile Cârlova - bl. A7, A7bis • Str Emil Gârleanu - bl. A6, A4 • Str Lt. col. Dumitru Papazoglu - bl. B10, C6 • Str Anastasie Panu - bl. A12, A5, A16, B7 • Str Alexandru Moruzzi Voievod - bl. A11, A13, B6"
2026-08-01T19:36:28,3,15 Foișor,4,Oprire ACC,Execuție lucrări de modernizare - firma ELSACO pe Magistrala II Sud,2026-08-02T23:00,"• Str Zizin - bl. G1 • Str Brânduşelor - bl. G3 • Str Banu Udrea - bl. G7, G8"
2026-08-01T19:36:28,3,12 Foișor,14,Oprire ACC,Execuție lucrări de modernizare - firma ELSACO pe Magistrala II Sud,2026-08-02T23:00,"• Str Vlad Dracul - bl. C12, C14, C13 • Str Foişorului - bl. F13C, F14C, F11C, F12C • Str Anastasie Panu - bl. C15, D3, D1, D2, D6, D4, D5"
2026-08-01T19:36:28,3,I3,6,Oprire ACC,Execuție lucrări de modernizare - firma ELSACO pe Magistrala II Sud,2026-08-02T23:00,"• Str Miletin - Imobil • Pţa Alba Iulia - bl. I1, I2, I3, I4, I5"
2026-08-01T19:36:28,3,2 Unităţii,16,Oprire ACC,Execuție lucrări de modernizare - firma ELSACO pe Magistrala II Sud,2026-08-02T23:00,"• Str Vulcan Judeţul - bl. B1B, B1C, B3A • Str Traian Popovici - bl. B3D, B4, B4D, B4F, B4A • Şos Mihai Bravu - bl. B2A, B2B, B2C, B1, B1A, B1D, B3B, B3C • Str Caloian Judeţul - bl. B4C, Scoala Generala nr. 80"
2026-08-01T19:36:28,3,2 Mărășești,16,Oprire ACC,Execuție lucrări de modernizare - firma ELSACO pe Magistrala II Sud,2026-08-02T23:00,"• Str Vlad Dracul - bl. B1, B2 • Str Nerva Traian - bl. M70, M71, M66, M69, M68, M65 • Str Emil Gârleanu - bl. A8, A9 • Str Logofătul Tăutu - bl. C3, C4, C5 • Str Lt. col. Dumitru Papazoglu - bl. B5 • Str Alexandru Moruzzi Voievod - bl. B1, A10"
2026-08-01T19:36:28,3,J2 Unirii,7,Oprire ACC,Execuție lucrări de modernizare - firma ELSACO pe Magistrala II Sud,2026-08-02T23:00,"• Bld Unirii - bl. J1, J3B, J4, J2, J3A • Pţa Alba Iulia - bl. I6, I7"
2026-08-01T19:36:28,3,M107,25,Oprire ACC,Execuție lucrări de modernizare - firma ELSACO pe Magistrala II Sud,2026-08-02T23:00,"• Str Nerva Traian - bl. K6 • Bld Octavian Goga - bl. M103, M106 • Str Emil Botta - bl. M109, M105, M104, M107, M108 • Bld Unirii - bl. K3, K4, K2, K5 • Str Lucian Blaga - bl. K1"
2026-08-01T19:36:28,3,F6,6,Oprire ACC,Execuție lucrări de modernizare - firma ELSACO pe Magistrala II Sud,2026-08-02T23:00,"• Str Maximilian Popper - bl. F6 • Bld Unirii - bl. F2, F3, F4 • Str Traian - bl. F1 • Str Ion Pillat - bl. F5"
2026-08-01T19:36:28,3,2 Cornul Caprei,3,Oprire ACC,Execuție lucrări de modernizare - firma ELSACO pe Magistrala II Sud,2026-08-02T23:00,"• Str Şcoala Ciocanu - Imobil • Bld Burebista - D13, D14"
2026-08-01T19:36:28,3,1 Labirint,5,Oprire ACC,Execuție lucrări de modernizare - firma ELSACO pe Magistrala II Sud,2026-08-02T23:00,"• Str Matei Basarab - bl. L111A, L109, L108, L109bis, L110"
2026-08-01T19:36:28,3,Mihai Bravu Vest,18,Oprire ACC,Execuție lucrări de modernizare - firma ELSACO pe Magistrala II Sud,2026-08-02T23:00,"• Şos Mihai Bravu - bl. 2, 3, 4, 5, 6, 7, 103, 104, 105 • Bld Decebal - bl. S1, S2, S2A+S2B, S3 • Ale Apostol Mărgărit - bl. 106, 107, 108, D.G.A.S.P.C, Centrul de zi Titan-Cercelus9 cresa nr.35 • Str Cerceluş - bl. 10-11"
2026-08-01T19:36:28,3,11 Foișor,14,Oprire ACC,Execuție lucrări de modernizare - firma ELSACO pe Magistrala II Sud,2026-08-02T23:00,"• Str Zizin - bl. V75C • Str Vlaicu Vodă - bl. V65, V66 • Str Brânduşelor - bl. V70, V75A, V77 • Str Foişorului - bl. F9C, F8C • Str Rarău - bl. V69, V68, V70, V71, F10C, V74"
2026-08-01T19:36:28,3,9 Vitan,11,Oprire ACC,Execuție lucrări de modernizare - firma ELSACO pe Magistrala II Sud,2026-08-02T23:00,"• Str Zizin - bl. 97, V101C, V101B • Str Vlaicu Vodă - bl. V34C, V100 • Cal Vitan - bl. V34A, V35 • Str Nucului - bl. V100, V101,V101A • Str Banu Udrea - bl. V104, V103, V101C, V99, V97, V102, V95"
2026-08-01T19:36:28,3,10 Laborator,26,Oprire ACC,Execuție lucrări de modernizare - firma ELSACO pe Magistrala II Sud,2026-08-02T23:00,"• Ale Şcolarilor - bl. S24, S25, S13, S14, S3A, S4, S23 • Şos Mihai Bravu - bl. S3, SB, SA, SB1, R3 • Str Laborator - bl. S11, S5, S12, S8, S9, S10, S6, S7, S1, S2A, S2 • Bld Camil Ressu - bl. 5, R1, R2"
2026-08-01T19:36:28,3,S14,11,Oprire ACC,Execuție lucrări de modernizare - firma ELSACO pe Magistrala II Sud,2026-08-02T23:00,"• Str Theodor D. Speranţia - bl. S24, S25, S26, S27,S28 • Bld Decebal - bl. S12, S12A, S12B, S13, S14, S15"
2026-08-01T19:36:28,3,1 Vitan,22,Oprire ACC,Execuție lucrări de modernizare - firma ELSACO pe Magistrala II Sud,2026-08-02T23:00,"• Cal Vitan - bl. 2, 3, 9, 10, 7C, 2A, 1, 1A, 1B • Str Lugojana - bl. 12, 11 • Str Dristorului - bl. 6 • Ale Râmnicu Sărat - bl. 2B, 7B,7A,15 • Str Râmnicu Vâlcea - bl. 15, 15B, 15A • Str Baia Mare - bl. 4, 8, 7A1,12A 5, 7, 12B"
2026-08-01T19:36:28,3,E1,6,Oprire ACC,Execuție lucrări de modernizare - firma ELSACO pe Magistrala II Sud,2026-08-02T23:00,"• Str Vintilă Vodă - bl. E1 • Bld Unirii - bl. E2, E3,E3A, E3-3, E3A2"
2026-08-01T19:36:28,3,2 Călăraşi,18,Oprire ACC,Execuție lucrări de modernizare - firma ELSACO pe Magistrala II Sud,2026-08-02T23:00,"• Str Matei Basarab - 72, 86, 73, 74, 85, L122, L120, L118 • Str Theodor D. Speranţia - 78, 83, 84 • Str Agricultori - 80, 81, 82,79, • Cal Călăraşi - 75,76,77"
2026-08-01T19:36:28,3,3 Mărăşeşti,10,Oprire ACC,Execuție lucrări de modernizare - firma ELSACO pe Magistrala II Sud,2026-08-02T23:00,"• Str Ştefan Octavian Iosif - bl. M51, M54 • Str Panait Cerna - bl. M53, M52 • Str Nerva Traian - bl. M37, M36, M39, M55, M38 • Bld Octavian Goga - bl. M42, M61 • Str Alexandru Vlahuţă - bl. M49, M50"
2026-08-01T19:36:28,3,Ministerul de Finante,1,Oprire ACC,Execuție lucrări de modernizare - firma ELSACO pe Magistrala II Sud,2026-08-02T23:00,• Bld Mircea Vodă - 44
2026-08-01T19:36:28,3,5 Mărăşeşti,17,Oprire ACC,Execuție lucrări de modernizare - firma ELSACO pe Magistrala II Sud,2026-08-02T23:00,"• Bld Mircea Vodă - bl. M31, M29, M30 • Ale Dimitrie Anghel - bl. M45 • Str Panait Cerna - bl. M44 • Str Nerva Traian - bl. M34, M35 • Str Alexandru Vlahuţă - bl. M46, M47, M48"
2026-08-01T19:36:28,3,11 Laborator,10,Oprire ACC,Execuție lucrări de modernizare - firma ELSACO pe Magistrala II Sud,2026-08-02T23:00,"• Str Laborator - bl. S18, 39A, 40, 39, 38 • Str Râmnicu Vâlcea - bl. S19, S20, S16, S15, S17"
2026-08-01T19:36:28,3,17 Răcari,15,Oprire ACC,Execuție lucrări de modernizare - firma ELSACO pe Magistrala II Sud,2026-08-02T23:00,"• Ale Miraj - bl. 60, 61, 68 • Ale Florin Ciungan - bl. 64, 66, 65, 67, 69 • Ale Răcari - bl. 75, 74, 71, 71A, 70 • Ale Marius Emanoil Buteică - bl. 72, 63, 62"
2026-08-01T19:36:28,3,BL U114 (UM 02544/B1),1,Oprire ACC,Execuție lucrări de modernizare - firma ELSACO pe Magistrala II Sud,2026-08-02T23:00,• Bld Mircea Vodă - 3-5
2026-08-01T19:36:28,3,C3 Căuzaşi,11,Oprire ACC,Execuție lucrări de modernizare - firma ELSACO pe Magistrala II Sud,2026-08-02T23:00,"• Ale Negru Vodă - C3, C4, C3A • Str Mămulari - C1, C2 • Bld Unirii - A1, A2, A3, A4 • Str Sfânta Vineri - A6, A5"
2026-08-01T19:36:28,3,1 Laborator,31,Oprire ACC,Execuție lucrări de modernizare - firma ELSACO pe Magistrala II Sud,2026-08-02T23:00,"• Str Aniversării - bl. 39A • Şos Mihai Bravu - bl. V10, V18, V7, V11, V12, V9, V15, V16, V8, V13, V17 • Str Laborator - bl. V14 • Str Iancu Brezeanu - bl. V31B • Str Agatha Bârsescu - bl. V26C, V31A, V30B, V26A, V28, V30A, V26B, V29, V25, V27A, V27B • Str Alexander Von Humboldt - bl. V23A • Ale Blăjel - bl. V5, V6 • Str Breaza - bl. V24A, V23B"
2026-08-01T19:36:28,3,3 Unităţii,19,Oprire ACC,Execuție lucrări de modernizare - firma ELSACO pe Magistrala II Sud,2026-08-02T23:00,"• Str Traian Popovici - bl. B7, B11, B10 • Şos Mihai Bravu - bl. B13, B13A, B13D, B13B, B13C • Str Lt. Aurel Botea - bl. B5A, B5, B5D, B5B, B5C, B6, B6A, B6B, B8, B9"
2026-08-01T19:36:28,3,3 Călăraşi,13,Oprire ACC,Execuție lucrări de modernizare - firma ELSACO pe Magistrala II Sud,2026-08-02T23:00,"• Cal Călăraşi - . 44, 38, 39, 45, 46, 56, 57, 55, 53, 53BIS, 42, 54 • Str Orzari - 47"
2026-08-01T19:36:28,3,5 Cornul Caprei,10,Oprire ACC,Execuție lucrări de modernizare - firma ELSACO pe Magistrala II Sud,2026-08-02T23:00,"• Str Lt. Aurel Botea - D24, D22 • Bld Burebista - D15, D16 • Str Caloian Judeţul - D19A, D21A, D20, D19B, D18, D21B"
2026-08-01T19:36:28,3,Colegiul Tehnic Mihai Bravu,1,Oprire ACC,Execuție lucrări de modernizare - firma ELSACO pe Magistrala II Sud,2026-08-02T23:00,• Şos Mihai Bravu - 428
2026-08-01T19:36:28,3,G3,9,Oprire ACC,Execuție lucrări de modernizare - firma ELSACO pe Magistrala II Sud,2026-08-02T23:00,"• Bld Unirii - bl. G2, H1, G3, G2A, G2B, G2C • Str Ion Pillat - bl. G1, G1A • Bld Decebal - bl. H2"
2026-08-01T19:36:28,3,Dristor Insulă,18,Oprire ACC,Execuție lucrări de modernizare - firma ELSACO pe Magistrala II Sud,2026-08-02T23:00,"• Şos Mihai Bravu - 12, 12A, 15, 15A, 18, 18A, 14A+B • Str Dristorului - 15B, 10, 10A, 11, 12B, 16ABC, 17,13, 13C • Bld Camil Ressu - 13A"
2026-08-01T19:36:28,3,13 Foișor,11,Oprire ACC,Execuție lucrări de modernizare - firma ELSACO pe Magistrala II Sud,2026-08-02T23:00,"• Str Vlaicu Vodă - bl. V62, V63, V61 • Str Brânduşelor - bl.V64 • Str Foişorului - bl. F6C, F7C, F5C, F4C • Str Alexandru Moruzzi Voievod - bl. V60, V59, V58"
2026-08-01T19:36:28,3,3 Theodor Speranţia,5,Oprire ACC,Execuție lucrări de modernizare - firma ELSACO pe Magistrala II Sud,2026-08-02T23:00,"• Str Theodor D. Speranţia - bl. S22 • Bld Decebal - bl. S16 • Cal Călăraşi - bl. S18, S20, S21"
2026-08-01T19:36:28,3,2 Vitan,33,Oprire ACC,Execuție lucrări de modernizare - firma ELSACO pe Magistrala II Sud,2026-08-02T23:00,"• Cal Vitan - bl. 42, 30, 41, 31, 21, 20, 51, 52, 22 • Str Mureşana - bl. 43B, 44, 58, 58A, 59 • Str Jieneasca - bl. 46, 47, 34, 33 • Str Căluşari - bl. 43, 43A, 24, 25, 50, 43A • Str Alunului - bl. 57 • Şos Mihai Bravu - bl. 53, 54, 55 • Str Răcari - bl. 38, 39 • Str Alunelului - bl. 45, 40, 32"
2026-08-01T19:36:28,3,1 Călăraşi,8,Oprire ACC,Execuție lucrări de modernizare - firma ELSACO pe Magistrala II Sud,2026-08-02T23:00,"• Cal Călăraşi - Cal. Călăraşi bl. 50, 70, 68, 65, 49, 71, 67, 66,"
2026-08-01T19:36:28,3,4 Theodor Speranţia,32,Oprire ACC,Execuție lucrări de modernizare - firma ELSACO pe Magistrala II Sud,2026-08-02T23:00,"• Str Voroneţ - bl. A15+A15bis, A22, D8, D7, D6, D5A, D4, D5, D2, D3, D1 • Str Meşterul Manole - bl. D17, D10, D9, D11, D15 • Str Negoiu - bl. D18, D16, D14, D12 • Str Ion Păunescu-Paltin - bl. D13 • Str Dristorului - bl. A21, B14, A23, B13, A20, B7, B14, B20 • Int Arenei - bl. B2, B3"
2026-08-01T19:36:28,3,10 Vitan,17,Oprire ACC,Execuție lucrări de modernizare - firma ELSACO pe Magistrala II Sud,2026-08-02T23:00,"• Str Zizin - bl. V80B, V80A, V81C, V40 • Str Vlaicu Vodă - bl. V43, V39, V82, V38, V81, V79, V82B, V81A • Cal Vitan - bl. V40, V42, V17, V82A, V42C,V42A • Str Brânduşelor - bl. V78"
2026-08-01T19:36:28,3,6 Mărășești,19,Oprire ACC,Execuție lucrări de modernizare - firma ELSACO pe Magistrala II Sud,2026-08-02T23:00,"• Bld Mircea Vodă - bl. M11, M14, M20bis, M9,M8, M1, M21, M22, M6, M20 • Str Panait Cerna - bl. M5 • Spl Unirii - bl. M3, M4, M12, M19, M10, M15, M7, M18, M16, M13"
2026-08-01T19:36:28,3,4 Labirint,5,Oprire ACC,Execuție lucrări de modernizare - firma ELSACO pe Magistrala II Sud,2026-08-02T23:00,"• Str Matei Basarab - bl. L112, L112A, L113A, L113 • Str Traian - bl. L112B"
2026-08-01T19:36:28,3,7 Vitan,12,Oprire ACC,Execuție lucrări de modernizare - firma ELSACO pe Magistrala II Sud,2026-08-02T23:00,"• Str Vlad Judeţul - bl. V12, V13, V14A, V11 • Cal Vitan - bl. V14B, V16B, V16A, V15 • Str Agatha Bârsescu - bl. V19 • Str Brăiliţa - bl. V17, V10, V18"
2026-08-01T19:36:28,3,1 Mărăşeşti,20,Oprire ACC,Execuție lucrări de modernizare - firma ELSACO pe Magistrala II Sud,2026-08-02T23:00,"• Str Nerva Traian - bl M64 • Bld Octavian Goga - bl. V53C, M62, M63 • Str Emil Gârleanu - bl. V52C, V53D, A1, F • Str Foişorului - bl. F1C, F2C, F3C, D, E • Str Anastasie Panu - bl. A1, A2, A3"
2026-08-01T19:36:28,3,6 Vitan,8,Oprire ACC,Execuție lucrări de modernizare - firma ELSACO pe Magistrala II Sud,2026-08-02T23:00,"• Cal Vitan - bl. V21A, V21B, V2, V1 • Ale Blăjel - bl. V3, V4 • Str Breaza - bl. V22A, V22B"
2026-08-01T19:36:28,3,1 Anexa,28,Oprire ACC,Execuție lucrări de modernizare - firma ELSACO pe Magistrala II Sud,2026-08-02T23:00,• Int Ţiglina - Scoala Gimnaziala Cezar Bolliac • Str Diligenţei - • Str Mircea Bădescu - • Str Nicolae Tudor - • Str Levănţica - • Str Dristorului - • Str Cerceluş -
2026-08-01T19:36:28,3,18 KLM,9,Oprire ACC,Execuție lucrări de modernizare - firma ELSACO pe Magistrala II Sud,2026-08-02T23:00,"• Str Sold. Spiridon Matei - bl. 9 • Int Înotătorilor - bl. 10 • Str Tomis - bl. 11 • Bld Râmnicu Sărat - bl. 11A, 20M, 20K, 10bis, 20L, 11A1"
2026-08-01T19:36:28,3,5 Călăraşi,5,Oprire ACC,Execuție lucrări de modernizare - firma ELSACO pe Magistrala II Sud,2026-08-02T23:00,"• Str Matei Basarab - 64 • Cal Călăraşi - 59, 60, 61, 58"
2026-08-01T19:36:28,3,4 Mărăşeşti,11,Oprire ACC,Execuție lucrări de modernizare - firma ELSACO pe Magistrala II Sud,2026-08-02T23:00,"• Ale Dimitrie Anghel - bl. M59 • Str Panait Cerna - bl. M43, M57, M56, M58, M28 • Str Nerva Traian - Grădinița nr. 81 • Bld Octavian Goga - bl. M60I, M24, M26, M25, M23"
2026-08-01T19:36:28,3,Biblioteca Nationala,1,Oprire ACC,Execuție lucrări de modernizare - firma ELSACO pe Magistrala II Sud,2026-08-02T23:00,• Bld Unirii - 22
2026-08-01T19:36:28,3,19 Foișor,10,Oprire ACC,Execuție lucrări de modernizare - firma ELSACO pe Magistrala II Sud,2026-08-02T23:00,"• Str Brânduşelor - bl. G4, G4A, H1, H16 • Str Banu Udrea - bl. G5, G6, H5, J2, J1, H6"
2026-08-01T19:36:28,3,7 Călăraşi,9,Oprire ACC,Execuție lucrări de modernizare - firma ELSACO pe Magistrala II Sud,2026-08-02T23:00,"• Bld Corneliu Coposu - 105A, 103, 104, 101, 106A, 105A • Str Sfânta Vineri - 105B, 105C, 102"
2026-08-01T19:36:28,3,S6,10,Oprire ACC,Execuție lucrări de modernizare - firma ELSACO pe Magistrala II Sud,2026-08-02T23:00,"• Bld Decebal - bl. S11, S9, S10, S7, S4, H3, S6, S5, S7, S8"
2026-08-01T19:36:28,3,E6,4,Oprire ACC,Execuție lucrări de modernizare - firma ELSACO pe Magistrala II Sud,2026-08-02T23:00,"• Bld Unirii - bl. E4, E4A • Str Traian - bl. E5, E6"
2026-08-01T19:36:28,3,Tribunalul Bucuresti,1,Oprire ACC,Execuție lucrări de modernizare - firma ELSACO pe Magistrala II Sud,2026-08-02T23:00,• Bld Unirii - 37
2026-08-01T19:36:28,3,14 Foișor,11,Oprire ACC,Execuție lucrări de modernizare - firma ELSACO pe Magistrala II Sud,2026-08-02T23:00,"• Cal Vitan - bl. V50B, V50A, V51 • Str Alexandru Moruzzi Voievod - bl. V54B, V54A, V56, V57, V54, V55, V57B"
2026-08-01T19:36:28,3,4 Dudești,2,Oprire ACC,Execuție lucrări de modernizare - firma ELSACO pe Magistrala II Sud,2026-08-02T23:00,"• Str Brăiliţa - bl. D9B, D9A"
2026-08-01T19:36:28,3,Clinica Sfanta Lucia,1,Oprire ACC,Reabilitare conducte DN 1000 - magistrala III SUD,2026-08-01T23:00,• Spl Unirii - 313A
2026-08-01T19:36:28,3,S.M.,1,Oprire ACC,Reabilitare conducte DN 1000 - magistrala III SUD,2026-08-01T23:00,• Spl Unirii - 455B
2026-08-01T19:36:28,3,O.P.,1,Oprire ACC,Reabilitare conducte DN 1000 - magistrala III SUD,2026-08-01T23:00,• Spl Unirii - 443
2026-08-01T19:36:28,3,C.C.,1,Oprire ACC,Reabilitare conducte DN 1000 - magistrala III SUD,2026-08-01T23:00,• Spl Unirii - 453
2026-08-01T19:36:28,3,P. M.,1,Oprire ACC,Reabilitare conducte DN 1000 - magistrala III SUD,2026-08-01T23:00,• Spl Unirii - 443
2026-08-01T19:36:28,3,C.A.,1,Oprire ACC,Reabilitare conducte DN 1000 - magistrala III SUD,2026-08-01T23:00,• Spl Unirii -
2026-08-01T19:36:28,3,H.B-E.,1,Oprire ACC,Reabilitare conducte DN 1000 - magistrala III SUD,2026-08-01T23:00,• Spl Unirii -
2026-08-01T19:36:28,4,Metalurgiei,5,Deficienta ACC,Functionare deficitara a apei calde de consum din cauza manevrelor de echilibrare hidraulica a retelei termice,2026-08-01T23:00,"• Bld Alexandru Obregia - bl. OD1, 2B, 2A, M1, OD2"
2026-08-01T19:36:28,4,2 Serban Voda,5,Deficienta ACC,Functionare deficitara a apei calde de consum din cauza manevrelor de echilibrare hidraulica a retelei termice,2026-08-01T23:00,"• Str Mitropolitul Dosoftei - Imobil nr.6 • Cal Şerban Vodă - bl. 13, 14, 15, Imobil nr.168"
2026-08-01T19:36:28,4,1 Serban Voda,4,Deficienta ACC,Functionare deficitara a apei calde de consum din cauza manevrelor de echilibrare hidraulica a retelei termice,2026-08-01T23:00,"• Str Simion - Imobil nr. 42 • Str G-ral Candiano Popescu - bl. 2 • Cal Şerban Vodă - bl. 1, 2, 2B"
2026-08-01T19:36:28,4,2 A Metalurgiei,1,Deficienta ACC,Functionare deficitara a apei calde de consum din cauza manevrelor de echilibrare hidraulica a retelei termice,2026-08-01T23:00,• Bld Alexandru Obregia - 2A
2026-08-01T19:36:28,4,Modul Termic - Grădinița nr.243,1,Oprire ACC,"Lucrari POIM - Reabilitarea sistemului de termoficare al Municipului Bucuresti - LOT 4 ,Obiectivele 17,18,19,20.",2026-08-02T23:00,• Str Almaşu Mare -
2026-08-01T19:36:28,4,12 Giurgiu,2,Oprire ACC,"Lucrari POIM - Reabilitarea sistemului de termoficare al Municipului Bucuresti - LOT 4 ,Obiectivele 17,18,19,20.",2026-08-02T23:00,"• Şos Giurgiului - bl. 12, 13"
2026-08-01T19:36:28,4,Curcani,32,Oprire ACC,"Lucrari POIM - Reabilitarea sistemului de termoficare al Municipului Bucuresti - LOT 4 ,Obiectivele 17,18,19,20.",2026-08-02T23:00,"• Str Semenic - bl. 20 • Str Huedin - bl. 1, 2, 3, 6, 7, 11, III/21A • Str Izvorul Oltului - bl. 4, 21, 22, III/25 • Str Lamoteşti - bl. 4, 5, 10, 11A, 11B, 12, 13, 14, 15, 62, III/21B • Bld Constantin Brâncoveanu - bl. 8, 9, 18, 19 • Ale Crevedia - bl. 16, 17 • Str Cetatea Veche - bl. III/4, III/5A, III/5B"
2026-08-01T19:36:28,4,Modul Termic - Spitalul Alexandru Obregia ( Creșa 25 ) / Stationar de zi,1,Oprire ACC,"Lucrari POIM - Reabilitarea sistemului de termoficare al Municipului Bucuresti - LOT 4 ,Obiectivele 17,18,19,20.",2026-08-02T23:00,• Str Argeşelu - Spitalul Alexandru Obregia ( Creșa 25 ) / Stationar de zi
2026-08-01T19:36:28,4,Tudor Gociu,17,Oprire ACC,"Lucrari POIM - Reabilitarea sistemului de termoficare al Municipului Bucuresti - LOT 4 ,Obiectivele 17,18,19,20.",2026-08-02T23:00,"• Str Orăştie - bl. 2A, L4, M2 • Str Anghel Moldoveanu - bl. A1 • Str Perşani - bl. L2 • Str Ilie Oprea - bl. L1, L3 • Str Tudor Gociu - bl. 1, B, C, C1, C2, C3, C4, L2, L4, AGIP"
2026-08-01T19:36:28,4,Urziceni,37,Oprire ACC,"Lucrari POIM - Reabilitarea sistemului de termoficare al Municipului Bucuresti - LOT 4 ,Obiectivele 17,18,19,20.",2026-08-02T23:00,"• Ale Slătioara - bl. 4, 12, 13, 15, 16, C1, C2, C3, C8, C10, C11 • Str Luica - bl. 1, 2, 3, 4, 5, 6, 7, 106 • Str Răzăchiei - bl. 11 • Str Reşiţa - bl. 8, 9, 10, 42, 42A, 43, 44, 45, 46, 47 • Str Urziceni - bl. 14, 17. 41, C9 • Ale Călineşti - bl. C4, C5, C6, C7, C12"
2026-08-01T19:36:28,4,4 Vifornita,20,Oprire ACC,"Lucrari POIM - Reabilitarea sistemului de termoficare al Municipului Bucuresti - LOT 4 ,Obiectivele 17,18,19,20.",2026-08-02T23:00,"• Ale Straja - bl. 69 • Str Straja - bl. 62, 62Bis, 63 • Str Argeşelu - bl. A4, A7 • Drm Găzarului - bl. A1, A2, A3, 133, 136, 138 • Ale Reşiţa A - bl. A6 • Str Reşiţa - bl. A5 • Str Izvorul Rece - bl. A8 • Ale Dolina - bl. 64, 68, 70, 134, 137"
2026-08-01T19:36:28,4,2 Zona V,22,Oprire ACC,"Lucrari POIM - Reabilitarea sistemului de termoficare al Municipului Bucuresti - LOT 4 ,Obiectivele 17,18,19,20.",2026-08-02T23:00,"• Str Huedin - bl. A12 • Ale Ţebea - bl. 101, 102. 103, D10, D11A, D12, D13 • Str Izvorul Trotuşului - bl. D14, D15, D24 • Str Izvorul Rece - bl. S14 A+B • Str Izvorul Mureşului - bl. A11, D9, D22 • Str Izvorul Crişului - bl. A1, A2, A3, D1 • Bld Constantin Brâncoveanu - bl. M1/1, M2/3, M2/4"
2026-08-01T19:36:28,4,"U.M. 01295, U.M. 01376",2,Oprire ACC,"Lucrari POIM - Reabilitarea sistemului de termoficare al Municipului Bucuresti - LOT 4 ,Obiectivele 17,18,19,20.",2026-08-02T23:00,• Şos Vitan Bârzeşti -
2026-08-01T19:36:28,4,Livada Noua,17,Oprire ACC,"Lucrari POIM - Reabilitarea sistemului de termoficare al Municipului Bucuresti - LOT 4 ,Obiectivele 17,18,19,20.",2026-08-02T23:00,"• Str Alunişului - bl. 1 • Şos Giurgiului - bl. 4, 9, 9T, G, N, O • Str Ghimpaţi - bl. 3, 2, 1T, 2T, 3T, 8T • Int Târgu Frumos - bl. 5, 6, 7, 4T"
2026-08-01T19:36:28,4,Modul Termic - Trident,1,Oprire ACC,"Lucrari POIM - Reabilitarea sistemului de termoficare al Municipului Bucuresti - LOT 4 ,Obiectivele 17,18,19,20.",2026-08-02T23:00,• Str Moldoviţa -
2026-08-01T19:36:28,4,Huedin,17,Oprire ACC,"Lucrari POIM - Reabilitarea sistemului de termoficare al Municipului Bucuresti - LOT 4 ,Obiectivele 17,18,19,20.",2026-08-02T23:00,"• Str Straja - bl. 52 • Str Moldoveni - bl. B15, B21 • Str Grădiştea - bl. 48, B5 • Str Reşiţa - bl. 49, 50, 51, Biserica Sf. Daniel • Str Huedin - bl. A26, 34, M1/2 • Ale Huedin - bl. 2, 3, 4, 5 • Str Uioara - bl. 33"
2026-08-01T19:36:28,4,Observator Astronomic,1,Oprire ACC,"Lucrari POIM - Reabilitarea sistemului de termoficare al Municipului Bucuresti - LOT 4 ,Obiectivele 17,18,19,20.",2026-08-02T23:00,• Str Piscului -
2026-08-01T19:36:28,4,Palatul National al Copiilor,1,Oprire ACC,"Lucrari POIM - Reabilitarea sistemului de termoficare al Municipului Bucuresti - LOT 4 ,Obiectivele 17,18,19,20.",2026-08-02T23:00,• Bld Tineretului -
2026-08-01T19:36:28,4,Spinis,26,Oprire ACC,"Lucrari POIM - Reabilitarea sistemului de termoficare al Municipului Bucuresti - LOT 4 ,Obiectivele 17,18,19,20.",2026-08-02T23:00,"• Str Spiniş - bl. 19, 24, 43, 45, 48, 104, 105 • Str Râul Şoimului - bl. 25, 26, 27, 28, 46, 47, 49 • Şos Giurgiului - bl. 4A, 4B • Str Grădiştea - bl. 101 • Drm Găzarului - bl. 18, 21, 22, 50 • Str Tătuleşti - bl. 44, 98, 100A, 100B, 103"
2026-08-01T19:36:28,4,Scoala I Teodoreanu nr.36 - Sala Sport,1,Oprire ACC,"Lucrari POIM - Reabilitarea sistemului de termoficare al Municipului Bucuresti - LOT 4 ,Obiectivele 17,18,19,20.",2026-08-02T23:00,• Str Coştila -
2026-08-01T19:36:28,4,4 Lanariei,10,Oprire ACC,"Lucrari POIM - Reabilitarea sistemului de termoficare al Municipului Bucuresti - LOT 4 ,Obiectivele 17,18,19,20.",2026-08-02T23:00,"• Str Avalanşei - bl. 1, 2, 3 • Bld Gheorghe Şincai - bl. 2, 3, 3TR1, 4, 5, 5A • Str Cuza Vodă - bl. 1A"
2026-08-01T19:36:28,4,Inst. Nat. de Neurologie si Boli Neurovasculare,1,Oprire ACC,"Lucrari POIM - Reabilitarea sistemului de termoficare al Municipului Bucuresti - LOT 4 ,Obiectivele 17,18,19,20.",2026-08-02T23:00,• Şos Berceni -
2026-08-01T19:36:28,4,2 Tineretului,26,Oprire ACC,"Lucrari POIM - Reabilitarea sistemului de termoficare al Municipului Bucuresti - LOT 4 ,Obiectivele 17,18,19,20.",2026-08-02T23:00,"• Bld Tineretului - bl. 18, 19, 37, 38, 39 • Str Albinelor - bl. 32 • Str Piscului - bl. 40, 41, 42, 47 • Str V. V. Stanciu - bl. 31 • Str Trestiana - bl. 17, 20, 23 • Str Vişana - bl. 25, 26, 36, 43, 44, 45 • Str Constantin Rădulescu-Motru - bl. 22-24, 33, 34, 35, 36, 46"
2026-08-01T19:36:28,4,3 Tineretului,18,Oprire ACC,"Lucrari POIM - Reabilitarea sistemului de termoficare al Municipului Bucuresti - LOT 4 ,Obiectivele 17,18,19,20.",2026-08-02T23:00,"• Bld Tineretului - bl. 52 • Bld Pionierilor - bl. 51 • Str Piscului - bl. 49, 50, 77, 78, 79, 80, 81 • Str V. V. Stanciu - bl. 69A • Cal Văcăreşti - bl. 69B, 70B, 83, 84 • Str Cărămidarii de Jos - bl. 48, 75, 76"
2026-08-01T19:36:28,4,Plugarilor,12,Oprire ACC,"Lucrari POIM - Reabilitarea sistemului de termoficare al Municipului Bucuresti - LOT 4 ,Obiectivele 17,18,19,20.",2026-08-02T23:00,"• Bld Abatorului - bl. 95 • Str Plugarilor - bl. 91, 94 • Str V. V. Stanciu - bl. 88, 90 • Cal Văcăreşti - bl. 85A, 85B, 86, 87 • Ale Bran - bl. 89, 92, 93"
2026-08-01T19:36:28,4,1 Vacaresti,15,Oprire ACC,"Lucrari POIM - Reabilitarea sistemului de termoficare al Municipului Bucuresti - LOT 4 ,Obiectivele 17,18,19,20.",2026-08-02T23:00,"• Str Stamate Costache - 3C, 3E • Str Pridvorului - bl. 1A, 4, 5, 6 • Cal Văcăreşti - bl. 1B, 1C, 1D, 1E, 2A, 2B, 2C, 3A, 3B"
2026-08-01T19:36:28,4,Norilor,4,Oprire ACC,"Lucrari POIM - Reabilitarea sistemului de termoficare al Municipului Bucuresti - LOT 4 ,Obiectivele 17,18,19,20.",2026-08-02T23:00,"• Str Maria Tănase - bl. 28, 29 • Bld Gheorghe Şincai - bl. 30, 30A"
2026-08-01T19:36:28,4,B 3 Cauzasi,7,Oprire ACC,"Lucrari POIM - Reabilitarea sistemului de termoficare al Municipului Bucuresti - LOT 4 ,Obiectivele 17,18,19,20.",2026-08-02T23:00,"• Pţa Unirii - bl. B3, B4, B5 ,B6, B7 • Str Radu Vodă - bl. B8 • Bld Dimitrie Cantemir - bl. B2"
2026-08-01T19:36:28,4,6 Vifornita,17,Oprire ACC,"Lucrari POIM - Reabilitarea sistemului de termoficare al Municipului Bucuresti - LOT 4 ,Obiectivele 17,18,19,20.",2026-08-02T23:00,"• Şos Giurgiului - bl. 1, 2A, 2B, • Str Grădiştea - bl. 86, 87 • Str Tătuleşti - bl. 18, 20, 82, 83, 84, 85 • Ale Călineşti - bl. 11, 12, 13, 14, 15, 81"
2026-08-01T19:36:28,4,1 Tineretului,33,Oprire ACC,"Lucrari POIM - Reabilitarea sistemului de termoficare al Municipului Bucuresti - LOT 4 ,Obiectivele 17,18,19,20.",2026-08-02T23:00,"• Ale Tohani - bl. 30, 31; Gradinita nr.224 • Bld Tineretului - bl. A2, A3, A4, A5, A6, Z2, Z3, Z4, Z5, Z6, Z7, 5A • Str Mocăncuţei - Imob.vila • Str Poenari - bl. 12, 13 • Str Trestiana - bl. 8A, 8B, 9, 10, 11, 14, 15, 16, 32 • Str Tohani - bl. 29, 33 • Str Constantin Rădulescu-Motru - bl. 21, 27A, 28, 34 • Str Cuza Vodă - bl. 27B"
2026-08-01T19:36:28,4,4 Tineretului,23,Oprire ACC,"Lucrari POIM - Reabilitarea sistemului de termoficare al Municipului Bucuresti - LOT 4 ,Obiectivele 17,18,19,20.",2026-08-02T23:00,"• Bld Tineretului - bl. 53, 54, 57, 58, 64, 65, 66 • Str Baladei - bl. 55, 56, 59, 60, 61, 61A, 73 • Cal Văcăreşti - bl. 62, 63, 67, 68, 71, 72A, 72B • Str Cărămidarii de Jos - bl. 74A, 74B"
2026-08-01T19:36:28,4,11 Giurgiu,3,Oprire ACC,"Lucrari POIM - Reabilitarea sistemului de termoficare al Municipului Bucuresti - LOT 4 ,Obiectivele 17,18,19,20.",2026-08-02T23:00,"• Şos Giurgiului - bl. 5, 11 • Str Petre Ţuţea - Scoala nr.109"
2026-08-01T19:36:28,4,Luica,29,Oprire ACC,"Lucrari POIM - Reabilitarea sistemului de termoficare al Municipului Bucuresti - LOT 4 ,Obiectivele 17,18,19,20.",2026-08-02T23:00,"• Str Luica - bl. M1, M2, M3, M4, M4Bis, M5, M6, IV/1A • Str Reşiţa - bl. M1, P4 • Str Uioara - bl. IV/1B, IV/1C, IV/1 sc.A; M2 • Str Ucea - bl. P3, P4, P7, P8, P9, P10, P11, P12, IV/2 • Str Coştila - bl. P1, P2, P5, P6, P9"
2026-08-01T19:36:28,4,2 Giurgiu,7,Oprire ACC,"Lucrari POIM - Reabilitarea sistemului de termoficare al Municipului Bucuresti - LOT 4 ,Obiectivele 17,18,19,20.",2026-08-02T23:00,"• Str Tufişului - Scoala nr.188 • Şos Giurgiului - bl. B, C, E, F, K • Str Şoimuş - bl. L"
2026-08-01T19:36:28,4,2 Vacaresti,21,Oprire ACC,"Lucrari POIM - Reabilitarea sistemului de termoficare al Municipului Bucuresti - LOT 4 ,Obiectivele 17,18,19,20.",2026-08-02T23:00,"• Str Stamate Costache - bl. 8A, 8C • Str Pridvorului - bl. 11, 12, 13, 14, 18, 19, 20 • Cal Văcăreşti - bl. 8D, 8E, 9A, 9B, 9C, 10A, 10B, 10C, 10D, 15, 16, 17"
2026-08-01T19:36:28,4,1 Stoian Militaru,6,Oprire ACC,"Lucrari POIM - Reabilitarea sistemului de termoficare al Municipului Bucuresti - LOT 4 ,Obiectivele 17,18,19,20.",2026-08-02T23:00,"• Str Padeşu - bl. 1 • Str Pictor Ştefan Dimitrescu - bl. 2, 19 • Str Şura Mare - bl. 1A, 1B • Str Cornetului - bl. 20"
2026-08-01T19:36:28,4,2 Lanariei,15,Oprire ACC,"Lucrari POIM - Reabilitarea sistemului de termoficare al Municipului Bucuresti - LOT 4 ,Obiectivele 17,18,19,20.",2026-08-02T23:00,"• Str Maria Tănase - bl. 13 • Bld Gheorghe Şincai - bl. 11, 12 • Str Viorele - bl. 15, 17, 18, 20A, 20B, 22, 37, Scoala nr. 97 • Cal Văcăreşti - bl. 23, 24 • Ale Borcea - bl. 14, 16"
2026-08-01T19:36:28,4,3 Oltenita Placare,22,Oprire ACC,"Lucrari POIM - Reabilitarea sistemului de termoficare al Municipului Bucuresti - LOT 4 ,Obiectivele 17,18,19,20.",2026-08-02T23:00,"• Şos Olteniţei - bl. 2A, 2B, 2C, 2D, 3C, 3D, 3E, 4A, 4B, 4C, 4D, 5A, 5B, 5C, 5D, 5E • Str Gheorghe Adamescu - bl. 4E • Str Pometului - Imobil nr.41 • Str Laloşu - bl. 3A, 3B, 2E"
2026-08-01T19:36:28,4,Dealul Cernei,13,Oprire ACC,"Lucrari POIM - Reabilitarea sistemului de termoficare al Municipului Bucuresti - LOT 4 ,Obiectivele 17,18,19,20.",2026-08-02T23:00,"• Str Uioara - bl. 12Bis, 35, 36, 46 • Ale Cetatea Veche - bl. 2Bis, 3Bis, 5, 37, 38, 39, 40, 41, 47"
2026-08-01T19:36:28,4,Sincai,8,Oprire ACC,"Lucrari POIM - Reabilitarea sistemului de termoficare al Municipului Bucuresti - LOT 4 ,Obiectivele 17,18,19,20.",2026-08-02T23:00,"• Str Mocăncuţei - Imobil nr.12 • Bld Gheorghe Şincai - bl. 2, 4 • Str Tineretului - bl 5,Z1 • Str Trestiana - bl. 3 • Str Constantin Rădulescu-Motru - bl. 1, 35 • Str Cuza Vodă - bl. 37A"
2026-08-01T19:36:28,4,3 Zona V,16,Oprire ACC,"Lucrari POIM - Reabilitarea sistemului de termoficare al Municipului Bucuresti - LOT 4 ,Obiectivele 17,18,19,20.",2026-08-02T23:00,"• Str Reşiţa - bl. D17 • Str Huedin - bl. A13, D18, D19, D20 • Str Izvorul Mureşului - bl. 10, A4 • Str Izvorul Crişului - bl. A5, A6, A7, A8, A14, A15, A16, D16, D21"
2026-08-01T19:36:28,4,Uioara,31,Oprire ACC,"Lucrari POIM - Reabilitarea sistemului de termoficare al Municipului Bucuresti - LOT 4 ,Obiectivele 17,18,19,20.",2026-08-02T23:00,"• Str Semenic - bl. 23, 24 • Str Luica - bl. 59, 60, 61, III/6, III/7 • Ale Gorneşti - bl. 55, 56 • Ale Uioara - bl. 4Bis, 42, 43, 44, 45, 48, 49, 50, 51, 52, 53, 54, 58 • Ale Izvorul Oltului - bl. 25, 26, 27, 28, 29, 33, 62Bis • Bld Constantin Brâncoveanu - bl. 30, 34-35"
2026-08-01T19:36:28,4,Almașul Mare,19,Oprire ACC,"Lucrari POIM - Reabilitarea sistemului de termoficare al Municipului Bucuresti - LOT 4 ,Obiectivele 17,18,19,20.",2026-08-02T23:00,"• Str Moldoveni - bl. B19, B20 • Str Almaşu Mic - bl. B6, B7, B8, B10, B11, B12, B17, B18, Gradinita nr.62 • Str Almaşu Mare - bl. B2, B9, B16 • Str Grădiştea - bl. B1, B3, B4, B13, B14"
2026-08-01T19:36:28,4,2 Vifornita,26,Oprire ACC,"Lucrari POIM - Reabilitarea sistemului de termoficare al Municipului Bucuresti - LOT 4 ,Obiectivele 17,18,19,20.",2026-08-02T23:00,"• Str Straja - bl. 30, 31, 32, 40, 65, 66 • Str Spiniş - bl. 52, 53, 54 • Str Moldoveni - bl. 55, 59, 60, 61 • Str Almaşu Mare - bl. 51, 56, 57, 58 • Str Argeşelu - bl. 33, 34, 35, 37, 39, 67 • Drm Găzarului - bl. 29 • Str Reşiţa - bl. 36, 38"
2026-08-01T19:36:28,4,1 Zona IV,14,Oprire ACC,"Lucrari POIM - Reabilitarea sistemului de termoficare al Municipului Bucuresti - LOT 4 ,Obiectivele 17,18,19,20.",2026-08-02T23:00,"• Str Grădiştea - bl. A9, A10 • Ale Reşiţa D - A1, A3, A4, A5, A7, A8 • Str Reşiţa - bl. A2, A6 • Str Uioara - bl. A11, A12, A13, A14"
2026-08-01T19:36:28,4,Sala Polivalenta,1,Oprire ACC,"Lucrari POIM - Reabilitarea sistemului de termoficare al Municipului Bucuresti - LOT 4 ,Obiectivele 17,18,19,20.",2026-08-02T23:00,• Cal Piscului -
2026-08-01T19:36:28,4,1 Zona V,12,Oprire ACC,"Lucrari POIM - Reabilitarea sistemului de termoficare al Municipului Bucuresti - LOT 4 ,Obiectivele 17,18,19,20.",2026-08-02T23:00,"• Str Reşiţa - bl. A18, A19 • Str Izvorul Rece - bl. A10 • Str Izvorul Mureşului - bl. A9 ,D5, D6, D7, D23 • Str Izvorul Crişului - bl. D3, D4 • Str Trotuşului - bl. A17, D8"
2026-08-01T19:36:28,5,Giurgiu Farado,15,Oprire ACC,Reabilitarea sistemului de termoficare al Municipiului Bucuresti - Lucrari POIM -Lot 4- Obiectivele 18 - 19,2026-08-02T23:00,"• Ale Podul Giurgiului - 2, 3, 4, 5, 6, 7, 8, 9, 11, 12,13 • Str Vigoniei - 1, 8, 15 • Şos Giurgiului - 16"
2026-08-01T19:36:28,5,9 Farado,5,Oprire ACC,Reabilitarea sistemului de termoficare al Municipiului Bucuresti - Lucrari POIM -Lot 4- Obiectivele 18 - 19,2026-08-02T23:00,"• Str Podul Giurgiului - 9,14 • Str Vigoniei - 10, 10Turn, 14Turn"
2026-08-01T19:36:28,5,1 Giurgiu,9,Oprire ACC,Reabilitarea sistemului de termoficare al Municipiului Bucuresti - Lucrari POIM -Lot 4- Obiectivele 18 - 19,2026-08-02T23:00,"• Str Verigei - bl. 1, 2, Z 3, Z5 • Şos Giurgiului - bl. A, H1, H2 • Str Ştefan Vodă - imobil Decu Aurel • Str Măgurei - bl. D1"
2026-08-01T19:36:28,5,6 Farado,6,Oprire ACC,Reabilitarea sistemului de termoficare al Municipiului Bucuresti - Lucrari POIM -Lot 4- Obiectivele 18 - 19,2026-08-02T23:00,"• Str Podul Giurgiului - bl. 17, 18, Liceul Energetic • Str Toporaşi - bl. 15 • Şos Giurgiului - bl. 5, 6, 7"
2026-08-01T19:36:28,5,Modul Toporaşi,1,Oprire ACC,Revizie tehnică - CTE Progresu,2026-08-10T23:00,• Str Toporaşi - 1
2026-08-01T20:41:46,2,Barbu Vacarescu,6,Deficienta ACC,Funcționare deficitară a apei calde de consum din cauza manevrelor de echilibrare hidraulică a rețelei termice,2026-08-01T23:00,"• Str Dinu Vintilă - bl.3, 4, 5 • Str Barbu Văcărescu - bl.1,2; 7"
2026-08-01T20:41:46,2,Galvani Tei,9,Deficienta ACC,Funcționare deficitară a apei calde de consum din cauza manevrelor de echilibrare hidraulică a rețelei termice,2026-08-01T23:00,"• Str Johannes K. Kepler - bl.K/4/1; 2 • Bld Lacul Tei - bl.7, 8, 5, 6 • Str Păstorului - bl.4, 3, 4Bis"
2026-08-01T20:41:46,2,201 Mihai Bravu,5,Oprire ACC,Execuție lucrări de modernizare - firma SICOR pe Magistrala II Sud,2026-08-02T23:00,"• Şos Mihai Bravu - bl. 205, 203, 204, 200, • Cal Călăraşilor - bl. 201, 202"
2026-08-01T20:41:46,3,IN CITY,1,Oprire ACC,Execuție lucrări de modernizare - firma ELSACO pe Magistrala II Sud,2026-08-02T23:00,• Cal Dudeşti -
2026-08-01T20:41:46,3,16 Foișor,1,Oprire ACC,Execuție lucrări de modernizare - firma ELSACO pe Magistrala II Sud,2026-08-02T23:00,• Cal Vitan - bl. V6
2026-08-01T20:41:46,3,16 Răcari,17,Oprire ACC,Execuție lucrări de modernizare - firma ELSACO pe Magistrala II Sud,2026-08-02T23:00,"• Str Mureşana - bl. 52, 51 A+B • Str Lugojana - bl. 50+50A, 47 • Str Crivăţului - bl. 43A, 51, 44B • Str Răcari - bl. 42 • Ale Slt. Adrian Cârstea - bl. 43, 44, 41, 48, 45, 46, 44A"
2026-08-01T20:41:46,3,3 Labirint,7,Oprire ACC,Execuție lucrări de modernizare - firma ELSACO pe Magistrala II Sud,2026-08-02T23:00,"• Str Matei Basarab - bl. 119bis, L121, L118A, L116A • Str Labirint - bl. L117, L119, L117bis"
2026-08-01T20:41:46,3,21 Foișor,17,Oprire ACC,Execuție lucrări de modernizare - firma ELSACO pe Magistrala II Sud,2026-08-02T23:00,"• Str Vlaicu Vodă - bl. C8, C9 • Str Vlad Dracul - bl. B12, B13 • Str Vasile Cârlova - bl. A7, A7bis • Str Emil Gârleanu - bl. A6, A4 • Str Lt. col. Dumitru Papazoglu - bl. B10, C6 • Str Anastasie Panu - bl. A12, A5, A16, B7 • Str Alexandru Moruzzi Voievod - bl. A11, A13, B6"
2026-08-01T20:41:46,3,15 Foișor,4,Oprire ACC,Execuție lucrări de modernizare - firma ELSACO pe Magistrala II Sud,2026-08-02T23:00,"• Str Zizin - bl. G1 • Str Brânduşelor - bl. G3 • Str Banu Udrea - bl. G7, G8"
2026-08-01T20:41:46,3,12 Foișor,14,Oprire ACC,Execuție lucrări de modernizare - firma ELSACO pe Magistrala II Sud,2026-08-02T23:00,"• Str Vlad Dracul - bl. C12, C14, C13 • Str Foişorului - bl. F13C, F14C, F11C, F12C • Str Anastasie Panu - bl. C15, D3, D1, D2, D6, D4, D5"
2026-08-01T20:41:46,3,I3,6,Oprire ACC,Execuție lucrări de modernizare - firma ELSACO pe Magistrala II Sud,2026-08-02T23:00,"• Str Miletin - Imobil • Pţa Alba Iulia - bl. I1, I2, I3, I4, I5"
2026-08-01T20:41:46,3,2 Unităţii,16,Oprire ACC,Execuție lucrări de modernizare - firma ELSACO pe Magistrala II Sud,2026-08-02T23:00,"• Str Vulcan Judeţul - bl. B1B, B1C, B3A • Str Traian Popovici - bl. B3D, B4, B4D, B4F, B4A • Şos Mihai Bravu - bl. B2A, B2B, B2C, B1, B1A, B1D, B3B, B3C • Str Caloian Judeţul - bl. B4C, Scoala Generala nr. 80"
2026-08-01T20:41:46,3,2 Mărășești,16,Oprire ACC,Execuție lucrări de modernizare - firma ELSACO pe Magistrala II Sud,2026-08-02T23:00,"• Str Vlad Dracul - bl. B1, B2 • Str Nerva Traian - bl. M70, M71, M66, M69, M68, M65 • Str Emil Gârleanu - bl. A8, A9 • Str Logofătul Tăutu - bl. C3, C4, C5 • Str Lt. col. Dumitru Papazoglu - bl. B5 • Str Alexandru Moruzzi Voievod - bl. B1, A10"
2026-08-01T20:41:46,3,J2 Unirii,7,Oprire ACC,Execuție lucrări de modernizare - firma ELSACO pe Magistrala II Sud,2026-08-02T23:00,"• Bld Unirii - bl. J1, J3B, J4, J2, J3A • Pţa Alba Iulia - bl. I6, I7"
2026-08-01T20:41:46,3,M107,25,Oprire ACC,Execuție lucrări de modernizare - firma ELSACO pe Magistrala II Sud,2026-08-02T23:00,"• Str Nerva Traian - bl. K6 • Bld Octavian Goga - bl. M103, M106 • Str Emil Botta - bl. M109, M105, M104, M107, M108 • Bld Unirii - bl. K3, K4, K2, K5 • Str Lucian Blaga - bl. K1"
2026-08-01T20:41:46,3,F6,6,Oprire ACC,Execuție lucrări de modernizare - firma ELSACO pe Magistrala II Sud,2026-08-02T23:00,"• Str Maximilian Popper - bl. F6 • Bld Unirii - bl. F2, F3, F4 • Str Traian - bl. F1 • Str Ion Pillat - bl. F5"
2026-08-01T20:41:46,3,2 Cornul Caprei,3,Oprire ACC,Execuție lucrări de modernizare - firma ELSACO pe Magistrala II Sud,2026-08-02T23:00,"• Str Şcoala Ciocanu - Imobil • Bld Burebista - D13, D14"
2026-08-01T20:41:46,3,1 Labirint,5,Oprire ACC,Execuție lucrări de modernizare - firma ELSACO pe Magistrala II Sud,2026-08-02T23:00,"• Str Matei Basarab - bl. L111A, L109, L108, L109bis, L110"
2026-08-01T20:41:46,3,Mihai Bravu Vest,18,Oprire ACC,Execuție lucrări de modernizare - firma ELSACO pe Magistrala II Sud,2026-08-02T23:00,"• Şos Mihai Bravu - bl. 2, 3, 4, 5, 6, 7, 103, 104, 105 • Bld Decebal - bl. S1, S2, S2A+S2B, S3 • Ale Apostol Mărgărit - bl. 106, 107, 108, D.G.A.S.P.C, Centrul de zi Titan-Cercelus9 cresa nr.35 • Str Cerceluş - bl. 10-11"
2026-08-01T20:41:46,3,11 Foișor,14,Oprire ACC,Execuție lucrări de modernizare - firma ELSACO pe Magistrala II Sud,2026-08-02T23:00,"• Str Zizin - bl. V75C • Str Vlaicu Vodă - bl. V65, V66 • Str Brânduşelor - bl. V70, V75A, V77 • Str Foişorului - bl. F9C, F8C • Str Rarău - bl. V69, V68, V70, V71, F10C, V74"
2026-08-01T20:41:46,3,9 Vitan,11,Oprire ACC,Execuție lucrări de modernizare - firma ELSACO pe Magistrala II Sud,2026-08-02T23:00,"• Str Zizin - bl. 97, V101C, V101B • Str Vlaicu Vodă - bl. V34C, V100 • Cal Vitan - bl. V34A, V35 • Str Nucului - bl. V100, V101,V101A • Str Banu Udrea - bl. V104, V103, V101C, V99, V97, V102, V95"
2026-08-01T20:41:46,3,10 Laborator,26,Oprire ACC,Execuție lucrări de modernizare - firma ELSACO pe Magistrala II Sud,2026-08-02T23:00,"• Ale Şcolarilor - bl. S24, S25, S13, S14, S3A, S4, S23 • Şos Mihai Bravu - bl. S3, SB, SA, SB1, R3 • Str Laborator - bl. S11, S5, S12, S8, S9, S10, S6, S7, S1, S2A, S2 • Bld Camil Ressu - bl. 5, R1, R2"
2026-08-01T20:41:46,3,S14,11,Oprire ACC,Execuție lucrări de modernizare - firma ELSACO pe Magistrala II Sud,2026-08-02T23:00,"• Str Theodor D. Speranţia - bl. S24, S25, S26, S27,S28 • Bld Decebal - bl. S12, S12A, S12B, S13, S14, S15"
2026-08-01T20:41:46,3,1 Vitan,22,Oprire ACC,Execuție lucrări de modernizare - firma ELSACO pe Magistrala II Sud,2026-08-02T23:00,"• Cal Vitan - bl. 2, 3, 9, 10, 7C, 2A, 1, 1A, 1B • Str Lugojana - bl. 12, 11 • Str Dristorului - bl. 6 • Ale Râmnicu Sărat - bl. 2B, 7B,7A,15 • Str Râmnicu Vâlcea - bl. 15, 15B, 15A • Str Baia Mare - bl. 4, 8, 7A1,12A 5, 7, 12B"
2026-08-01T20:41:46,3,E1,6,Oprire ACC,Execuție lucrări de modernizare - firma ELSACO pe Magistrala II Sud,2026-08-02T23:00,"• Str Vintilă Vodă - bl. E1 • Bld Unirii - bl. E2, E3,E3A, E3-3, E3A2"
2026-08-01T20:41:46,3,2 Călăraşi,18,Oprire ACC,Execuție lucrări de modernizare - firma ELSACO pe Magistrala II Sud,2026-08-02T23:00,"• Str Matei Basarab - 72, 86, 73, 74, 85, L122, L120, L118 • Str Theodor D. Speranţia - 78, 83, 84 • Str Agricultori - 80, 81, 82,79, • Cal Călăraşi - 75,76,77"
2026-08-01T20:41:46,3,3 Mărăşeşti,10,Oprire ACC,Execuție lucrări de modernizare - firma ELSACO pe Magistrala II Sud,2026-08-02T23:00,"• Str Ştefan Octavian Iosif - bl. M51, M54 • Str Panait Cerna - bl. M53, M52 • Str Nerva Traian - bl. M37, M36, M39, M55, M38 • Bld Octavian Goga - bl. M42, M61 • Str Alexandru Vlahuţă - bl. M49, M50"
2026-08-01T20:41:46,3,Ministerul de Finante,1,Oprire ACC,Execuție lucrări de modernizare - firma ELSACO pe Magistrala II Sud,2026-08-02T23:00,• Bld Mircea Vodă - 44
2026-08-01T20:41:46,3,5 Mărăşeşti,17,Oprire ACC,Execuție lucrări de modernizare - firma ELSACO pe Magistrala II Sud,2026-08-02T23:00,"• Bld Mircea Vodă - bl. M31, M29, M30 • Ale Dimitrie Anghel - bl. M45 • Str Panait Cerna - bl. M44 • Str Nerva Traian - bl. M34, M35 • Str Alexandru Vlahuţă - bl. M46, M47, M48"
2026-08-01T20:41:46,3,11 Laborator,10,Oprire ACC,Execuție lucrări de modernizare - firma ELSACO pe Magistrala II Sud,2026-08-02T23:00,"• Str Laborator - bl. S18, 39A, 40, 39, 38 • Str Râmnicu Vâlcea - bl. S19, S20, S16, S15, S17"
2026-08-01T20:41:46,3,17 Răcari,15,Oprire ACC,Execuție lucrări de modernizare - firma ELSACO pe Magistrala II Sud,2026-08-02T23:00,"• Ale Miraj - bl. 60, 61, 68 • Ale Florin Ciungan - bl. 64, 66, 65, 67, 69 • Ale Răcari - bl. 75, 74, 71, 71A, 70 • Ale Marius Emanoil Buteică - bl. 72, 63, 62"
2026-08-01T20:41:46,3,BL U114 (UM 02544/B1),1,Oprire ACC,Execuție lucrări de modernizare - firma ELSACO pe Magistrala II Sud,2026-08-02T23:00,• Bld Mircea Vodă - 3-5
2026-08-01T20:41:46,3,C3 Căuzaşi,11,Oprire ACC,Execuție lucrări de modernizare - firma ELSACO pe Magistrala II Sud,2026-08-02T23:00,"• Ale Negru Vodă - C3, C4, C3A • Str Mămulari - C1, C2 • Bld Unirii - A1, A2, A3, A4 • Str Sfânta Vineri - A6, A5"
2026-08-01T20:41:46,3,1 Laborator,31,Oprire ACC,Execuție lucrări de modernizare - firma ELSACO pe Magistrala II Sud,2026-08-02T23:00,"• Str Aniversării - bl. 39A • Şos Mihai Bravu - bl. V10, V18, V7, V11, V12, V9, V15, V16, V8, V13, V17 • Str Laborator - bl. V14 • Str Iancu Brezeanu - bl. V31B • Str Agatha Bârsescu - bl. V26C, V31A, V30B, V26A, V28, V30A, V26B, V29, V25, V27A, V27B • Str Alexander Von Humboldt - bl. V23A • Ale Blăjel - bl. V5, V6 • Str Breaza - bl. V24A, V23B"
2026-08-01T20:41:46,3,3 Unităţii,19,Oprire ACC,Execuție lucrări de modernizare - firma ELSACO pe Magistrala II Sud,2026-08-02T23:00,"• Str Traian Popovici - bl. B7, B11, B10 • Şos Mihai Bravu - bl. B13, B13A, B13D, B13B, B13C • Str Lt. Aurel Botea - bl. B5A, B5, B5D, B5B, B5C, B6, B6A, B6B, B8, B9"
2026-08-01T20:41:46,3,3 Călăraşi,13,Oprire ACC,Execuție lucrări de modernizare - firma ELSACO pe Magistrala II Sud,2026-08-02T23:00,"• Cal Călăraşi - . 44, 38, 39, 45, 46, 56, 57, 55, 53, 53BIS, 42, 54 • Str Orzari - 47"
2026-08-01T20:41:46,3,5 Cornul Caprei,10,Oprire ACC,Execuție lucrări de modernizare - firma ELSACO pe Magistrala II Sud,2026-08-02T23:00,"• Str Lt. Aurel Botea - D24, D22 • Bld Burebista - D15, D16 • Str Caloian Judeţul - D19A, D21A, D20, D19B, D18, D21B"
2026-08-01T20:41:46,3,Colegiul Tehnic Mihai Bravu,1,Oprire ACC,Execuție lucrări de modernizare - firma ELSACO pe Magistrala II Sud,2026-08-02T23:00,• Şos Mihai Bravu - 428
2026-08-01T20:41:46,3,G3,9,Oprire ACC,Execuție lucrări de modernizare - firma ELSACO pe Magistrala II Sud,2026-08-02T23:00,"• Bld Unirii - bl. G2, H1, G3, G2A, G2B, G2C • Str Ion Pillat - bl. G1, G1A • Bld Decebal - bl. H2"
2026-08-01T20:41:46,3,Dristor Insulă,18,Oprire ACC,Execuție lucrări de modernizare - firma ELSACO pe Magistrala II Sud,2026-08-02T23:00,"• Şos Mihai Bravu - 12, 12A, 15, 15A, 18, 18A, 14A+B • Str Dristorului - 15B, 10, 10A, 11, 12B, 16ABC, 17,13, 13C • Bld Camil Ressu - 13A"
2026-08-01T20:41:46,3,13 Foișor,11,Oprire ACC,Execuție lucrări de modernizare - firma ELSACO pe Magistrala II Sud,2026-08-02T23:00,"• Str Vlaicu Vodă - bl. V62, V63, V61 • Str Brânduşelor - bl.V64 • Str Foişorului - bl. F6C, F7C, F5C, F4C • Str Alexandru Moruzzi Voievod - bl. V60, V59, V58"
2026-08-01T20:41:46,3,3 Theodor Speranţia,5,Oprire ACC,Execuție lucrări de modernizare - firma ELSACO pe Magistrala II Sud,2026-08-02T23:00,"• Str Theodor D. Speranţia - bl. S22 • Bld Decebal - bl. S16 • Cal Călăraşi - bl. S18, S20, S21"
2026-08-01T20:41:46,3,2 Vitan,33,Oprire ACC,Execuție lucrări de modernizare - firma ELSACO pe Magistrala II Sud,2026-08-02T23:00,"• Cal Vitan - bl. 42, 30, 41, 31, 21, 20, 51, 52, 22 • Str Mureşana - bl. 43B, 44, 58, 58A, 59 • Str Jieneasca - bl. 46, 47, 34, 33 • Str Căluşari - bl. 43, 43A, 24, 25, 50, 43A • Str Alunului - bl. 57 • Şos Mihai Bravu - bl. 53, 54, 55 • Str Răcari - bl. 38, 39 • Str Alunelului - bl. 45, 40, 32"
2026-08-01T20:41:46,3,1 Călăraşi,8,Oprire ACC,Execuție lucrări de modernizare - firma ELSACO pe Magistrala II Sud,2026-08-02T23:00,"• Cal Călăraşi - Cal. Călăraşi bl. 50, 70, 68, 65, 49, 71, 67, 66,"
2026-08-01T20:41:46,3,4 Theodor Speranţia,32,Oprire ACC,Execuție lucrări de modernizare - firma ELSACO pe Magistrala II Sud,2026-08-02T23:00,"• Str Voroneţ - bl. A15+A15bis, A22, D8, D7, D6, D5A, D4, D5, D2, D3, D1 • Str Meşterul Manole - bl. D17, D10, D9, D11, D15 • Str Negoiu - bl. D18, D16, D14, D12 • Str Ion Păunescu-Paltin - bl. D13 • Str Dristorului - bl. A21, B14, A23, B13, A20, B7, B14, B20 • Int Arenei - bl. B2, B3"
2026-08-01T20:41:46,3,10 Vitan,17,Oprire ACC,Execuție lucrări de modernizare - firma ELSACO pe Magistrala II Sud,2026-08-02T23:00,"• Str Zizin - bl. V80B, V80A, V81C, V40 • Str Vlaicu Vodă - bl. V43, V39, V82, V38, V81, V79, V82B, V81A • Cal Vitan - bl. V40, V42, V17, V82A, V42C,V42A • Str Brânduşelor - bl. V78"
2026-08-01T20:41:46,3,6 Mărășești,19,Oprire ACC,Execuție lucrări de modernizare - firma ELSACO pe Magistrala II Sud,2026-08-02T23:00,"• Bld Mircea Vodă - bl. M11, M14, M20bis, M9,M8, M1, M21, M22, M6, M20 • Str Panait Cerna - bl. M5 • Spl Unirii - bl. M3, M4, M12, M19, M10, M15, M7, M18, M16, M13"
2026-08-01T20:41:46,3,4 Labirint,5,Oprire ACC,Execuție lucrări de modernizare - firma ELSACO pe Magistrala II Sud,2026-08-02T23:00,"• Str Matei Basarab - bl. L112, L112A, L113A, L113 • Str Traian - bl. L112B"
2026-08-01T20:41:46,3,7 Vitan,12,Oprire ACC,Execuție lucrări de modernizare - firma ELSACO pe Magistrala II Sud,2026-08-02T23:00,"• Str Vlad Judeţul - bl. V12, V13, V14A, V11 • Cal Vitan - bl. V14B, V16B, V16A, V15 • Str Agatha Bârsescu - bl. V19 • Str Brăiliţa - bl. V17, V10, V18"
2026-08-01T20:41:46,3,1 Mărăşeşti,20,Oprire ACC,Execuție lucrări de modernizare - firma ELSACO pe Magistrala II Sud,2026-08-02T23:00,"• Str Nerva Traian - bl M64 • Bld Octavian Goga - bl. V53C, M62, M63 • Str Emil Gârleanu - bl. V52C, V53D, A1, F • Str Foişorului - bl. F1C, F2C, F3C, D, E • Str Anastasie Panu - bl. A1, A2, A3"
2026-08-01T20:41:46,3,6 Vitan,8,Oprire ACC,Execuție lucrări de modernizare - firma ELSACO pe Magistrala II Sud,2026-08-02T23:00,"• Cal Vitan - bl. V21A, V21B, V2, V1 • Ale Blăjel - bl. V3, V4 • Str Breaza - bl. V22A, V22B"
2026-08-01T20:41:46,3,1 Anexa,28,Oprire ACC,Execuție lucrări de modernizare - firma ELSACO pe Magistrala II Sud,2026-08-02T23:00,• Int Ţiglina - Scoala Gimnaziala Cezar Bolliac • Str Diligenţei - • Str Mircea Bădescu - • Str Nicolae Tudor - • Str Levănţica - • Str Dristorului - • Str Cerceluş -
2026-08-01T20:41:46,3,18 KLM,9,Oprire ACC,Execuție lucrări de modernizare - firma ELSACO pe Magistrala II Sud,2026-08-02T23:00,"• Str Sold. Spiridon Matei - bl. 9 • Int Înotătorilor - bl. 10 • Str Tomis - bl. 11 • Bld Râmnicu Sărat - bl. 11A, 20M, 20K, 10bis, 20L, 11A1"
2026-08-01T20:41:46,3,5 Călăraşi,5,Oprire ACC,Execuție lucrări de modernizare - firma ELSACO pe Magistrala II Sud,2026-08-02T23:00,"• Str Matei Basarab - 64 • Cal Călăraşi - 59, 60, 61, 58"
2026-08-01T20:41:46,3,4 Mărăşeşti,11,Oprire ACC,Execuție lucrări de modernizare - firma ELSACO pe Magistrala II Sud,2026-08-02T23:00,"• Ale Dimitrie Anghel - bl. M59 • Str Panait Cerna - bl. M43, M57, M56, M58, M28 • Str Nerva Traian - Grădinița nr. 81 • Bld Octavian Goga - bl. M60I, M24, M26, M25, M23"
2026-08-01T20:41:46,3,Biblioteca Nationala,1,Oprire ACC,Execuție lucrări de modernizare - firma ELSACO pe Magistrala II Sud,2026-08-02T23:00,• Bld Unirii - 22
2026-08-01T20:41:46,3,19 Foișor,10,Oprire ACC,Execuție lucrări de modernizare - firma ELSACO pe Magistrala II Sud,2026-08-02T23:00,"• Str Brânduşelor - bl. G4, G4A, H1, H16 • Str Banu Udrea - bl. G5, G6, H5, J2, J1, H6"
2026-08-01T20:41:46,3,7 Călăraşi,9,Oprire ACC,Execuție lucrări de modernizare - firma ELSACO pe Magistrala II Sud,2026-08-02T23:00,"• Bld Corneliu Coposu - 105A, 103, 104, 101, 106A, 105A • Str Sfânta Vineri - 105B, 105C, 102"
2026-08-01T20:41:46,3,S6,10,Oprire ACC,Execuție lucrări de modernizare - firma ELSACO pe Magistrala II Sud,2026-08-02T23:00,"• Bld Decebal - bl. S11, S9, S10, S7, S4, H3, S6, S5, S7, S8"
2026-08-01T20:41:46,3,E6,4,Oprire ACC,Execuție lucrări de modernizare - firma ELSACO pe Magistrala II Sud,2026-08-02T23:00,"• Bld Unirii - bl. E4, E4A • Str Traian - bl. E5, E6"
2026-08-01T20:41:46,3,Tribunalul Bucuresti,1,Oprire ACC,Execuție lucrări de modernizare - firma ELSACO pe Magistrala II Sud,2026-08-02T23:00,• Bld Unirii - 37
2026-08-01T20:41:46,3,14 Foișor,11,Oprire ACC,Execuție lucrări de modernizare - firma ELSACO pe Magistrala II Sud,2026-08-02T23:00,"• Cal Vitan - bl. V50B, V50A, V51 • Str Alexandru Moruzzi Voievod - bl. V54B, V54A, V56, V57, V54, V55, V57B"
2026-08-01T20:41:46,3,4 Dudești,2,Oprire ACC,Execuție lucrări de modernizare - firma ELSACO pe Magistrala II Sud,2026-08-02T23:00,"• Str Brăiliţa - bl. D9B, D9A"
2026-08-01T20:41:46,3,Clinica Sfanta Lucia,1,Oprire ACC,Reabilitare conducte DN 1000 - magistrala III SUD,2026-08-01T23:00,• Spl Unirii - 313A
2026-08-01T20:41:46,3,S.M.,1,Oprire ACC,Reabilitare conducte DN 1000 - magistrala III SUD,2026-08-01T23:00,• Spl Unirii - 455B
2026-08-01T20:41:46,3,O.P.,1,Oprire ACC,Reabilitare conducte DN 1000 - magistrala III SUD,2026-08-01T23:00,• Spl Unirii - 443
2026-08-01T20:41:46,3,C.C.,1,Oprire ACC,Reabilitare conducte DN 1000 - magistrala III SUD,2026-08-01T23:00,• Spl Unirii - 453
2026-08-01T20:41:46,3,P. M.,1,Oprire ACC,Reabilitare conducte DN 1000 - magistrala III SUD,2026-08-01T23:00,• Spl Unirii - 443
2026-08-01T20:41:46,3,C.A.,1,Oprire ACC,Reabilitare conducte DN 1000 - magistrala III SUD,2026-08-01T23:00,• Spl Unirii -
2026-08-01T20:41:46,3,H.B-E.,1,Oprire ACC,Reabilitare conducte DN 1000 - magistrala III SUD,2026-08-01T23:00,• Spl Unirii -
2026-08-01T20:41:46,4,Metalurgiei,5,Deficienta ACC,Functionare deficitara a apei calde de consum din cauza manevrelor de echilibrare hidraulica a retelei termice,2026-08-01T23:00,"• Bld Alexandru Obregia - bl. OD1, 2B, 2A, M1, OD2"
2026-08-01T20:41:46,4,2 Nitu Vasile,17,Deficienta ACC,Functionare deficitara a apei calde de consum din cauza manevrelor de echilibrare hidraulica a retelei termice,2026-08-01T23:00,"• Str Sg. Niţu Vasile - bl. 10, 11V, 25, 26 • Str Rezonanţei - bl. 7, 8, 12V, 13V, 14V, N26 • Bld Constantin Brâncoveanu - bl. 27, 28 • Ale Cricovul Sărat - bl. 11, 12, 13, 14, N27"
2026-08-01T20:41:46,4,2 Serban Voda,5,Deficienta ACC,Functionare deficitara a apei calde de consum din cauza manevrelor de echilibrare hidraulica a retelei termice,2026-08-01T23:00,"• Str Mitropolitul Dosoftei - Imobil nr.6 • Cal Şerban Vodă - bl. 13, 14, 15, Imobil nr.168"
2026-08-01T20:41:46,4,4 Oltenita Placare,7,Deficienta ACC,Functionare deficitara a apei calde de consum din cauza manevrelor de echilibrare hidraulica a retelei termice,2026-08-01T23:00,"• Str Alunişului - bl. 12C • Str Împăratul Traian - bl. B1A, B12 • Bld Constantin Brâncoveanu - bl. 12A, 12B, B1, B2"
2026-08-01T20:41:46,4,2 Stoian Militaru,15,Deficienta ACC,Functionare deficitara a apei calde de consum din cauza manevrelor de echilibrare hidraulica a retelei termice,2026-08-01T23:00,"• Str Stoian Militaru - bl. 17, 18 • Str Padeşu - bl. 4, 5, 9, 10, 14, 15 • Str Pictor Ştefan Dimitrescu - bl. 3, 7, 8, 11, 12, 13 • Str Laloşu - bl. 6"
2026-08-01T20:41:46,4,1 Serban Voda,4,Deficienta ACC,Functionare deficitara a apei calde de consum din cauza manevrelor de echilibrare hidraulica a retelei termice,2026-08-01T23:00,"• Str Simion - Imobil nr. 42 • Str G-ral Candiano Popescu - bl. 2 • Cal Şerban Vodă - bl. 1, 2, 2B"
2026-08-01T20:41:46,4,2 A Metalurgiei,1,Deficienta ACC,Functionare deficitara a apei calde de consum din cauza manevrelor de echilibrare hidraulica a retelei termice,2026-08-01T23:00,• Bld Alexandru Obregia - 2A
2026-08-01T20:41:46,4,6 Brancoveanu,14,Deficienta ACC,Functionare deficitara a apei calde de consum din cauza manevrelor de echilibrare hidraulica a retelei termice,2026-08-01T23:00,"• Str Secuilor - bl. B17A • Str Păduroiu - bl. B22A, B23, B24, B25 • Str Pomârla - bl. B20, B21, B22 • Bld Constantin Brâncoveanu - bl. B14, B15, B16, B17 • Str Băltiţa - bl. B18 ,B19"
2026-08-01T20:41:46,4,Modul Termic - Grădinița nr.243,1,Oprire ACC,"Lucrari POIM - Reabilitarea sistemului de termoficare al Municipului Bucuresti - LOT 4 ,Obiectivele 17,18,19,20.",2026-08-02T23:00,• Str Almaşu Mare -
2026-08-01T20:41:46,4,12 Giurgiu,2,Oprire ACC,"Lucrari POIM - Reabilitarea sistemului de termoficare al Municipului Bucuresti - LOT 4 ,Obiectivele 17,18,19,20.",2026-08-02T23:00,"• Şos Giurgiului - bl. 12, 13"
2026-08-01T20:41:46,4,Curcani,32,Oprire ACC,"Lucrari POIM - Reabilitarea sistemului de termoficare al Municipului Bucuresti - LOT 4 ,Obiectivele 17,18,19,20.",2026-08-02T23:00,"• Str Semenic - bl. 20 • Str Huedin - bl. 1, 2, 3, 6, 7, 11, III/21A • Str Izvorul Oltului - bl. 4, 21, 22, III/25 • Str Lamoteşti - bl. 4, 5, 10, 11A, 11B, 12, 13, 14, 15, 62, III/21B • Bld Constantin Brâncoveanu - bl. 8, 9, 18, 19 • Ale Crevedia - bl. 16, 17 • Str Cetatea Veche - bl. III/4, III/5A, III/5B"
2026-08-01T20:41:46,4,Modul Termic - Spitalul Alexandru Obregia ( Creșa 25 ) / Stationar de zi,1,Oprire ACC,"Lucrari POIM - Reabilitarea sistemului de termoficare al Municipului Bucuresti - LOT 4 ,Obiectivele 17,18,19,20.",2026-08-02T23:00,• Str Argeşelu - Spitalul Alexandru Obregia ( Creșa 25 ) / Stationar de zi
2026-08-01T20:41:46,4,Tudor Gociu,17,Oprire ACC,"Lucrari POIM - Reabilitarea sistemului de termoficare al Municipului Bucuresti - LOT 4 ,Obiectivele 17,18,19,20.",2026-08-02T23:00,"• Str Orăştie - bl. 2A, L4, M2 • Str Anghel Moldoveanu - bl. A1 • Str Perşani - bl. L2 • Str Ilie Oprea - bl. L1, L3 • Str Tudor Gociu - bl. 1, B, C, C1, C2, C3, C4, L2, L4, AGIP"
2026-08-01T20:41:46,4,Urziceni,37,Oprire ACC,"Lucrari POIM - Reabilitarea sistemului de termoficare al Municipului Bucuresti - LOT 4 ,Obiectivele 17,18,19,20.",2026-08-02T23:00,"• Ale Slătioara - bl. 4, 12, 13, 15, 16, C1, C2, C3, C8, C10, C11 • Str Luica - bl. 1, 2, 3, 4, 5, 6, 7, 106 • Str Răzăchiei - bl. 11 • Str Reşiţa - bl. 8, 9, 10, 42, 42A, 43, 44, 45, 46, 47 • Str Urziceni - bl. 14, 17. 41, C9 • Ale Călineşti - bl. C4, C5, C6, C7, C12"
2026-08-01T20:41:46,4,4 Vifornita,20,Oprire ACC,"Lucrari POIM - Reabilitarea sistemului de termoficare al Municipului Bucuresti - LOT 4 ,Obiectivele 17,18,19,20.",2026-08-02T23:00,"• Ale Straja - bl. 69 • Str Straja - bl. 62, 62Bis, 63 • Str Argeşelu - bl. A4, A7 • Drm Găzarului - bl. A1, A2, A3, 133, 136, 138 • Ale Reşiţa A - bl. A6 • Str Reşiţa - bl. A5 • Str Izvorul Rece - bl. A8 • Ale Dolina - bl. 64, 68, 70, 134, 137"
2026-08-01T20:41:46,4,2 Zona V,22,Oprire ACC,"Lucrari POIM - Reabilitarea sistemului de termoficare al Municipului Bucuresti - LOT 4 ,Obiectivele 17,18,19,20.",2026-08-02T23:00,"• Str Huedin - bl. A12 • Ale Ţebea - bl. 101, 102. 103, D10, D11A, D12, D13 • Str Izvorul Trotuşului - bl. D14, D15, D24 • Str Izvorul Rece - bl. S14 A+B • Str Izvorul Mureşului - bl. A11, D9, D22 • Str Izvorul Crişului - bl. A1, A2, A3, D1 • Bld Constantin Brâncoveanu - bl. M1/1, M2/3, M2/4"
2026-08-01T20:41:46,4,"U.M. 01295, U.M. 01376",2,Oprire ACC,"Lucrari POIM - Reabilitarea sistemului de termoficare al Municipului Bucuresti - LOT 4 ,Obiectivele 17,18,19,20.",2026-08-02T23:00,• Şos Vitan Bârzeşti -
2026-08-01T20:41:46,4,Livada Noua,17,Oprire ACC,"Lucrari POIM - Reabilitarea sistemului de termoficare al Municipului Bucuresti - LOT 4 ,Obiectivele 17,18,19,20.",2026-08-02T23:00,"• Str Alunişului - bl. 1 • Şos Giurgiului - bl. 4, 9, 9T, G, N, O • Str Ghimpaţi - bl. 3, 2, 1T, 2T, 3T, 8T • Int Târgu Frumos - bl. 5, 6, 7, 4T"
2026-08-01T20:41:46,4,Modul Termic - Trident,1,Oprire ACC,"Lucrari POIM - Reabilitarea sistemului de termoficare al Municipului Bucuresti - LOT 4 ,Obiectivele 17,18,19,20.",2026-08-02T23:00,• Str Moldoviţa -
2026-08-01T20:41:46,4,Huedin,17,Oprire ACC,"Lucrari POIM - Reabilitarea sistemului de termoficare al Municipului Bucuresti - LOT 4 ,Obiectivele 17,18,19,20.",2026-08-02T23:00,"• Str Straja - bl. 52 • Str Moldoveni - bl. B15, B21 • Str Grădiştea - bl. 48, B5 • Str Reşiţa - bl. 49, 50, 51, Biserica Sf. Daniel • Str Huedin - bl. A26, 34, M1/2 • Ale Huedin - bl. 2, 3, 4, 5 • Str Uioara - bl. 33"
2026-08-01T20:41:46,4,Observator Astronomic,1,Oprire ACC,"Lucrari POIM - Reabilitarea sistemului de termoficare al Municipului Bucuresti - LOT 4 ,Obiectivele 17,18,19,20.",2026-08-02T23:00,• Str Piscului -
2026-08-01T20:41:46,4,Palatul National al Copiilor,1,Oprire ACC,"Lucrari POIM - Reabilitarea sistemului de termoficare al Municipului Bucuresti - LOT 4 ,Obiectivele 17,18,19,20.",2026-08-02T23:00,• Bld Tineretului -
2026-08-01T20:41:46,4,Spinis,26,Oprire ACC,"Lucrari POIM - Reabilitarea sistemului de termoficare al Municipului Bucuresti - LOT 4 ,Obiectivele 17,18,19,20.",2026-08-02T23:00,"• Str Spiniş - bl. 19, 24, 43, 45, 48, 104, 105 • Str Râul Şoimului - bl. 25, 26, 27, 28, 46, 47, 49 • Şos Giurgiului - bl. 4A, 4B • Str Grădiştea - bl. 101 • Drm Găzarului - bl. 18, 21, 22, 50 • Str Tătuleşti - bl. 44, 98, 100A, 100B, 103"
2026-08-01T20:41:46,4,Scoala I Teodoreanu nr.36 - Sala Sport,1,Oprire ACC,"Lucrari POIM - Reabilitarea sistemului de termoficare al Municipului Bucuresti - LOT 4 ,Obiectivele 17,18,19,20.",2026-08-02T23:00,• Str Coştila -
2026-08-01T20:41:46,4,4 Lanariei,10,Oprire ACC,"Lucrari POIM - Reabilitarea sistemului de termoficare al Municipului Bucuresti - LOT 4 ,Obiectivele 17,18,19,20.",2026-08-02T23:00,"• Str Avalanşei - bl. 1, 2, 3 • Bld Gheorghe Şincai - bl. 2, 3, 3TR1, 4, 5, 5A • Str Cuza Vodă - bl. 1A"
2026-08-01T20:41:46,4,Inst. Nat. de Neurologie si Boli Neurovasculare,1,Oprire ACC,"Lucrari POIM - Reabilitarea sistemului de termoficare al Municipului Bucuresti - LOT 4 ,Obiectivele 17,18,19,20.",2026-08-02T23:00,• Şos Berceni -
2026-08-01T20:41:46,4,2 Tineretului,26,Oprire ACC,"Lucrari POIM - Reabilitarea sistemului de termoficare al Municipului Bucuresti - LOT 4 ,Obiectivele 17,18,19,20.",2026-08-02T23:00,"• Bld Tineretului - bl. 18, 19, 37, 38, 39 • Str Albinelor - bl. 32 • Str Piscului - bl. 40, 41, 42, 47 • Str V. V. Stanciu - bl. 31 • Str Trestiana - bl. 17, 20, 23 • Str Vişana - bl. 25, 26, 36, 43, 44, 45 • Str Constantin Rădulescu-Motru - bl. 22-24, 33, 34, 35, 36, 46"
2026-08-01T20:41:46,4,3 Tineretului,18,Oprire ACC,"Lucrari POIM - Reabilitarea sistemului de termoficare al Municipului Bucuresti - LOT 4 ,Obiectivele 17,18,19,20.",2026-08-02T23:00,"• Bld Tineretului - bl. 52 • Bld Pionierilor - bl. 51 • Str Piscului - bl. 49, 50, 77, 78, 79, 80, 81 • Str V. V. Stanciu - bl. 69A • Cal Văcăreşti - bl. 69B, 70B, 83, 84 • Str Cărămidarii de Jos - bl. 48, 75, 76"
2026-08-01T20:41:46,4,Plugarilor,12,Oprire ACC,"Lucrari POIM - Reabilitarea sistemului de termoficare al Municipului Bucuresti - LOT 4 ,Obiectivele 17,18,19,20.",2026-08-02T23:00,"• Bld Abatorului - bl. 95 • Str Plugarilor - bl. 91, 94 • Str V. V. Stanciu - bl. 88, 90 • Cal Văcăreşti - bl. 85A, 85B, 86, 87 • Ale Bran - bl. 89, 92, 93"
2026-08-01T20:41:46,4,1 Vacaresti,15,Oprire ACC,"Lucrari POIM - Reabilitarea sistemului de termoficare al Municipului Bucuresti - LOT 4 ,Obiectivele 17,18,19,20.",2026-08-02T23:00,"• Str Stamate Costache - 3C, 3E • Str Pridvorului - bl. 1A, 4, 5, 6 • Cal Văcăreşti - bl. 1B, 1C, 1D, 1E, 2A, 2B, 2C, 3A, 3B"
2026-08-01T20:41:46,4,Norilor,4,Oprire ACC,"Lucrari POIM - Reabilitarea sistemului de termoficare al Municipului Bucuresti - LOT 4 ,Obiectivele 17,18,19,20.",2026-08-02T23:00,"• Str Maria Tănase - bl. 28, 29 • Bld Gheorghe Şincai - bl. 30, 30A"
2026-08-01T20:41:46,4,B 3 Cauzasi,7,Oprire ACC,"Lucrari POIM - Reabilitarea sistemului de termoficare al Municipului Bucuresti - LOT 4 ,Obiectivele 17,18,19,20.",2026-08-02T23:00,"• Pţa Unirii - bl. B3, B4, B5 ,B6, B7 • Str Radu Vodă - bl. B8 • Bld Dimitrie Cantemir - bl. B2"
2026-08-01T20:41:46,4,6 Vifornita,17,Oprire ACC,"Lucrari POIM - Reabilitarea sistemului de termoficare al Municipului Bucuresti - LOT 4 ,Obiectivele 17,18,19,20.",2026-08-02T23:00,"• Şos Giurgiului - bl. 1, 2A, 2B, • Str Grădiştea - bl. 86, 87 • Str Tătuleşti - bl. 18, 20, 82, 83, 84, 85 • Ale Călineşti - bl. 11, 12, 13, 14, 15, 81"
2026-08-01T20:41:46,4,1 Tineretului,33,Oprire ACC,"Lucrari POIM - Reabilitarea sistemului de termoficare al Municipului Bucuresti - LOT 4 ,Obiectivele 17,18,19,20.",2026-08-02T23:00,"• Ale Tohani - bl. 30, 31; Gradinita nr.224 • Bld Tineretului - bl. A2, A3, A4, A5, A6, Z2, Z3, Z4, Z5, Z6, Z7, 5A • Str Mocăncuţei - Imob.vila • Str Poenari - bl. 12, 13 • Str Trestiana - bl. 8A, 8B, 9, 10, 11, 14, 15, 16, 32 • Str Tohani - bl. 29, 33 • Str Constantin Rădulescu-Motru - bl. 21, 27A, 28, 34 • Str Cuza Vodă - bl. 27B"
2026-08-01T20:41:46,4,4 Tineretului,23,Oprire ACC,"Lucrari POIM - Reabilitarea sistemului de termoficare al Municipului Bucuresti - LOT 4 ,Obiectivele 17,18,19,20.",2026-08-02T23:00,"• Bld Tineretului - bl. 53, 54, 57, 58, 64, 65, 66 • Str Baladei - bl. 55, 56, 59, 60, 61, 61A, 73 • Cal Văcăreşti - bl. 62, 63, 67, 68, 71, 72A, 72B • Str Cărămidarii de Jos - bl. 74A, 74B"
2026-08-01T20:41:46,4,11 Giurgiu,3,Oprire ACC,"Lucrari POIM - Reabilitarea sistemului de termoficare al Municipului Bucuresti - LOT 4 ,Obiectivele 17,18,19,20.",2026-08-02T23:00,"• Şos Giurgiului - bl. 5, 11 • Str Petre Ţuţea - Scoala nr.109"
2026-08-01T20:41:46,4,Luica,29,Oprire ACC,"Lucrari POIM - Reabilitarea sistemului de termoficare al Municipului Bucuresti - LOT 4 ,Obiectivele 17,18,19,20.",2026-08-02T23:00,"• Str Luica - bl. M1, M2, M3, M4, M4Bis, M5, M6, IV/1A • Str Reşiţa - bl. M1, P4 • Str Uioara - bl. IV/1B, IV/1C, IV/1 sc.A; M2 • Str Ucea - bl. P3, P4, P7, P8, P9, P10, P11, P12, IV/2 • Str Coştila - bl. P1, P2, P5, P6, P9"
2026-08-01T20:41:46,4,2 Giurgiu,7,Oprire ACC,"Lucrari POIM - Reabilitarea sistemului de termoficare al Municipului Bucuresti - LOT 4 ,Obiectivele 17,18,19,20.",2026-08-02T23:00,"• Str Tufişului - Scoala nr.188 • Şos Giurgiului - bl. B, C, E, F, K • Str Şoimuş - bl. L"
2026-08-01T20:41:46,4,2 Vacaresti,21,Oprire ACC,"Lucrari POIM - Reabilitarea sistemului de termoficare al Municipului Bucuresti - LOT 4 ,Obiectivele 17,18,19,20.",2026-08-02T23:00,"• Str Stamate Costache - bl. 8A, 8C • Str Pridvorului - bl. 11, 12, 13, 14, 18, 19, 20 • Cal Văcăreşti - bl. 8D, 8E, 9A, 9B, 9C, 10A, 10B, 10C, 10D, 15, 16, 17"
2026-08-01T20:41:46,4,1 Stoian Militaru,6,Oprire ACC,"Lucrari POIM - Reabilitarea sistemului de termoficare al Municipului Bucuresti - LOT 4 ,Obiectivele 17,18,19,20.",2026-08-02T23:00,"• Str Padeşu - bl. 1 • Str Pictor Ştefan Dimitrescu - bl. 2, 19 • Str Şura Mare - bl. 1A, 1B • Str Cornetului - bl. 20"
2026-08-01T20:41:46,4,2 Lanariei,15,Oprire ACC,"Lucrari POIM - Reabilitarea sistemului de termoficare al Municipului Bucuresti - LOT 4 ,Obiectivele 17,18,19,20.",2026-08-02T23:00,"• Str Maria Tănase - bl. 13 • Bld Gheorghe Şincai - bl. 11, 12 • Str Viorele - bl. 15, 17, 18, 20A, 20B, 22, 37, Scoala nr. 97 • Cal Văcăreşti - bl. 23, 24 • Ale Borcea - bl. 14, 16"
2026-08-01T20:41:46,4,3 Oltenita Placare,22,Oprire ACC,"Lucrari POIM - Reabilitarea sistemului de termoficare al Municipului Bucuresti - LOT 4 ,Obiectivele 17,18,19,20.",2026-08-02T23:00,"• Şos Olteniţei - bl. 2A, 2B, 2C, 2D, 3C, 3D, 3E, 4A, 4B, 4C, 4D, 5A, 5B, 5C, 5D, 5E • Str Gheorghe Adamescu - bl. 4E • Str Pometului - Imobil nr.41 • Str Laloşu - bl. 3A, 3B, 2E"
2026-08-01T20:41:46,4,Dealul Cernei,13,Oprire ACC,"Lucrari POIM - Reabilitarea sistemului de termoficare al Municipului Bucuresti - LOT 4 ,Obiectivele 17,18,19,20.",2026-08-02T23:00,"• Str Uioara - bl. 12Bis, 35, 36, 46 • Ale Cetatea Veche - bl. 2Bis, 3Bis, 5, 37, 38, 39, 40, 41, 47"
2026-08-01T20:41:46,4,Sincai,8,Oprire ACC,"Lucrari POIM - Reabilitarea sistemului de termoficare al Municipului Bucuresti - LOT 4 ,Obiectivele 17,18,19,20.",2026-08-02T23:00,"• Str Mocăncuţei - Imobil nr.12 • Bld Gheorghe Şincai - bl. 2, 4 • Str Tineretului - bl 5,Z1 • Str Trestiana - bl. 3 • Str Constantin Rădulescu-Motru - bl. 1, 35 • Str Cuza Vodă - bl. 37A"
2026-08-01T20:41:46,4,3 Zona V,16,Oprire ACC,"Lucrari POIM - Reabilitarea sistemului de termoficare al Municipului Bucuresti - LOT 4 ,Obiectivele 17,18,19,20.",2026-08-02T23:00,"• Str Reşiţa - bl. D17 • Str Huedin - bl. A13, D18, D19, D20 • Str Izvorul Mureşului - bl. 10, A4 • Str Izvorul Crişului - bl. A5, A6, A7, A8, A14, A15, A16, D16, D21"
2026-08-01T20:41:46,4,Uioara,31,Oprire ACC,"Lucrari POIM - Reabilitarea sistemului de termoficare al Municipului Bucuresti - LOT 4 ,Obiectivele 17,18,19,20.",2026-08-02T23:00,"• Str Semenic - bl. 23, 24 • Str Luica - bl. 59, 60, 61, III/6, III/7 • Ale Gorneşti - bl. 55, 56 • Ale Uioara - bl. 4Bis, 42, 43, 44, 45, 48, 49, 50, 51, 52, 53, 54, 58 • Ale Izvorul Oltului - bl. 25, 26, 27, 28, 29, 33, 62Bis • Bld Constantin Brâncoveanu - bl. 30, 34-35"
2026-08-01T20:41:46,4,Almașul Mare,19,Oprire ACC,"Lucrari POIM - Reabilitarea sistemului de termoficare al Municipului Bucuresti - LOT 4 ,Obiectivele 17,18,19,20.",2026-08-02T23:00,"• Str Moldoveni - bl. B19, B20 • Str Almaşu Mic - bl. B6, B7, B8, B10, B11, B12, B17, B18, Gradinita nr.62 • Str Almaşu Mare - bl. B2, B9, B16 • Str Grădiştea - bl. B1, B3, B4, B13, B14"
2026-08-01T20:41:46,4,2 Vifornita,26,Oprire ACC,"Lucrari POIM - Reabilitarea sistemului de termoficare al Municipului Bucuresti - LOT 4 ,Obiectivele 17,18,19,20.",2026-08-02T23:00,"• Str Straja - bl. 30, 31, 32, 40, 65, 66 • Str Spiniş - bl. 52, 53, 54 • Str Moldoveni - bl. 55, 59, 60, 61 • Str Almaşu Mare - bl. 51, 56, 57, 58 • Str Argeşelu - bl. 33, 34, 35, 37, 39, 67 • Drm Găzarului - bl. 29 • Str Reşiţa - bl. 36, 38"
2026-08-01T20:41:46,4,1 Zona IV,14,Oprire ACC,"Lucrari POIM - Reabilitarea sistemului de termoficare al Municipului Bucuresti - LOT 4 ,Obiectivele 17,18,19,20.",2026-08-02T23:00,"• Str Grădiştea - bl. A9, A10 • Ale Reşiţa D - A1, A3, A4, A5, A7, A8 • Str Reşiţa - bl. A2, A6 • Str Uioara - bl. A11, A12, A13, A14"
2026-08-01T20:41:46,4,Sala Polivalenta,1,Oprire ACC,"Lucrari POIM - Reabilitarea sistemului de termoficare al Municipului Bucuresti - LOT 4 ,Obiectivele 17,18,19,20.",2026-08-02T23:00,• Cal Piscului -
2026-08-01T20:41:46,4,1 Zona V,12,Oprire ACC,"Lucrari POIM - Reabilitarea sistemului de termoficare al Municipului Bucuresti - LOT 4 ,Obiectivele 17,18,19,20.",2026-08-02T23:00,"• Str Reşiţa - bl. A18, A19 • Str Izvorul Rece - bl. A10 • Str Izvorul Mureşului - bl. A9 ,D5, D6, D7, D23 • Str Izvorul Crişului - bl. D3, D4 • Str Trotuşului - bl. A17, D8"
2026-08-01T20:41:46,5,Giurgiu Farado,15,Oprire ACC,Reabilitarea sistemului de termoficare al Municipiului Bucuresti - Lucrari POIM -Lot 4- Obiectivele 18 - 19,2026-08-02T23:00,"• Ale Podul Giurgiului - 2, 3, 4, 5, 6, 7, 8, 9, 11, 12,13 • Str Vigoniei - 1, 8, 15 • Şos Giurgiului - 16"
2026-08-01T20:41:46,5,9 Farado,5,Oprire ACC,Reabilitarea sistemului de termoficare al Municipiului Bucuresti - Lucrari POIM -Lot 4- Obiectivele 18 - 19,2026-08-02T23:00,"• Str Podul Giurgiului - 9,14 • Str Vigoniei - 10, 10Turn, 14Turn"
2026-08-01T20:41:46,5,1 Giurgiu,9,Oprire ACC,Reabilitarea sistemului de termoficare al Municipiului Bucuresti - Lucrari POIM -Lot 4- Obiectivele 18 - 19,2026-08-02T23:00,"• Str Verigei - bl. 1, 2, Z 3, Z5 • Şos Giurgiului - bl. A, H1, H2 • Str Ştefan Vodă - imobil Decu Aurel • Str Măgurei - bl. D1"
2026-08-01T20:41:46,5,6 Farado,6,Oprire ACC,Reabilitarea sistemului de termoficare al Municipiului Bucuresti - Lucrari POIM -Lot 4- Obiectivele 18 - 19,2026-08-02T23:00,"• Str Podul Giurgiului - bl. 17, 18, Liceul Energetic • Str Toporaşi - bl. 15 • Şos Giurgiului - bl. 5, 6, 7"
2026-08-01T20:41:46,5,Modul Toporaşi,1,Oprire ACC,Revizie tehnică - CTE Progresu,2026-08-10T23:00,• Str Toporaşi - 1
2026-08-01T22:51:32,2,Barbu Vacarescu,6,Deficienta ACC,Funcționare deficitară a apei calde de consum din cauza manevrelor de echilibrare hidraulică a rețelei termice,2026-08-02T23:30,"• Str Dinu Vintilă - bl.3, 4, 5 • Str Barbu Văcărescu - bl.1,2; 7"
2026-08-01T22:51:32,2,Galvani Tei,9,Deficienta ACC,Funcționare deficitară a apei calde de consum din cauza manevrelor de echilibrare hidraulică a rețelei termice,2026-08-02T23:30,"• Str Johannes K. Kepler - bl.K/4/1; 2 • Bld Lacul Tei - bl.7, 8, 5, 6 • Str Păstorului - bl.4, 3, 4Bis"
2026-08-01T22:51:32,2,201 Mihai Bravu,5,Oprire ACC,Execuție lucrări de modernizare - firma SICOR pe Magistrala II Sud,2026-08-02T23:00,"• Şos Mihai Bravu - bl. 205, 203, 204, 200, • Cal Călăraşilor - bl. 201, 202"
2026-08-01T22:51:32,3,IN CITY,1,Oprire ACC,Execuție lucrări de modernizare - firma ELSACO pe Magistrala II Sud,2026-08-02T23:00,• Cal Dudeşti -
2026-08-01T22:51:32,3,16 Foișor,1,Oprire ACC,Execuție lucrări de modernizare - firma ELSACO pe Magistrala II Sud,2026-08-02T23:00,• Cal Vitan - bl. V6
2026-08-01T22:51:32,3,16 Răcari,17,Oprire ACC,Execuție lucrări de modernizare - firma ELSACO pe Magistrala II Sud,2026-08-02T23:00,"• Str Mureşana - bl. 52, 51 A+B • Str Lugojana - bl. 50+50A, 47 • Str Crivăţului - bl. 43A, 51, 44B • Str Răcari - bl. 42 • Ale Slt. Adrian Cârstea - bl. 43, 44, 41, 48, 45, 46, 44A"
2026-08-01T22:51:32,3,3 Labirint,7,Oprire ACC,Execuție lucrări de modernizare - firma ELSACO pe Magistrala II Sud,2026-08-02T23:00,"• Str Matei Basarab - bl. 119bis, L121, L118A, L116A • Str Labirint - bl. L117, L119, L117bis"
2026-08-01T22:51:32,3,21 Foișor,17,Oprire ACC,Execuție lucrări de modernizare - firma ELSACO pe Magistrala II Sud,2026-08-02T23:00,"• Str Vlaicu Vodă - bl. C8, C9 • Str Vlad Dracul - bl. B12, B13 • Str Vasile Cârlova - bl. A7, A7bis • Str Emil Gârleanu - bl. A6, A4 • Str Lt. col. Dumitru Papazoglu - bl. B10, C6 • Str Anastasie Panu - bl. A12, A5, A16, B7 • Str Alexandru Moruzzi Voievod - bl. A11, A13, B6"
2026-08-01T22:51:32,3,15 Foișor,4,Oprire ACC,Execuție lucrări de modernizare - firma ELSACO pe Magistrala II Sud,2026-08-02T23:00,"• Str Zizin - bl. G1 • Str Brânduşelor - bl. G3 • Str Banu Udrea - bl. G7, G8"
2026-08-01T22:51:32,3,12 Foișor,14,Oprire ACC,Execuție lucrări de modernizare - firma ELSACO pe Magistrala II Sud,2026-08-02T23:00,"• Str Vlad Dracul - bl. C12, C14, C13 • Str Foişorului - bl. F13C, F14C, F11C, F12C • Str Anastasie Panu - bl. C15, D3, D1, D2, D6, D4, D5"
2026-08-01T22:51:32,3,I3,6,Oprire ACC,Execuție lucrări de modernizare - firma ELSACO pe Magistrala II Sud,2026-08-02T23:00,"• Str Miletin - Imobil • Pţa Alba Iulia - bl. I1, I2, I3, I4, I5"
2026-08-01T22:51:32,3,2 Unităţii,16,Oprire ACC,Execuție lucrări de modernizare - firma ELSACO pe Magistrala II Sud,2026-08-02T23:00,"• Str Vulcan Judeţul - bl. B1B, B1C, B3A • Str Traian Popovici - bl. B3D, B4, B4D, B4F, B4A • Şos Mihai Bravu - bl. B2A, B2B, B2C, B1, B1A, B1D, B3B, B3C • Str Caloian Judeţul - bl. B4C, Scoala Generala nr. 80"
2026-08-01T22:51:32,3,2 Mărășești,16,Oprire ACC,Execuție lucrări de modernizare - firma ELSACO pe Magistrala II Sud,2026-08-02T23:00,"• Str Vlad Dracul - bl. B1, B2 • Str Nerva Traian - bl. M70, M71, M66, M69, M68, M65 • Str Emil Gârleanu - bl. A8, A9 • Str Logofătul Tăutu - bl. C3, C4, C5 • Str Lt. col. Dumitru Papazoglu - bl. B5 • Str Alexandru Moruzzi Voievod - bl. B1, A10"
2026-08-01T22:51:32,3,J2 Unirii,7,Oprire ACC,Execuție lucrări de modernizare - firma ELSACO pe Magistrala II Sud,2026-08-02T23:00,"• Bld Unirii - bl. J1, J3B, J4, J2, J3A • Pţa Alba Iulia - bl. I6, I7"
2026-08-01T22:51:32,3,M107,25,Oprire ACC,Execuție lucrări de modernizare - firma ELSACO pe Magistrala II Sud,2026-08-02T23:00,"• Str Nerva Traian - bl. K6 • Bld Octavian Goga - bl. M103, M106 • Str Emil Botta - bl. M109, M105, M104, M107, M108 • Bld Unirii - bl. K3, K4, K2, K5 • Str Lucian Blaga - bl. K1"
2026-08-01T22:51:32,3,F6,6,Oprire ACC,Execuție lucrări de modernizare - firma ELSACO pe Magistrala II Sud,2026-08-02T23:00,"• Str Maximilian Popper - bl. F6 • Bld Unirii - bl. F2, F3, F4 • Str Traian - bl. F1 • Str Ion Pillat - bl. F5"
2026-08-01T22:51:32,3,2 Cornul Caprei,3,Oprire ACC,Execuție lucrări de modernizare - firma ELSACO pe Magistrala II Sud,2026-08-02T23:00,"• Str Şcoala Ciocanu - Imobil • Bld Burebista - D13, D14"
2026-08-01T22:51:32,3,1 Labirint,5,Oprire ACC,Execuție lucrări de modernizare - firma ELSACO pe Magistrala II Sud,2026-08-02T23:00,"• Str Matei Basarab - bl. L111A, L109, L108, L109bis, L110"
2026-08-01T22:51:32,3,Mihai Bravu Vest,18,Oprire ACC,Execuție lucrări de modernizare - firma ELSACO pe Magistrala II Sud,2026-08-02T23:00,"• Şos Mihai Bravu - bl. 2, 3, 4, 5, 6, 7, 103, 104, 105 • Bld Decebal - bl. S1, S2, S2A+S2B, S3 • Ale Apostol Mărgărit - bl. 106, 107, 108, D.G.A.S.P.C, Centrul de zi Titan-Cercelus9 cresa nr.35 • Str Cerceluş - bl. 10-11"
2026-08-01T22:51:32,3,11 Foișor,14,Oprire ACC,Execuție lucrări de modernizare - firma ELSACO pe Magistrala II Sud,2026-08-02T23:00,"• Str Zizin - bl. V75C • Str Vlaicu Vodă - bl. V65, V66 • Str Brânduşelor - bl. V70, V75A, V77 • Str Foişorului - bl. F9C, F8C • Str Rarău - bl. V69, V68, V70, V71, F10C, V74"
2026-08-01T22:51:32,3,9 Vitan,11,Oprire ACC,Execuție lucrări de modernizare - firma ELSACO pe Magistrala II Sud,2026-08-02T23:00,"• Str Zizin - bl. 97, V101C, V101B • Str Vlaicu Vodă - bl. V34C, V100 • Cal Vitan - bl. V34A, V35 • Str Nucului - bl. V100, V101,V101A • Str Banu Udrea - bl. V104, V103, V101C, V99, V97, V102, V95"
2026-08-01T22:51:32,3,10 Laborator,26,Oprire ACC,Execuție lucrări de modernizare - firma ELSACO pe Magistrala II Sud,2026-08-02T23:00,"• Ale Şcolarilor - bl. S24, S25, S13, S14, S3A, S4, S23 • Şos Mihai Bravu - bl. S3, SB, SA, SB1, R3 • Str Laborator - bl. S11, S5, S12, S8, S9, S10, S6, S7, S1, S2A, S2 • Bld Camil Ressu - bl. 5, R1, R2"
2026-08-01T22:51:32,3,S14,11,Oprire ACC,Execuție lucrări de modernizare - firma ELSACO pe Magistrala II Sud,2026-08-02T23:00,"• Str Theodor D. Speranţia - bl. S24, S25, S26, S27,S28 • Bld Decebal - bl. S12, S12A, S12B, S13, S14, S15"
2026-08-01T22:51:32,3,1 Vitan,22,Oprire ACC,Execuție lucrări de modernizare - firma ELSACO pe Magistrala II Sud,2026-08-02T23:00,"• Cal Vitan - bl. 2, 3, 9, 10, 7C, 2A, 1, 1A, 1B • Str Lugojana - bl. 12, 11 • Str Dristorului - bl. 6 • Ale Râmnicu Sărat - bl. 2B, 7B,7A,15 • Str Râmnicu Vâlcea - bl. 15, 15B, 15A • Str Baia Mare - bl. 4, 8, 7A1,12A 5, 7, 12B"
2026-08-01T22:51:32,3,E1,6,Oprire ACC,Execuție lucrări de modernizare - firma ELSACO pe Magistrala II Sud,2026-08-02T23:00,"• Str Vintilă Vodă - bl. E1 • Bld Unirii - bl. E2, E3,E3A, E3-3, E3A2"
2026-08-01T22:51:32,3,2 Călăraşi,18,Oprire ACC,Execuție lucrări de modernizare - firma ELSACO pe Magistrala II Sud,2026-08-02T23:00,"• Str Matei Basarab - 72, 86, 73, 74, 85, L122, L120, L118 • Str Theodor D. Speranţia - 78, 83, 84 • Str Agricultori - 80, 81, 82,79, • Cal Călăraşi - 75,76,77"
2026-08-01T22:51:32,3,3 Mărăşeşti,10,Oprire ACC,Execuție lucrări de modernizare - firma ELSACO pe Magistrala II Sud,2026-08-02T23:00,"• Str Ştefan Octavian Iosif - bl. M51, M54 • Str Panait Cerna - bl. M53, M52 • Str Nerva Traian - bl. M37, M36, M39, M55, M38 • Bld Octavian Goga - bl. M42, M61 • Str Alexandru Vlahuţă - bl. M49, M50"
2026-08-01T22:51:32,3,Ministerul de Finante,1,Oprire ACC,Execuție lucrări de modernizare - firma ELSACO pe Magistrala II Sud,2026-08-02T23:00,• Bld Mircea Vodă - 44
2026-08-01T22:51:32,3,5 Mărăşeşti,17,Oprire ACC,Execuție lucrări de modernizare - firma ELSACO pe Magistrala II Sud,2026-08-02T23:00,"• Bld Mircea Vodă - bl. M31, M29, M30 • Ale Dimitrie Anghel - bl. M45 • Str Panait Cerna - bl. M44 • Str Nerva Traian - bl. M34, M35 • Str Alexandru Vlahuţă - bl. M46, M47, M48"
2026-08-01T22:51:32,3,11 Laborator,10,Oprire ACC,Execuție lucrări de modernizare - firma ELSACO pe Magistrala II Sud,2026-08-02T23:00,"• Str Laborator - bl. S18, 39A, 40, 39, 38 • Str Râmnicu Vâlcea - bl. S19, S20, S16, S15, S17"
2026-08-01T22:51:32,3,17 Răcari,15,Oprire ACC,Execuție lucrări de modernizare - firma ELSACO pe Magistrala II Sud,2026-08-02T23:00,"• Ale Miraj - bl. 60, 61, 68 • Ale Florin Ciungan - bl. 64, 66, 65, 67, 69 • Ale Răcari - bl. 75, 74, 71, 71A, 70 • Ale Marius Emanoil Buteică - bl. 72, 63, 62"
2026-08-01T22:51:32,3,BL U114 (UM 02544/B1),1,Oprire ACC,Execuție lucrări de modernizare - firma ELSACO pe Magistrala II Sud,2026-08-02T23:00,• Bld Mircea Vodă - 3-5
2026-08-01T22:51:32,3,C3 Căuzaşi,11,Oprire ACC,Execuție lucrări de modernizare - firma ELSACO pe Magistrala II Sud,2026-08-02T23:00,"• Ale Negru Vodă - C3, C4, C3A • Str Mămulari - C1, C2 • Bld Unirii - A1, A2, A3, A4 • Str Sfânta Vineri - A6, A5"
2026-08-01T22:51:32,3,1 Laborator,31,Oprire ACC,Execuție lucrări de modernizare - firma ELSACO pe Magistrala II Sud,2026-08-02T23:00,"• Str Aniversării - bl. 39A • Şos Mihai Bravu - bl. V10, V18, V7, V11, V12, V9, V15, V16, V8, V13, V17 • Str Laborator - bl. V14 • Str Iancu Brezeanu - bl. V31B • Str Agatha Bârsescu - bl. V26C, V31A, V30B, V26A, V28, V30A, V26B, V29, V25, V27A, V27B • Str Alexander Von Humboldt - bl. V23A • Ale Blăjel - bl. V5, V6 • Str Breaza - bl. V24A, V23B"
2026-08-01T22:51:32,3,3 Unităţii,19,Oprire ACC,Execuție lucrări de modernizare - firma ELSACO pe Magistrala II Sud,2026-08-02T23:00,"• Str Traian Popovici - bl. B7, B11, B10 • Şos Mihai Bravu - bl. B13, B13A, B13D, B13B, B13C • Str Lt. Aurel Botea - bl. B5A, B5, B5D, B5B, B5C, B6, B6A, B6B, B8, B9"
2026-08-01T22:51:32,3,3 Călăraşi,13,Oprire ACC,Execuție lucrări de modernizare - firma ELSACO pe Magistrala II Sud,2026-08-02T23:00,"• Cal Călăraşi - . 44, 38, 39, 45, 46, 56, 57, 55, 53, 53BIS, 42, 54 • Str Orzari - 47"
2026-08-01T22:51:32,3,5 Cornul Caprei,10,Oprire ACC,Execuție lucrări de modernizare - firma ELSACO pe Magistrala II Sud,2026-08-02T23:00,"• Str Lt. Aurel Botea - D24, D22 • Bld Burebista - D15, D16 • Str Caloian Judeţul - D19A, D21A, D20, D19B, D18, D21B"
2026-08-01T22:51:32,3,Colegiul Tehnic Mihai Bravu,1,Oprire ACC,Execuție lucrări de modernizare - firma ELSACO pe Magistrala II Sud,2026-08-02T23:00,• Şos Mihai Bravu - 428
2026-08-01T22:51:32,3,G3,9,Oprire ACC,Execuție lucrări de modernizare - firma ELSACO pe Magistrala II Sud,2026-08-02T23:00,"• Bld Unirii - bl. G2, H1, G3, G2A, G2B, G2C • Str Ion Pillat - bl. G1, G1A • Bld Decebal - bl. H2"
2026-08-01T22:51:32,3,Dristor Insulă,18,Oprire ACC,Execuție lucrări de modernizare - firma ELSACO pe Magistrala II Sud,2026-08-02T23:00,"• Şos Mihai Bravu - 12, 12A, 15, 15A, 18, 18A, 14A+B • Str Dristorului - 15B, 10, 10A, 11, 12B, 16ABC, 17,13, 13C • Bld Camil Ressu - 13A"
2026-08-01T22:51:32,3,13 Foișor,11,Oprire ACC,Execuție lucrări de modernizare - firma ELSACO pe Magistrala II Sud,2026-08-02T23:00,"• Str Vlaicu Vodă - bl. V62, V63, V61 • Str Brânduşelor - bl.V64 • Str Foişorului - bl. F6C, F7C, F5C, F4C • Str Alexandru Moruzzi Voievod - bl. V60, V59, V58"
2026-08-01T22:51:32,3,3 Theodor Speranţia,5,Oprire ACC,Execuție lucrări de modernizare - firma ELSACO pe Magistrala II Sud,2026-08-02T23:00,"• Str Theodor D. Speranţia - bl. S22 • Bld Decebal - bl. S16 • Cal Călăraşi - bl. S18, S20, S21"
2026-08-01T22:51:32,3,2 Vitan,33,Oprire ACC,Execuție lucrări de modernizare - firma ELSACO pe Magistrala II Sud,2026-08-02T23:00,"• Cal Vitan - bl. 42, 30, 41, 31, 21, 20, 51, 52, 22 • Str Mureşana - bl. 43B, 44, 58, 58A, 59 • Str Jieneasca - bl. 46, 47, 34, 33 • Str Căluşari - bl. 43, 43A, 24, 25, 50, 43A • Str Alunului - bl. 57 • Şos Mihai Bravu - bl. 53, 54, 55 • Str Răcari - bl. 38, 39 • Str Alunelului - bl. 45, 40, 32"
2026-08-01T22:51:32,3,1 Călăraşi,8,Oprire ACC,Execuție lucrări de modernizare - firma ELSACO pe Magistrala II Sud,2026-08-02T23:00,"• Cal Călăraşi - Cal. Călăraşi bl. 50, 70, 68, 65, 49, 71, 67, 66,"
2026-08-01T22:51:32,3,4 Theodor Speranţia,32,Oprire ACC,Execuție lucrări de modernizare - firma ELSACO pe Magistrala II Sud,2026-08-02T23:00,"• Str Voroneţ - bl. A15+A15bis, A22, D8, D7, D6, D5A, D4, D5, D2, D3, D1 • Str Meşterul Manole - bl. D17, D10, D9, D11, D15 • Str Negoiu - bl. D18, D16, D14, D12 • Str Ion Păunescu-Paltin - bl. D13 • Str Dristorului - bl. A21, B14, A23, B13, A20, B7, B14, B20 • Int Arenei - bl. B2, B3"
2026-08-01T22:51:32,3,10 Vitan,17,Oprire ACC,Execuție lucrări de modernizare - firma ELSACO pe Magistrala II Sud,2026-08-02T23:00,"• Str Zizin - bl. V80B, V80A, V81C, V40 • Str Vlaicu Vodă - bl. V43, V39, V82, V38, V81, V79, V82B, V81A • Cal Vitan - bl. V40, V42, V17, V82A, V42C,V42A • Str Brânduşelor - bl. V78"
2026-08-01T22:51:32,3,6 Mărășești,19,Oprire ACC,Execuție lucrări de modernizare - firma ELSACO pe Magistrala II Sud,2026-08-02T23:00,"• Bld Mircea Vodă - bl. M11, M14, M20bis, M9,M8, M1, M21, M22, M6, M20 • Str Panait Cerna - bl. M5 • Spl Unirii - bl. M3, M4, M12, M19, M10, M15, M7, M18, M16, M13"
2026-08-01T22:51:32,3,4 Labirint,5,Oprire ACC,Execuție lucrări de modernizare - firma ELSACO pe Magistrala II Sud,2026-08-02T23:00,"• Str Matei Basarab - bl. L112, L112A, L113A, L113 • Str Traian - bl. L112B"
2026-08-01T22:51:32,3,7 Vitan,12,Oprire ACC,Execuție lucrări de modernizare - firma ELSACO pe Magistrala II Sud,2026-08-02T23:00,"• Str Vlad Judeţul - bl. V12, V13, V14A, V11 • Cal Vitan - bl. V14B, V16B, V16A, V15 • Str Agatha Bârsescu - bl. V19 • Str Brăiliţa - bl. V17, V10, V18"
2026-08-01T22:51:32,3,1 Mărăşeşti,20,Oprire ACC,Execuție lucrări de modernizare - firma ELSACO pe Magistrala II Sud,2026-08-02T23:00,"• Str Nerva Traian - bl M64 • Bld Octavian Goga - bl. V53C, M62, M63 • Str Emil Gârleanu - bl. V52C, V53D, A1, F • Str Foişorului - bl. F1C, F2C, F3C, D, E • Str Anastasie Panu - bl. A1, A2, A3"
2026-08-01T22:51:32,3,6 Vitan,8,Oprire ACC,Execuție lucrări de modernizare - firma ELSACO pe Magistrala II Sud,2026-08-02T23:00,"• Cal Vitan - bl. V21A, V21B, V2, V1 • Ale Blăjel - bl. V3, V4 • Str Breaza - bl. V22A, V22B"
2026-08-01T22:51:32,3,1 Anexa,28,Oprire ACC,Execuție lucrări de modernizare - firma ELSACO pe Magistrala II Sud,2026-08-02T23:00,• Int Ţiglina - Scoala Gimnaziala Cezar Bolliac • Str Diligenţei - • Str Mircea Bădescu - • Str Nicolae Tudor - • Str Levănţica - • Str Dristorului - • Str Cerceluş -
2026-08-01T22:51:32,3,18 KLM,9,Oprire ACC,Execuție lucrări de modernizare - firma ELSACO pe Magistrala II Sud,2026-08-02T23:00,"• Str Sold. Spiridon Matei - bl. 9 • Int Înotătorilor - bl. 10 • Str Tomis - bl. 11 • Bld Râmnicu Sărat - bl. 11A, 20M, 20K, 10bis, 20L, 11A1"
2026-08-01T22:51:32,3,5 Călăraşi,5,Oprire ACC,Execuție lucrări de modernizare - firma ELSACO pe Magistrala II Sud,2026-08-02T23:00,"• Str Matei Basarab - 64 • Cal Călăraşi - 59, 60, 61, 58"
2026-08-01T22:51:32,3,4 Mărăşeşti,11,Oprire ACC,Execuție lucrări de modernizare - firma ELSACO pe Magistrala II Sud,2026-08-02T23:00,"• Ale Dimitrie Anghel - bl. M59 • Str Panait Cerna - bl. M43, M57, M56, M58, M28 • Str Nerva Traian - Grădinița nr. 81 • Bld Octavian Goga - bl. M60I, M24, M26, M25, M23"
2026-08-01T22:51:32,3,Biblioteca Nationala,1,Oprire ACC,Execuție lucrări de modernizare - firma ELSACO pe Magistrala II Sud,2026-08-02T23:00,• Bld Unirii - 22
2026-08-01T22:51:32,3,19 Foișor,10,Oprire ACC,Execuție lucrări de modernizare - firma ELSACO pe Magistrala II Sud,2026-08-02T23:00,"• Str Brânduşelor - bl. G4, G4A, H1, H16 • Str Banu Udrea - bl. G5, G6, H5, J2, J1, H6"
2026-08-01T22:51:32,3,7 Călăraşi,9,Oprire ACC,Execuție lucrări de modernizare - firma ELSACO pe Magistrala II Sud,2026-08-02T23:00,"• Bld Corneliu Coposu - 105A, 103, 104, 101, 106A, 105A • Str Sfânta Vineri - 105B, 105C, 102"
2026-08-01T22:51:32,3,S6,10,Oprire ACC,Execuție lucrări de modernizare - firma ELSACO pe Magistrala II Sud,2026-08-02T23:00,"• Bld Decebal - bl. S11, S9, S10, S7, S4, H3, S6, S5, S7, S8"
2026-08-01T22:51:32,3,E6,4,Oprire ACC,Execuție lucrări de modernizare - firma ELSACO pe Magistrala II Sud,2026-08-02T23:00,"• Bld Unirii - bl. E4, E4A • Str Traian - bl. E5, E6"
2026-08-01T22:51:32,3,Tribunalul Bucuresti,1,Oprire ACC,Execuție lucrări de modernizare - firma ELSACO pe Magistrala II Sud,2026-08-02T23:00,• Bld Unirii - 37
2026-08-01T22:51:32,3,14 Foișor,11,Oprire ACC,Execuție lucrări de modernizare - firma ELSACO pe Magistrala II Sud,2026-08-02T23:00,"• Cal Vitan - bl. V50B, V50A, V51 • Str Alexandru Moruzzi Voievod - bl. V54B, V54A, V56, V57, V54, V55, V57B"
2026-08-01T22:51:32,3,4 Dudești,2,Oprire ACC,Execuție lucrări de modernizare - firma ELSACO pe Magistrala II Sud,2026-08-02T23:00,"• Str Brăiliţa - bl. D9B, D9A"
2026-08-01T22:51:32,3,Clinica Sfanta Lucia,1,Oprire ACC,Reabilitare conducte DN 1000 - magistrala III SUD,2026-08-01T23:00,• Spl Unirii - 313A
2026-08-01T22:51:32,3,S.M.,1,Oprire ACC,Reabilitare conducte DN 1000 - magistrala III SUD,2026-08-01T23:00,• Spl Unirii - 455B
2026-08-01T22:51:32,3,O.P.,1,Oprire ACC,Reabilitare conducte DN 1000 - magistrala III SUD,2026-08-01T23:00,• Spl Unirii - 443
2026-08-01T22:51:32,3,C.C.,1,Oprire ACC,Reabilitare conducte DN 1000 - magistrala III SUD,2026-08-01T23:00,• Spl Unirii - 453
2026-08-01T22:51:32,3,P. M.,1,Oprire ACC,Reabilitare conducte DN 1000 - magistrala III SUD,2026-08-01T23:00,• Spl Unirii - 443
2026-08-01T22:51:32,3,C.A.,1,Oprire ACC,Reabilitare conducte DN 1000 - magistrala III SUD,2026-08-01T23:00,• Spl Unirii -
2026-08-01T22:51:32,3,H.B-E.,1,Oprire ACC,Reabilitare conducte DN 1000 - magistrala III SUD,2026-08-01T23:00,• Spl Unirii -
2026-08-01T22:51:32,4,Metalurgiei,5,Deficienta ACC,Functionare deficitara a apei calde de consum din cauza manevrelor de echilibrare hidraulica a retelei termice,2026-08-01T23:00,"• Bld Alexandru Obregia - bl. OD1, 2B, 2A, M1, OD2"
2026-08-01T22:51:32,4,2 Nitu Vasile,17,Deficienta ACC,Functionare deficitara a apei calde de consum din cauza manevrelor de echilibrare hidraulica a retelei termice,2026-08-01T23:00,"• Str Sg. Niţu Vasile - bl. 10, 11V, 25, 26 • Str Rezonanţei - bl. 7, 8, 12V, 13V, 14V, N26 • Bld Constantin Brâncoveanu - bl. 27, 28 • Ale Cricovul Sărat - bl. 11, 12, 13, 14, N27"
2026-08-01T22:51:32,4,2 Serban Voda,5,Deficienta ACC,Functionare deficitara a apei calde de consum din cauza manevrelor de echilibrare hidraulica a retelei termice,2026-08-01T23:00,"• Str Mitropolitul Dosoftei - Imobil nr.6 • Cal Şerban Vodă - bl. 13, 14, 15, Imobil nr.168"
2026-08-01T22:51:32,4,4 Oltenita Placare,7,Deficienta ACC,Functionare deficitara a apei calde de consum din cauza manevrelor de echilibrare hidraulica a retelei termice,2026-08-01T23:00,"• Str Alunişului - bl. 12C • Str Împăratul Traian - bl. B1A, B12 • Bld Constantin Brâncoveanu - bl. 12A, 12B, B1, B2"
2026-08-01T22:51:32,4,2 Stoian Militaru,15,Deficienta ACC,Functionare deficitara a apei calde de consum din cauza manevrelor de echilibrare hidraulica a retelei termice,2026-08-01T23:00,"• Str Stoian Militaru - bl. 17, 18 • Str Padeşu - bl. 4, 5, 9, 10, 14, 15 • Str Pictor Ştefan Dimitrescu - bl. 3, 7, 8, 11, 12, 13 • Str Laloşu - bl. 6"
2026-08-01T22:51:32,4,1 Serban Voda,4,Deficienta ACC,Functionare deficitara a apei calde de consum din cauza manevrelor de echilibrare hidraulica a retelei termice,2026-08-01T23:00,"• Str Simion - Imobil nr. 42 • Str G-ral Candiano Popescu - bl. 2 • Cal Şerban Vodă - bl. 1, 2, 2B"
2026-08-01T22:51:32,4,2 A Metalurgiei,1,Deficienta ACC,Functionare deficitara a apei calde de consum din cauza manevrelor de echilibrare hidraulica a retelei termice,2026-08-01T23:00,• Bld Alexandru Obregia - 2A
2026-08-01T22:51:32,4,6 Brancoveanu,14,Deficienta ACC,Functionare deficitara a apei calde de consum din cauza manevrelor de echilibrare hidraulica a retelei termice,2026-08-01T23:00,"• Str Secuilor - bl. B17A • Str Păduroiu - bl. B22A, B23, B24, B25 • Str Pomârla - bl. B20, B21, B22 • Bld Constantin Brâncoveanu - bl. B14, B15, B16, B17 • Str Băltiţa - bl. B18 ,B19"
2026-08-01T22:51:32,4,Modul Termic - Grădinița nr.243,1,Oprire ACC,"Lucrari POIM - Reabilitarea sistemului de termoficare al Municipului Bucuresti - LOT 4 ,Obiectivele 17,18,19,20.",2026-08-02T23:00,• Str Almaşu Mare -
2026-08-01T22:51:32,4,12 Giurgiu,2,Oprire ACC,"Lucrari POIM - Reabilitarea sistemului de termoficare al Municipului Bucuresti - LOT 4 ,Obiectivele 17,18,19,20.",2026-08-02T23:00,"• Şos Giurgiului - bl. 12, 13"
2026-08-01T22:51:32,4,Curcani,32,Oprire ACC,"Lucrari POIM - Reabilitarea sistemului de termoficare al Municipului Bucuresti - LOT 4 ,Obiectivele 17,18,19,20.",2026-08-02T23:00,"• Str Semenic - bl. 20 • Str Huedin - bl. 1, 2, 3, 6, 7, 11, III/21A • Str Izvorul Oltului - bl. 4, 21, 22, III/25 • Str Lamoteşti - bl. 4, 5, 10, 11A, 11B, 12, 13, 14, 15, 62, III/21B • Bld Constantin Brâncoveanu - bl. 8, 9, 18, 19 • Ale Crevedia - bl. 16, 17 • Str Cetatea Veche - bl. III/4, III/5A, III/5B"
2026-08-01T22:51:32,4,Modul Termic - Spitalul Alexandru Obregia ( Creșa 25 ) / Stationar de zi,1,Oprire ACC,"Lucrari POIM - Reabilitarea sistemului de termoficare al Municipului Bucuresti - LOT 4 ,Obiectivele 17,18,19,20.",2026-08-02T23:00,• Str Argeşelu - Spitalul Alexandru Obregia ( Creșa 25 ) / Stationar de zi
2026-08-01T22:51:32,4,Tudor Gociu,17,Oprire ACC,"Lucrari POIM - Reabilitarea sistemului de termoficare al Municipului Bucuresti - LOT 4 ,Obiectivele 17,18,19,20.",2026-08-02T23:00,"• Str Orăştie - bl. 2A, L4, M2 • Str Anghel Moldoveanu - bl. A1 • Str Perşani - bl. L2 • Str Ilie Oprea - bl. L1, L3 • Str Tudor Gociu - bl. 1, B, C, C1, C2, C3, C4, L2, L4, AGIP"
2026-08-01T22:51:32,4,Urziceni,37,Oprire ACC,"Lucrari POIM - Reabilitarea sistemului de termoficare al Municipului Bucuresti - LOT 4 ,Obiectivele 17,18,19,20.",2026-08-02T23:00,"• Ale Slătioara - bl. 4, 12, 13, 15, 16, C1, C2, C3, C8, C10, C11 • Str Luica - bl. 1, 2, 3, 4, 5, 6, 7, 106 • Str Răzăchiei - bl. 11 • Str Reşiţa - bl. 8, 9, 10, 42, 42A, 43, 44, 45, 46, 47 • Str Urziceni - bl. 14, 17. 41, C9 • Ale Călineşti - bl. C4, C5, C6, C7, C12"
2026-08-01T22:51:32,4,4 Vifornita,20,Oprire ACC,"Lucrari POIM - Reabilitarea sistemului de termoficare al Municipului Bucuresti - LOT 4 ,Obiectivele 17,18,19,20.",2026-08-02T23:00,"• Ale Straja - bl. 69 • Str Straja - bl. 62, 62Bis, 63 • Str Argeşelu - bl. A4, A7 • Drm Găzarului - bl. A1, A2, A3, 133, 136, 138 • Ale Reşiţa A - bl. A6 • Str Reşiţa - bl. A5 • Str Izvorul Rece - bl. A8 • Ale Dolina - bl. 64, 68, 70, 134, 137"
2026-08-01T22:51:32,4,2 Zona V,22,Oprire ACC,"Lucrari POIM - Reabilitarea sistemului de termoficare al Municipului Bucuresti - LOT 4 ,Obiectivele 17,18,19,20.",2026-08-02T23:00,"• Str Huedin - bl. A12 • Ale Ţebea - bl. 101, 102. 103, D10, D11A, D12, D13 • Str Izvorul Trotuşului - bl. D14, D15, D24 • Str Izvorul Rece - bl. S14 A+B • Str Izvorul Mureşului - bl. A11, D9, D22 • Str Izvorul Crişului - bl. A1, A2, A3, D1 • Bld Constantin Brâncoveanu - bl. M1/1, M2/3, M2/4"
2026-08-01T22:51:32,4,"U.M. 01295, U.M. 01376",2,Oprire ACC,"Lucrari POIM - Reabilitarea sistemului de termoficare al Municipului Bucuresti - LOT 4 ,Obiectivele 17,18,19,20.",2026-08-02T23:00,• Şos Vitan Bârzeşti -
2026-08-01T22:51:32,4,Livada Noua,17,Oprire ACC,"Lucrari POIM - Reabilitarea sistemului de termoficare al Municipului Bucuresti - LOT 4 ,Obiectivele 17,18,19,20.",2026-08-02T23:00,"• Str Alunişului - bl. 1 • Şos Giurgiului - bl. 4, 9, 9T, G, N, O • Str Ghimpaţi - bl. 3, 2, 1T, 2T, 3T, 8T • Int Târgu Frumos - bl. 5, 6, 7, 4T"
2026-08-01T22:51:32,4,Modul Termic - Trident,1,Oprire ACC,"Lucrari POIM - Reabilitarea sistemului de termoficare al Municipului Bucuresti - LOT 4 ,Obiectivele 17,18,19,20.",2026-08-02T23:00,• Str Moldoviţa -
2026-08-01T22:51:32,4,Huedin,17,Oprire ACC,"Lucrari POIM - Reabilitarea sistemului de termoficare al Municipului Bucuresti - LOT 4 ,Obiectivele 17,18,19,20.",2026-08-02T23:00,"• Str Straja - bl. 52 • Str Moldoveni - bl. B15, B21 • Str Grădiştea - bl. 48, B5 • Str Reşiţa - bl. 49, 50, 51, Biserica Sf. Daniel • Str Huedin - bl. A26, 34, M1/2 • Ale Huedin - bl. 2, 3, 4, 5 • Str Uioara - bl. 33"
2026-08-01T22:51:32,4,Observator Astronomic,1,Oprire ACC,"Lucrari POIM - Reabilitarea sistemului de termoficare al Municipului Bucuresti - LOT 4 ,Obiectivele 17,18,19,20.",2026-08-02T23:00,• Str Piscului -
2026-08-01T22:51:32,4,Palatul National al Copiilor,1,Oprire ACC,"Lucrari POIM - Reabilitarea sistemului de termoficare al Municipului Bucuresti - LOT 4 ,Obiectivele 17,18,19,20.",2026-08-02T23:00,• Bld Tineretului -
2026-08-01T22:51:32,4,Spinis,26,Oprire ACC,"Lucrari POIM - Reabilitarea sistemului de termoficare al Municipului Bucuresti - LOT 4 ,Obiectivele 17,18,19,20.",2026-08-02T23:00,"• Str Spiniş - bl. 19, 24, 43, 45, 48, 104, 105 • Str Râul Şoimului - bl. 25, 26, 27, 28, 46, 47, 49 • Şos Giurgiului - bl. 4A, 4B • Str Grădiştea - bl. 101 • Drm Găzarului - bl. 18, 21, 22, 50 • Str Tătuleşti - bl. 44, 98, 100A, 100B, 103"
2026-08-01T22:51:32,4,Scoala I Teodoreanu nr.36 - Sala Sport,1,Oprire ACC,"Lucrari POIM - Reabilitarea sistemului de termoficare al Municipului Bucuresti - LOT 4 ,Obiectivele 17,18,19,20.",2026-08-02T23:00,• Str Coştila -
2026-08-01T22:51:32,4,4 Lanariei,10,Oprire ACC,"Lucrari POIM - Reabilitarea sistemului de termoficare al Municipului Bucuresti - LOT 4 ,Obiectivele 17,18,19,20.",2026-08-02T23:00,"• Str Avalanşei - bl. 1, 2, 3 • Bld Gheorghe Şincai - bl. 2, 3, 3TR1, 4, 5, 5A • Str Cuza Vodă - bl. 1A"
2026-08-01T22:51:32,4,Inst. Nat. de Neurologie si Boli Neurovasculare,1,Oprire ACC,"Lucrari POIM - Reabilitarea sistemului de termoficare al Municipului Bucuresti - LOT 4 ,Obiectivele 17,18,19,20.",2026-08-02T23:00,• Şos Berceni -
2026-08-01T22:51:32,4,2 Tineretului,26,Oprire ACC,"Lucrari POIM - Reabilitarea sistemului de termoficare al Municipului Bucuresti - LOT 4 ,Obiectivele 17,18,19,20.",2026-08-02T23:00,"• Bld Tineretului - bl. 18, 19, 37, 38, 39 • Str Albinelor - bl. 32 • Str Piscului - bl. 40, 41, 42, 47 • Str V. V. Stanciu - bl. 31 • Str Trestiana - bl. 17, 20, 23 • Str Vişana - bl. 25, 26, 36, 43, 44, 45 • Str Constantin Rădulescu-Motru - bl. 22-24, 33, 34, 35, 36, 46"
2026-08-01T22:51:32,4,3 Tineretului,18,Oprire ACC,"Lucrari POIM - Reabilitarea sistemului de termoficare al Municipului Bucuresti - LOT 4 ,Obiectivele 17,18,19,20.",2026-08-02T23:00,"• Bld Tineretului - bl. 52 • Bld Pionierilor - bl. 51 • Str Piscului - bl. 49, 50, 77, 78, 79, 80, 81 • Str V. V. Stanciu - bl. 69A • Cal Văcăreşti - bl. 69B, 70B, 83, 84 • Str Cărămidarii de Jos - bl. 48, 75, 76"
2026-08-01T22:51:32,4,Plugarilor,12,Oprire ACC,"Lucrari POIM - Reabilitarea sistemului de termoficare al Municipului Bucuresti - LOT 4 ,Obiectivele 17,18,19,20.",2026-08-02T23:00,"• Bld Abatorului - bl. 95 • Str Plugarilor - bl. 91, 94 • Str V. V. Stanciu - bl. 88, 90 • Cal Văcăreşti - bl. 85A, 85B, 86, 87 • Ale Bran - bl. 89, 92, 93"
2026-08-01T22:51:32,4,1 Vacaresti,15,Oprire ACC,"Lucrari POIM - Reabilitarea sistemului de termoficare al Municipului Bucuresti - LOT 4 ,Obiectivele 17,18,19,20.",2026-08-02T23:00,"• Str Stamate Costache - 3C, 3E • Str Pridvorului - bl. 1A, 4, 5, 6 • Cal Văcăreşti - bl. 1B, 1C, 1D, 1E, 2A, 2B, 2C, 3A, 3B"
2026-08-01T22:51:32,4,Norilor,4,Oprire ACC,"Lucrari POIM - Reabilitarea sistemului de termoficare al Municipului Bucuresti - LOT 4 ,Obiectivele 17,18,19,20.",2026-08-02T23:00,"• Str Maria Tănase - bl. 28, 29 • Bld Gheorghe Şincai - bl. 30, 30A"
2026-08-01T22:51:32,4,B 3 Cauzasi,7,Oprire ACC,"Lucrari POIM - Reabilitarea sistemului de termoficare al Municipului Bucuresti - LOT 4 ,Obiectivele 17,18,19,20.",2026-08-02T23:00,"• Pţa Unirii - bl. B3, B4, B5 ,B6, B7 • Str Radu Vodă - bl. B8 • Bld Dimitrie Cantemir - bl. B2"
2026-08-01T22:51:32,4,6 Vifornita,17,Oprire ACC,"Lucrari POIM - Reabilitarea sistemului de termoficare al Municipului Bucuresti - LOT 4 ,Obiectivele 17,18,19,20.",2026-08-02T23:00,"• Şos Giurgiului - bl. 1, 2A, 2B, • Str Grădiştea - bl. 86, 87 • Str Tătuleşti - bl. 18, 20, 82, 83, 84, 85 • Ale Călineşti - bl. 11, 12, 13, 14, 15, 81"
2026-08-01T22:51:32,4,1 Tineretului,33,Oprire ACC,"Lucrari POIM - Reabilitarea sistemului de termoficare al Municipului Bucuresti - LOT 4 ,Obiectivele 17,18,19,20.",2026-08-02T23:00,"• Ale Tohani - bl. 30, 31; Gradinita nr.224 • Bld Tineretului - bl. A2, A3, A4, A5, A6, Z2, Z3, Z4, Z5, Z6, Z7, 5A • Str Mocăncuţei - Imob.vila • Str Poenari - bl. 12, 13 • Str Trestiana - bl. 8A, 8B, 9, 10, 11, 14, 15, 16, 32 • Str Tohani - bl. 29, 33 • Str Constantin Rădulescu-Motru - bl. 21, 27A, 28, 34 • Str Cuza Vodă - bl. 27B"
2026-08-01T22:51:32,4,4 Tineretului,23,Oprire ACC,"Lucrari POIM - Reabilitarea sistemului de termoficare al Municipului Bucuresti - LOT 4 ,Obiectivele 17,18,19,20.",2026-08-02T23:00,"• Bld Tineretului - bl. 53, 54, 57, 58, 64, 65, 66 • Str Baladei - bl. 55, 56, 59, 60, 61, 61A, 73 • Cal Văcăreşti - bl. 62, 63, 67, 68, 71, 72A, 72B • Str Cărămidarii de Jos - bl. 74A, 74B"
2026-08-01T22:51:32,4,11 Giurgiu,3,Oprire ACC,"Lucrari POIM - Reabilitarea sistemului de termoficare al Municipului Bucuresti - LOT 4 ,Obiectivele 17,18,19,20.",2026-08-02T23:00,"• Şos Giurgiului - bl. 5, 11 • Str Petre Ţuţea - Scoala nr.109"
2026-08-01T22:51:32,4,Luica,29,Oprire ACC,"Lucrari POIM - Reabilitarea sistemului de termoficare al Municipului Bucuresti - LOT 4 ,Obiectivele 17,18,19,20.",2026-08-02T23:00,"• Str Luica - bl. M1, M2, M3, M4, M4Bis, M5, M6, IV/1A • Str Reşiţa - bl. M1, P4 • Str Uioara - bl. IV/1B, IV/1C, IV/1 sc.A; M2 • Str Ucea - bl. P3, P4, P7, P8, P9, P10, P11, P12, IV/2 • Str Coştila - bl. P1, P2, P5, P6, P9"
2026-08-01T22:51:32,4,2 Giurgiu,7,Oprire ACC,"Lucrari POIM - Reabilitarea sistemului de termoficare al Municipului Bucuresti - LOT 4 ,Obiectivele 17,18,19,20.",2026-08-02T23:00,"• Str Tufişului - Scoala nr.188 • Şos Giurgiului - bl. B, C, E, F, K • Str Şoimuş - bl. L"
2026-08-01T22:51:32,4,2 Vacaresti,21,Oprire ACC,"Lucrari POIM - Reabilitarea sistemului de termoficare al Municipului Bucuresti - LOT 4 ,Obiectivele 17,18,19,20.",2026-08-02T23:00,"• Str Stamate Costache - bl. 8A, 8C • Str Pridvorului - bl. 11, 12, 13, 14, 18, 19, 20 • Cal Văcăreşti - bl. 8D, 8E, 9A, 9B, 9C, 10A, 10B, 10C, 10D, 15, 16, 17"
2026-08-01T22:51:32,4,1 Stoian Militaru,6,Oprire ACC,"Lucrari POIM - Reabilitarea sistemului de termoficare al Municipului Bucuresti - LOT 4 ,Obiectivele 17,18,19,20.",2026-08-02T23:00,"• Str Padeşu - bl. 1 • Str Pictor Ştefan Dimitrescu - bl. 2, 19 • Str Şura Mare - bl. 1A, 1B • Str Cornetului - bl. 20"
2026-08-01T22:51:32,4,2 Lanariei,15,Oprire ACC,"Lucrari POIM - Reabilitarea sistemului de termoficare al Municipului Bucuresti - LOT 4 ,Obiectivele 17,18,19,20.",2026-08-02T23:00,"• Str Maria Tănase - bl. 13 • Bld Gheorghe Şincai - bl. 11, 12 • Str Viorele - bl. 15, 17, 18, 20A, 20B, 22, 37, Scoala nr. 97 • Cal Văcăreşti - bl. 23, 24 • Ale Borcea - bl. 14, 16"
2026-08-01T22:51:32,4,3 Oltenita Placare,22,Oprire ACC,"Lucrari POIM - Reabilitarea sistemului de termoficare al Municipului Bucuresti - LOT 4 ,Obiectivele 17,18,19,20.",2026-08-02T23:00,"• Şos Olteniţei - bl. 2A, 2B, 2C, 2D, 3C, 3D, 3E, 4A, 4B, 4C, 4D, 5A, 5B, 5C, 5D, 5E • Str Gheorghe Adamescu - bl. 4E • Str Pometului - Imobil nr.41 • Str Laloşu - bl. 3A, 3B, 2E"
2026-08-01T22:51:32,4,Dealul Cernei,13,Oprire ACC,"Lucrari POIM - Reabilitarea sistemului de termoficare al Municipului Bucuresti - LOT 4 ,Obiectivele 17,18,19,20.",2026-08-02T23:00,"• Str Uioara - bl. 12Bis, 35, 36, 46 • Ale Cetatea Veche - bl. 2Bis, 3Bis, 5, 37, 38, 39, 40, 41, 47"
2026-08-01T22:51:32,4,Sincai,8,Oprire ACC,"Lucrari POIM - Reabilitarea sistemului de termoficare al Municipului Bucuresti - LOT 4 ,Obiectivele 17,18,19,20.",2026-08-02T23:00,"• Str Mocăncuţei - Imobil nr.12 • Bld Gheorghe Şincai - bl. 2, 4 • Str Tineretului - bl 5,Z1 • Str Trestiana - bl. 3 • Str Constantin Rădulescu-Motru - bl. 1, 35 • Str Cuza Vodă - bl. 37A"
2026-08-01T22:51:32,4,3 Zona V,16,Oprire ACC,"Lucrari POIM - Reabilitarea sistemului de termoficare al Municipului Bucuresti - LOT 4 ,Obiectivele 17,18,19,20.",2026-08-02T23:00,"• Str Reşiţa - bl. D17 • Str Huedin - bl. A13, D18, D19, D20 • Str Izvorul Mureşului - bl. 10, A4 • Str Izvorul Crişului - bl. A5, A6, A7, A8, A14, A15, A16, D16, D21"
2026-08-01T22:51:32,4,Uioara,31,Oprire ACC,"Lucrari POIM - Reabilitarea sistemului de termoficare al Municipului Bucuresti - LOT 4 ,Obiectivele 17,18,19,20.",2026-08-02T23:00,"• Str Semenic - bl. 23, 24 • Str Luica - bl. 59, 60, 61, III/6, III/7 • Ale Gorneşti - bl. 55, 56 • Ale Uioara - bl. 4Bis, 42, 43, 44, 45, 48, 49, 50, 51, 52, 53, 54, 58 • Ale Izvorul Oltului - bl. 25, 26, 27, 28, 29, 33, 62Bis • Bld Constantin Brâncoveanu - bl. 30, 34-35"
2026-08-01T22:51:32,4,Almașul Mare,19,Oprire ACC,"Lucrari POIM - Reabilitarea sistemului de termoficare al Municipului Bucuresti - LOT 4 ,Obiectivele 17,18,19,20.",2026-08-02T23:00,"• Str Moldoveni - bl. B19, B20 • Str Almaşu Mic - bl. B6, B7, B8, B10, B11, B12, B17, B18, Gradinita nr.62 • Str Almaşu Mare - bl. B2, B9, B16 • Str Grădiştea - bl. B1, B3, B4, B13, B14"
2026-08-01T22:51:32,4,2 Vifornita,26,Oprire ACC,"Lucrari POIM - Reabilitarea sistemului de termoficare al Municipului Bucuresti - LOT 4 ,Obiectivele 17,18,19,20.",2026-08-02T23:00,"• Str Straja - bl. 30, 31, 32, 40, 65, 66 • Str Spiniş - bl. 52, 53, 54 • Str Moldoveni - bl. 55, 59, 60, 61 • Str Almaşu Mare - bl. 51, 56, 57, 58 • Str Argeşelu - bl. 33, 34, 35, 37, 39, 67 • Drm Găzarului - bl. 29 • Str Reşiţa - bl. 36, 38"
2026-08-01T22:51:32,4,1 Zona IV,14,Oprire ACC,"Lucrari POIM - Reabilitarea sistemului de termoficare al Municipului Bucuresti - LOT 4 ,Obiectivele 17,18,19,20.",2026-08-02T23:00,"• Str Grădiştea - bl. A9, A10 • Ale Reşiţa D - A1, A3, A4, A5, A7, A8 • Str Reşiţa - bl. A2, A6 • Str Uioara - bl. A11, A12, A13, A14"
2026-08-01T22:51:32,4,Sala Polivalenta,1,Oprire ACC,"Lucrari POIM - Reabilitarea sistemului de termoficare al Municipului Bucuresti - LOT 4 ,Obiectivele 17,18,19,20.",2026-08-02T23:00,• Cal Piscului -
2026-08-01T22:51:32,4,1 Zona V,12,Oprire ACC,"Lucrari POIM - Reabilitarea sistemului de termoficare al Municipului Bucuresti - LOT 4 ,Obiectivele 17,18,19,20.",2026-08-02T23:00,"• Str Reşiţa - bl. A18, A19 • Str Izvorul Rece - bl. A10 • Str Izvorul Mureşului - bl. A9 ,D5, D6, D7, D23 • Str Izvorul Crişului - bl. D3, D4 • Str Trotuşului - bl. A17, D8"
2026-08-01T22:51:32,5,Giurgiu Farado,15,Oprire ACC,Reabilitarea sistemului de termoficare al Municipiului Bucuresti - Lucrari POIM -Lot 4- Obiectivele 18 - 19,2026-08-02T23:00,"• Ale Podul Giurgiului - 2, 3, 4, 5, 6, 7, 8, 9, 11, 12,13 • Str Vigoniei - 1, 8, 15 • Şos Giurgiului - 16"
2026-08-01T22:51:32,5,9 Farado,5,Oprire ACC,Reabilitarea sistemului de termoficare al Municipiului Bucuresti - Lucrari POIM -Lot 4- Obiectivele 18 - 19,2026-08-02T23:00,"• Str Podul Giurgiului - 9,14 • Str Vigoniei - 10, 10Turn, 14Turn"
2026-08-01T22:51:32,5,1 Giurgiu,9,Oprire ACC,Reabilitarea sistemului de termoficare al Municipiului Bucuresti - Lucrari POIM -Lot 4- Obiectivele 18 - 19,2026-08-02T23:00,"• Str Verigei - bl. 1, 2, Z 3, Z5 • Şos Giurgiului - bl. A, H1, H2 • Str Ştefan Vodă - imobil Decu Aurel • Str Măgurei - bl. D1"
2026-08-01T22:51:32,5,6 Farado,6,Oprire ACC,Reabilitarea sistemului de termoficare al Municipiului Bucuresti - Lucrari POIM -Lot 4- Obiectivele 18 - 19,2026-08-02T23:00,"• Str Podul Giurgiului - bl. 17, 18, Liceul Energetic • Str Toporaşi - bl. 15 • Şos Giurgiului - bl. 5, 6, 7"
2026-08-01T22:51:32,5,Modul Toporaşi,1,Oprire ACC,Revizie tehnică - CTE Progresu,2026-08-10T23:00,• Str Toporaşi - 1
2026-08-01T23:40:01,2,Barbu Vacarescu,6,Deficienta ACC,Funcționare deficitară a apei calde de consum din cauza manevrelor de echilibrare hidraulică a rețelei termice,2026-08-02T23:30,"• Str Dinu Vintilă - bl.3, 4, 5 • Str Barbu Văcărescu - bl.1,2; 7"
2026-08-01T23:40:01,2,Galvani Tei,9,Deficienta ACC,Funcționare deficitară a apei calde de consum din cauza manevrelor de echilibrare hidraulică a rețelei termice,2026-08-02T23:30,"• Str Johannes K. Kepler - bl.K/4/1; 2 • Bld Lacul Tei - bl.7, 8, 5, 6 • Str Păstorului - bl.4, 3, 4Bis"
2026-08-01T23:40:01,2,201 Mihai Bravu,5,Oprire ACC,Execuție lucrări de modernizare - firma SICOR pe Magistrala II Sud,2026-08-02T23:00,"• Şos Mihai Bravu - bl. 205, 203, 204, 200, • Cal Călăraşilor - bl. 201, 202"
2026-08-01T23:40:01,3,IN CITY,1,Oprire ACC,Execuție lucrări de modernizare - firma ELSACO pe Magistrala II Sud,2026-08-02T23:00,• Cal Dudeşti -
2026-08-01T23:40:01,3,16 Foișor,1,Oprire ACC,Execuție lucrări de modernizare - firma ELSACO pe Magistrala II Sud,2026-08-02T23:00,• Cal Vitan - bl. V6
2026-08-01T23:40:01,3,16 Răcari,17,Oprire ACC,Execuție lucrări de modernizare - firma ELSACO pe Magistrala II Sud,2026-08-02T23:00,"• Str Mureşana - bl. 52, 51 A+B • Str Lugojana - bl. 50+50A, 47 • Str Crivăţului - bl. 43A, 51, 44B • Str Răcari - bl. 42 • Ale Slt. Adrian Cârstea - bl. 43, 44, 41, 48, 45, 46, 44A"
2026-08-01T23:40:01,3,3 Labirint,7,Oprire ACC,Execuție lucrări de modernizare - firma ELSACO pe Magistrala II Sud,2026-08-02T23:00,"• Str Matei Basarab - bl. 119bis, L121, L118A, L116A • Str Labirint - bl. L117, L119, L117bis"
2026-08-01T23:40:01,3,21 Foișor,17,Oprire ACC,Execuție lucrări de modernizare - firma ELSACO pe Magistrala II Sud,2026-08-02T23:00,"• Str Vlaicu Vodă - bl. C8, C9 • Str Vlad Dracul - bl. B12, B13 • Str Vasile Cârlova - bl. A7, A7bis • Str Emil Gârleanu - bl. A6, A4 • Str Lt. col. Dumitru Papazoglu - bl. B10, C6 • Str Anastasie Panu - bl. A12, A5, A16, B7 • Str Alexandru Moruzzi Voievod - bl. A11, A13, B6"
2026-08-01T23:40:01,3,15 Foișor,4,Oprire ACC,Execuție lucrări de modernizare - firma ELSACO pe Magistrala II Sud,2026-08-02T23:00,"• Str Zizin - bl. G1 • Str Brânduşelor - bl. G3 • Str Banu Udrea - bl. G7, G8"
2026-08-01T23:40:01,3,12 Foișor,14,Oprire ACC,Execuție lucrări de modernizare - firma ELSACO pe Magistrala II Sud,2026-08-02T23:00,"• Str Vlad Dracul - bl. C12, C14, C13 • Str Foişorului - bl. F13C, F14C, F11C, F12C • Str Anastasie Panu - bl. C15, D3, D1, D2, D6, D4, D5"
2026-08-01T23:40:01,3,I3,6,Oprire ACC,Execuție lucrări de modernizare - firma ELSACO pe Magistrala II Sud,2026-08-02T23:00,"• Str Miletin - Imobil • Pţa Alba Iulia - bl. I1, I2, I3, I4, I5"
2026-08-01T23:40:01,3,2 Unităţii,16,Oprire ACC,Execuție lucrări de modernizare - firma ELSACO pe Magistrala II Sud,2026-08-02T23:00,"• Str Vulcan Judeţul - bl. B1B, B1C, B3A • Str Traian Popovici - bl. B3D, B4, B4D, B4F, B4A • Şos Mihai Bravu - bl. B2A, B2B, B2C, B1, B1A, B1D, B3B, B3C • Str Caloian Judeţul - bl. B4C, Scoala Generala nr. 80"
2026-08-01T23:40:01,3,2 Mărășești,16,Oprire ACC,Execuție lucrări de modernizare - firma ELSACO pe Magistrala II Sud,2026-08-02T23:00,"• Str Vlad Dracul - bl. B1, B2 • Str Nerva Traian - bl. M70, M71, M66, M69, M68, M65 • Str Emil Gârleanu - bl. A8, A9 • Str Logofătul Tăutu - bl. C3, C4, C5 • Str Lt. col. Dumitru Papazoglu - bl. B5 • Str Alexandru Moruzzi Voievod - bl. B1, A10"
2026-08-01T23:40:01,3,J2 Unirii,7,Oprire ACC,Execuție lucrări de modernizare - firma ELSACO pe Magistrala II Sud,2026-08-02T23:00,"• Bld Unirii - bl. J1, J3B, J4, J2, J3A • Pţa Alba Iulia - bl. I6, I7"
2026-08-01T23:40:01,3,M107,25,Oprire ACC,Execuție lucrări de modernizare - firma ELSACO pe Magistrala II Sud,2026-08-02T23:00,"• Str Nerva Traian - bl. K6 • Bld Octavian Goga - bl. M103, M106 • Str Emil Botta - bl. M109, M105, M104, M107, M108 • Bld Unirii - bl. K3, K4, K2, K5 • Str Lucian Blaga - bl. K1"
2026-08-01T23:40:01,3,F6,6,Oprire ACC,Execuție lucrări de modernizare - firma ELSACO pe Magistrala II Sud,2026-08-02T23:00,"• Str Maximilian Popper - bl. F6 • Bld Unirii - bl. F2, F3, F4 • Str Traian - bl. F1 • Str Ion Pillat - bl. F5"
2026-08-01T23:40:01,3,2 Cornul Caprei,3,Oprire ACC,Execuție lucrări de modernizare - firma ELSACO pe Magistrala II Sud,2026-08-02T23:00,"• Str Şcoala Ciocanu - Imobil • Bld Burebista - D13, D14"
2026-08-01T23:40:01,3,1 Labirint,5,Oprire ACC,Execuție lucrări de modernizare - firma ELSACO pe Magistrala II Sud,2026-08-02T23:00,"• Str Matei Basarab - bl. L111A, L109, L108, L109bis, L110"
2026-08-01T23:40:01,3,Mihai Bravu Vest,18,Oprire ACC,Execuție lucrări de modernizare - firma ELSACO pe Magistrala II Sud,2026-08-02T23:00,"• Şos Mihai Bravu - bl. 2, 3, 4, 5, 6, 7, 103, 104, 105 • Bld Decebal - bl. S1, S2, S2A+S2B, S3 • Ale Apostol Mărgărit - bl. 106, 107, 108, D.G.A.S.P.C, Centrul de zi Titan-Cercelus9 cresa nr.35 • Str Cerceluş - bl. 10-11"
2026-08-01T23:40:01,3,11 Foișor,14,Oprire ACC,Execuție lucrări de modernizare - firma ELSACO pe Magistrala II Sud,2026-08-02T23:00,"• Str Zizin - bl. V75C • Str Vlaicu Vodă - bl. V65, V66 • Str Brânduşelor - bl. V70, V75A, V77 • Str Foişorului - bl. F9C, F8C • Str Rarău - bl. V69, V68, V70, V71, F10C, V74"
2026-08-01T23:40:01,3,9 Vitan,11,Oprire ACC,Execuție lucrări de modernizare - firma ELSACO pe Magistrala II Sud,2026-08-02T23:00,"• Str Zizin - bl. 97, V101C, V101B • Str Vlaicu Vodă - bl. V34C, V100 • Cal Vitan - bl. V34A, V35 • Str Nucului - bl. V100, V101,V101A • Str Banu Udrea - bl. V104, V103, V101C, V99, V97, V102, V95"
2026-08-01T23:40:01,3,10 Laborator,26,Oprire ACC,Execuție lucrări de modernizare - firma ELSACO pe Magistrala II Sud,2026-08-02T23:00,"• Ale Şcolarilor - bl. S24, S25, S13, S14, S3A, S4, S23 • Şos Mihai Bravu - bl. S3, SB, SA, SB1, R3 • Str Laborator - bl. S11, S5, S12, S8, S9, S10, S6, S7, S1, S2A, S2 • Bld Camil Ressu - bl. 5, R1, R2"
2026-08-01T23:40:01,3,S14,11,Oprire ACC,Execuție lucrări de modernizare - firma ELSACO pe Magistrala II Sud,2026-08-02T23:00,"• Str Theodor D. Speranţia - bl. S24, S25, S26, S27,S28 • Bld Decebal - bl. S12, S12A, S12B, S13, S14, S15"
2026-08-01T23:40:01,3,1 Vitan,22,Oprire ACC,Execuție lucrări de modernizare - firma ELSACO pe Magistrala II Sud,2026-08-02T23:00,"• Cal Vitan - bl. 2, 3, 9, 10, 7C, 2A, 1, 1A, 1B • Str Lugojana - bl. 12, 11 • Str Dristorului - bl. 6 • Ale Râmnicu Sărat - bl. 2B, 7B,7A,15 • Str Râmnicu Vâlcea - bl. 15, 15B, 15A • Str Baia Mare - bl. 4, 8, 7A1,12A 5, 7, 12B"
2026-08-01T23:40:01,3,E1,6,Oprire ACC,Execuție lucrări de modernizare - firma ELSACO pe Magistrala II Sud,2026-08-02T23:00,"• Str Vintilă Vodă - bl. E1 • Bld Unirii - bl. E2, E3,E3A, E3-3, E3A2"
2026-08-01T23:40:01,3,2 Călăraşi,18,Oprire ACC,Execuție lucrări de modernizare - firma ELSACO pe Magistrala II Sud,2026-08-02T23:00,"• Str Matei Basarab - 72, 86, 73, 74, 85, L122, L120, L118 • Str Theodor D. Speranţia - 78, 83, 84 • Str Agricultori - 80, 81, 82,79, • Cal Călăraşi - 75,76,77"
2026-08-01T23:40:01,3,3 Mărăşeşti,10,Oprire ACC,Execuție lucrări de modernizare - firma ELSACO pe Magistrala II Sud,2026-08-02T23:00,"• Str Ştefan Octavian Iosif - bl. M51, M54 • Str Panait Cerna - bl. M53, M52 • Str Nerva Traian - bl. M37, M36, M39, M55, M38 • Bld Octavian Goga - bl. M42, M61 • Str Alexandru Vlahuţă - bl. M49, M50"
2026-08-01T23:40:01,3,Ministerul de Finante,1,Oprire ACC,Execuție lucrări de modernizare - firma ELSACO pe Magistrala II Sud,2026-08-02T23:00,• Bld Mircea Vodă - 44
2026-08-01T23:40:01,3,5 Mărăşeşti,17,Oprire ACC,Execuție lucrări de modernizare - firma ELSACO pe Magistrala II Sud,2026-08-02T23:00,"• Bld Mircea Vodă - bl. M31, M29, M30 • Ale Dimitrie Anghel - bl. M45 • Str Panait Cerna - bl. M44 • Str Nerva Traian - bl. M34, M35 • Str Alexandru Vlahuţă - bl. M46, M47, M48"
2026-08-01T23:40:01,3,11 Laborator,10,Oprire ACC,Execuție lucrări de modernizare - firma ELSACO pe Magistrala II Sud,2026-08-02T23:00,"• Str Laborator - bl. S18, 39A, 40, 39, 38 • Str Râmnicu Vâlcea - bl. S19, S20, S16, S15, S17"
2026-08-01T23:40:01,3,17 Răcari,15,Oprire ACC,Execuție lucrări de modernizare - firma ELSACO pe Magistrala II Sud,2026-08-02T23:00,"• Ale Miraj - bl. 60, 61, 68 • Ale Florin Ciungan - bl. 64, 66, 65, 67, 69 • Ale Răcari - bl. 75, 74, 71, 71A, 70 • Ale Marius Emanoil Buteică - bl. 72, 63, 62"
2026-08-01T23:40:01,3,BL U114 (UM 02544/B1),1,Oprire ACC,Execuție lucrări de modernizare - firma ELSACO pe Magistrala II Sud,2026-08-02T23:00,• Bld Mircea Vodă - 3-5
2026-08-01T23:40:01,3,C3 Căuzaşi,11,Oprire ACC,Execuție lucrări de modernizare - firma ELSACO pe Magistrala II Sud,2026-08-02T23:00,"• Ale Negru Vodă - C3, C4, C3A • Str Mămulari - C1, C2 • Bld Unirii - A1, A2, A3, A4 • Str Sfânta Vineri - A6, A5"
2026-08-01T23:40:01,3,1 Laborator,31,Oprire ACC,Execuție lucrări de modernizare - firma ELSACO pe Magistrala II Sud,2026-08-02T23:00,"• Str Aniversării - bl. 39A • Şos Mihai Bravu - bl. V10, V18, V7, V11, V12, V9, V15, V16, V8, V13, V17 • Str Laborator - bl. V14 • Str Iancu Brezeanu - bl. V31B • Str Agatha Bârsescu - bl. V26C, V31A, V30B, V26A, V28, V30A, V26B, V29, V25, V27A, V27B • Str Alexander Von Humboldt - bl. V23A • Ale Blăjel - bl. V5, V6 • Str Breaza - bl. V24A, V23B"
2026-08-01T23:40:01,3,3 Unităţii,19,Oprire ACC,Execuție lucrări de modernizare - firma ELSACO pe Magistrala II Sud,2026-08-02T23:00,"• Str Traian Popovici - bl. B7, B11, B10 • Şos Mihai Bravu - bl. B13, B13A, B13D, B13B, B13C • Str Lt. Aurel Botea - bl. B5A, B5, B5D, B5B, B5C, B6, B6A, B6B, B8, B9"
2026-08-01T23:40:01,3,3 Călăraşi,13,Oprire ACC,Execuție lucrări de modernizare - firma ELSACO pe Magistrala II Sud,2026-08-02T23:00,"• Cal Călăraşi - . 44, 38, 39, 45, 46, 56, 57, 55, 53, 53BIS, 42, 54 • Str Orzari - 47"
2026-08-01T23:40:01,3,5 Cornul Caprei,10,Oprire ACC,Execuție lucrări de modernizare - firma ELSACO pe Magistrala II Sud,2026-08-02T23:00,"• Str Lt. Aurel Botea - D24, D22 • Bld Burebista - D15, D16 • Str Caloian Judeţul - D19A, D21A, D20, D19B, D18, D21B"
2026-08-01T23:40:01,3,Colegiul Tehnic Mihai Bravu,1,Oprire ACC,Execuție lucrări de modernizare - firma ELSACO pe Magistrala II Sud,2026-08-02T23:00,• Şos Mihai Bravu - 428
2026-08-01T23:40:01,3,G3,9,Oprire ACC,Execuție lucrări de modernizare - firma ELSACO pe Magistrala II Sud,2026-08-02T23:00,"• Bld Unirii - bl. G2, H1, G3, G2A, G2B, G2C • Str Ion Pillat - bl. G1, G1A • Bld Decebal - bl. H2"
2026-08-01T23:40:01,3,Dristor Insulă,18,Oprire ACC,Execuție lucrări de modernizare - firma ELSACO pe Magistrala II Sud,2026-08-02T23:00,"• Şos Mihai Bravu - 12, 12A, 15, 15A, 18, 18A, 14A+B • Str Dristorului - 15B, 10, 10A, 11, 12B, 16ABC, 17,13, 13C • Bld Camil Ressu - 13A"
2026-08-01T23:40:01,3,13 Foișor,11,Oprire ACC,Execuție lucrări de modernizare - firma ELSACO pe Magistrala II Sud,2026-08-02T23:00,"• Str Vlaicu Vodă - bl. V62, V63, V61 • Str Brânduşelor - bl.V64 • Str Foişorului - bl. F6C, F7C, F5C, F4C • Str Alexandru Moruzzi Voievod - bl. V60, V59, V58"
2026-08-01T23:40:01,3,3 Theodor Speranţia,5,Oprire ACC,Execuție lucrări de modernizare - firma ELSACO pe Magistrala II Sud,2026-08-02T23:00,"• Str Theodor D. Speranţia - bl. S22 • Bld Decebal - bl. S16 • Cal Călăraşi - bl. S18, S20, S21"
2026-08-01T23:40:01,3,2 Vitan,33,Oprire ACC,Execuție lucrări de modernizare - firma ELSACO pe Magistrala II Sud,2026-08-02T23:00,"• Cal Vitan - bl. 42, 30, 41, 31, 21, 20, 51, 52, 22 • Str Mureşana - bl. 43B, 44, 58, 58A, 59 • Str Jieneasca - bl. 46, 47, 34, 33 • Str Căluşari - bl. 43, 43A, 24, 25, 50, 43A • Str Alunului - bl. 57 • Şos Mihai Bravu - bl. 53, 54, 55 • Str Răcari - bl. 38, 39 • Str Alunelului - bl. 45, 40, 32"
2026-08-01T23:40:01,3,1 Călăraşi,8,Oprire ACC,Execuție lucrări de modernizare - firma ELSACO pe Magistrala II Sud,2026-08-02T23:00,"• Cal Călăraşi - Cal. Călăraşi bl. 50, 70, 68, 65, 49, 71, 67, 66,"
2026-08-01T23:40:01,3,4 Theodor Speranţia,32,Oprire ACC,Execuție lucrări de modernizare - firma ELSACO pe Magistrala II Sud,2026-08-02T23:00,"• Str Voroneţ - bl. A15+A15bis, A22, D8, D7, D6, D5A, D4, D5, D2, D3, D1 • Str Meşterul Manole - bl. D17, D10, D9, D11, D15 • Str Negoiu - bl. D18, D16, D14, D12 • Str Ion Păunescu-Paltin - bl. D13 • Str Dristorului - bl. A21, B14, A23, B13, A20, B7, B14, B20 • Int Arenei - bl. B2, B3"
2026-08-01T23:40:01,3,10 Vitan,17,Oprire ACC,Execuție lucrări de modernizare - firma ELSACO pe Magistrala II Sud,2026-08-02T23:00,"• Str Zizin - bl. V80B, V80A, V81C, V40 • Str Vlaicu Vodă - bl. V43, V39, V82, V38, V81, V79, V82B, V81A • Cal Vitan - bl. V40, V42, V17, V82A, V42C,V42A • Str Brânduşelor - bl. V78"
2026-08-01T23:40:01,3,6 Mărășești,19,Oprire ACC,Execuție lucrări de modernizare - firma ELSACO pe Magistrala II Sud,2026-08-02T23:00,"• Bld Mircea Vodă - bl. M11, M14, M20bis, M9,M8, M1, M21, M22, M6, M20 • Str Panait Cerna - bl. M5 • Spl Unirii - bl. M3, M4, M12, M19, M10, M15, M7, M18, M16, M13"
2026-08-01T23:40:01,3,4 Labirint,5,Oprire ACC,Execuție lucrări de modernizare - firma ELSACO pe Magistrala II Sud,2026-08-02T23:00,"• Str Matei Basarab - bl. L112, L112A, L113A, L113 • Str Traian - bl. L112B"
2026-08-01T23:40:01,3,7 Vitan,12,Oprire ACC,Execuție lucrări de modernizare - firma ELSACO pe Magistrala II Sud,2026-08-02T23:00,"• Str Vlad Judeţul - bl. V12, V13, V14A, V11 • Cal Vitan - bl. V14B, V16B, V16A, V15 • Str Agatha Bârsescu - bl. V19 • Str Brăiliţa - bl. V17, V10, V18"
2026-08-01T23:40:01,3,1 Mărăşeşti,20,Oprire ACC,Execuție lucrări de modernizare - firma ELSACO pe Magistrala II Sud,2026-08-02T23:00,"• Str Nerva Traian - bl M64 • Bld Octavian Goga - bl. V53C, M62, M63 • Str Emil Gârleanu - bl. V52C, V53D, A1, F • Str Foişorului - bl. F1C, F2C, F3C, D, E • Str Anastasie Panu - bl. A1, A2, A3"
2026-08-01T23:40:01,3,6 Vitan,8,Oprire ACC,Execuție lucrări de modernizare - firma ELSACO pe Magistrala II Sud,2026-08-02T23:00,"• Cal Vitan - bl. V21A, V21B, V2, V1 • Ale Blăjel - bl. V3, V4 • Str Breaza - bl. V22A, V22B"
2026-08-01T23:40:01,3,1 Anexa,28,Oprire ACC,Execuție lucrări de modernizare - firma ELSACO pe Magistrala II Sud,2026-08-02T23:00,• Int Ţiglina - Scoala Gimnaziala Cezar Bolliac • Str Diligenţei - • Str Mircea Bădescu - • Str Nicolae Tudor - • Str Levănţica - • Str Dristorului - • Str Cerceluş -
2026-08-01T23:40:01,3,18 KLM,9,Oprire ACC,Execuție lucrări de modernizare - firma ELSACO pe Magistrala II Sud,2026-08-02T23:00,"• Str Sold. Spiridon Matei - bl. 9 • Int Înotătorilor - bl. 10 • Str Tomis - bl. 11 • Bld Râmnicu Sărat - bl. 11A, 20M, 20K, 10bis, 20L, 11A1"
2026-08-01T23:40:01,3,5 Călăraşi,5,Oprire ACC,Execuție lucrări de modernizare - firma ELSACO pe Magistrala II Sud,2026-08-02T23:00,"• Str Matei Basarab - 64 • Cal Călăraşi - 59, 60, 61, 58"
2026-08-01T23:40:01,3,4 Mărăşeşti,11,Oprire ACC,Execuție lucrări de modernizare - firma ELSACO pe Magistrala II Sud,2026-08-02T23:00,"• Ale Dimitrie Anghel - bl. M59 • Str Panait Cerna - bl. M43, M57, M56, M58, M28 • Str Nerva Traian - Grădinița nr. 81 • Bld Octavian Goga - bl. M60I, M24, M26, M25, M23"
2026-08-01T23:40:01,3,Biblioteca Nationala,1,Oprire ACC,Execuție lucrări de modernizare - firma ELSACO pe Magistrala II Sud,2026-08-02T23:00,• Bld Unirii - 22
2026-08-01T23:40:01,3,19 Foișor,10,Oprire ACC,Execuție lucrări de modernizare - firma ELSACO pe Magistrala II Sud,2026-08-02T23:00,"• Str Brânduşelor - bl. G4, G4A, H1, H16 • Str Banu Udrea - bl. G5, G6, H5, J2, J1, H6"
2026-08-01T23:40:01,3,7 Călăraşi,9,Oprire ACC,Execuție lucrări de modernizare - firma ELSACO pe Magistrala II Sud,2026-08-02T23:00,"• Bld Corneliu Coposu - 105A, 103, 104, 101, 106A, 105A • Str Sfânta Vineri - 105B, 105C, 102"
2026-08-01T23:40:01,3,S6,10,Oprire ACC,Execuție lucrări de modernizare - firma ELSACO pe Magistrala II Sud,2026-08-02T23:00,"• Bld Decebal - bl. S11, S9, S10, S7, S4, H3, S6, S5, S7, S8"
2026-08-01T23:40:01,3,E6,4,Oprire ACC,Execuție lucrări de modernizare - firma ELSACO pe Magistrala II Sud,2026-08-02T23:00,"• Bld Unirii - bl. E4, E4A • Str Traian - bl. E5, E6"
2026-08-01T23:40:01,3,Tribunalul Bucuresti,1,Oprire ACC,Execuție lucrări de modernizare - firma ELSACO pe Magistrala II Sud,2026-08-02T23:00,• Bld Unirii - 37
2026-08-01T23:40:01,3,14 Foișor,11,Oprire ACC,Execuție lucrări de modernizare - firma ELSACO pe Magistrala II Sud,2026-08-02T23:00,"• Cal Vitan - bl. V50B, V50A, V51 • Str Alexandru Moruzzi Voievod - bl. V54B, V54A, V56, V57, V54, V55, V57B"
2026-08-01T23:40:01,3,4 Dudești,2,Oprire ACC,Execuție lucrări de modernizare - firma ELSACO pe Magistrala II Sud,2026-08-02T23:00,"• Str Brăiliţa - bl. D9B, D9A"
2026-08-01T23:40:01,4,Metalurgiei,5,Deficienta ACC,Functionare deficitara a apei calde de consum din cauza manevrelor de echilibrare hidraulica a retelei termice,2026-08-02T23:00,"• Bld Alexandru Obregia - bl. OD1, 2B, 2A, M1, OD2"
2026-08-01T23:40:01,4,2 Stoian Militaru,15,Deficienta ACC,Functionare deficitara a apei calde de consum din cauza manevrelor de echilibrare hidraulica a retelei termice,2026-08-02T23:00,"• Str Stoian Militaru - bl. 17, 18 • Str Padeşu - bl. 4, 5, 9, 10, 14, 15 • Str Pictor Ştefan Dimitrescu - bl. 3, 7, 8, 11, 12, 13 • Str Laloşu - bl. 6"
2026-08-01T23:40:01,4,1 Serban Voda,4,Deficienta ACC,Functionare deficitara a apei calde de consum din cauza manevrelor de echilibrare hidraulica a retelei termice,2026-08-02T23:00,"• Str Simion - Imobil nr. 42 • Str G-ral Candiano Popescu - bl. 2 • Cal Şerban Vodă - bl. 1, 2, 2B"
2026-08-01T23:40:01,4,6 Brancoveanu,14,Deficienta ACC,Functionare deficitara a apei calde de consum din cauza manevrelor de echilibrare hidraulica a retelei termice,2026-08-02T23:00,"• Str Secuilor - bl. B17A • Str Păduroiu - bl. B22A, B23, B24, B25 • Str Pomârla - bl. B20, B21, B22 • Bld Constantin Brâncoveanu - bl. B14, B15, B16, B17 • Str Băltiţa - bl. B18 ,B19"
2026-08-01T23:40:01,4,Modul Termic - Grădinița nr.243,1,Oprire ACC,"Lucrari POIM - Reabilitarea sistemului de termoficare al Municipului Bucuresti - LOT 4 ,Obiectivele 17,18,19,20.",2026-08-02T23:00,• Str Almaşu Mare -
2026-08-01T23:40:01,4,12 Giurgiu,2,Oprire ACC,"Lucrari POIM - Reabilitarea sistemului de termoficare al Municipului Bucuresti - LOT 4 ,Obiectivele 17,18,19,20.",2026-08-02T23:00,"• Şos Giurgiului - bl. 12, 13"
2026-08-01T23:40:01,4,Curcani,32,Oprire ACC,"Lucrari POIM - Reabilitarea sistemului de termoficare al Municipului Bucuresti - LOT 4 ,Obiectivele 17,18,19,20.",2026-08-02T23:00,"• Str Semenic - bl. 20 • Str Huedin - bl. 1, 2, 3, 6, 7, 11, III/21A • Str Izvorul Oltului - bl. 4, 21, 22, III/25 • Str Lamoteşti - bl. 4, 5, 10, 11A, 11B, 12, 13, 14, 15, 62, III/21B • Bld Constantin Brâncoveanu - bl. 8, 9, 18, 19 • Ale Crevedia - bl. 16, 17 • Str Cetatea Veche - bl. III/4, III/5A, III/5B"
2026-08-01T23:40:01,4,Modul Termic - Spitalul Alexandru Obregia ( Creșa 25 ) / Stationar de zi,1,Oprire ACC,"Lucrari POIM - Reabilitarea sistemului de termoficare al Municipului Bucuresti - LOT 4 ,Obiectivele 17,18,19,20.",2026-08-02T23:00,• Str Argeşelu - Spitalul Alexandru Obregia ( Creșa 25 ) / Stationar de zi
2026-08-01T23:40:01,4,Tudor Gociu,17,Oprire ACC,"Lucrari POIM - Reabilitarea sistemului de termoficare al Municipului Bucuresti - LOT 4 ,Obiectivele 17,18,19,20.",2026-08-02T23:00,"• Str Orăştie - bl. 2A, L4, M2 • Str Anghel Moldoveanu - bl. A1 • Str Perşani - bl. L2 • Str Ilie Oprea - bl. L1, L3 • Str Tudor Gociu - bl. 1, B, C, C1, C2, C3, C4, L2, L4, AGIP"
2026-08-01T23:40:01,4,Urziceni,37,Oprire ACC,"Lucrari POIM - Reabilitarea sistemului de termoficare al Municipului Bucuresti - LOT 4 ,Obiectivele 17,18,19,20.",2026-08-02T23:00,"• Ale Slătioara - bl. 4, 12, 13, 15, 16, C1, C2, C3, C8, C10, C11 • Str Luica - bl. 1, 2, 3, 4, 5, 6, 7, 106 • Str Răzăchiei - bl. 11 • Str Reşiţa - bl. 8, 9, 10, 42, 42A, 43, 44, 45, 46, 47 • Str Urziceni - bl. 14, 17. 41, C9 • Ale Călineşti - bl. C4, C5, C6, C7, C12"
2026-08-01T23:40:01,4,4 Vifornita,20,Oprire ACC,"Lucrari POIM - Reabilitarea sistemului de termoficare al Municipului Bucuresti - LOT 4 ,Obiectivele 17,18,19,20.",2026-08-02T23:00,"• Ale Straja - bl. 69 • Str Straja - bl. 62, 62Bis, 63 • Str Argeşelu - bl. A4, A7 • Drm Găzarului - bl. A1, A2, A3, 133, 136, 138 • Ale Reşiţa A - bl. A6 • Str Reşiţa - bl. A5 • Str Izvorul Rece - bl. A8 • Ale Dolina - bl. 64, 68, 70, 134, 137"
2026-08-01T23:40:01,4,2 Zona V,22,Oprire ACC,"Lucrari POIM - Reabilitarea sistemului de termoficare al Municipului Bucuresti - LOT 4 ,Obiectivele 17,18,19,20.",2026-08-02T23:00,"• Str Huedin - bl. A12 • Ale Ţebea - bl. 101, 102. 103, D10, D11A, D12, D13 • Str Izvorul Trotuşului - bl. D14, D15, D24 • Str Izvorul Rece - bl. S14 A+B • Str Izvorul Mureşului - bl. A11, D9, D22 • Str Izvorul Crişului - bl. A1, A2, A3, D1 • Bld Constantin Brâncoveanu - bl. M1/1, M2/3, M2/4"
2026-08-01T23:40:01,4,"U.M. 01295, U.M. 01376",2,Oprire ACC,"Lucrari POIM - Reabilitarea sistemului de termoficare al Municipului Bucuresti - LOT 4 ,Obiectivele 17,18,19,20.",2026-08-02T23:00,• Şos Vitan Bârzeşti -
2026-08-01T23:40:01,4,Livada Noua,17,Oprire ACC,"Lucrari POIM - Reabilitarea sistemului de termoficare al Municipului Bucuresti - LOT 4 ,Obiectivele 17,18,19,20.",2026-08-02T23:00,"• Str Alunişului - bl. 1 • Şos Giurgiului - bl. 4, 9, 9T, G, N, O • Str Ghimpaţi - bl. 3, 2, 1T, 2T, 3T, 8T • Int Târgu Frumos - bl. 5, 6, 7, 4T"
2026-08-01T23:40:01,4,Modul Termic - Trident,1,Oprire ACC,"Lucrari POIM - Reabilitarea sistemului de termoficare al Municipului Bucuresti - LOT 4 ,Obiectivele 17,18,19,20.",2026-08-02T23:00,• Str Moldoviţa -
2026-08-01T23:40:01,4,Huedin,17,Oprire ACC,"Lucrari POIM - Reabilitarea sistemului de termoficare al Municipului Bucuresti - LOT 4 ,Obiectivele 17,18,19,20.",2026-08-02T23:00,"• Str Straja - bl. 52 • Str Moldoveni - bl. B15, B21 • Str Grădiştea - bl. 48, B5 • Str Reşiţa - bl. 49, 50, 51, Biserica Sf. Daniel • Str Huedin - bl. A26, 34, M1/2 • Ale Huedin - bl. 2, 3, 4, 5 • Str Uioara - bl. 33"
2026-08-01T23:40:01,4,Observator Astronomic,1,Oprire ACC,"Lucrari POIM - Reabilitarea sistemului de termoficare al Municipului Bucuresti - LOT 4 ,Obiectivele 17,18,19,20.",2026-08-02T23:00,• Str Piscului -
2026-08-01T23:40:01,4,Palatul National al Copiilor,1,Oprire ACC,"Lucrari POIM - Reabilitarea sistemului de termoficare al Municipului Bucuresti - LOT 4 ,Obiectivele 17,18,19,20.",2026-08-02T23:00,• Bld Tineretului -
2026-08-01T23:40:01,4,Spinis,26,Oprire ACC,"Lucrari POIM - Reabilitarea sistemului de termoficare al Municipului Bucuresti - LOT 4 ,Obiectivele 17,18,19,20.",2026-08-02T23:00,"• Str Spiniş - bl. 19, 24, 43, 45, 48, 104, 105 • Str Râul Şoimului - bl. 25, 26, 27, 28, 46, 47, 49 • Şos Giurgiului - bl. 4A, 4B • Str Grădiştea - bl. 101 • Drm Găzarului - bl. 18, 21, 22, 50 • Str Tătuleşti - bl. 44, 98, 100A, 100B, 103"
2026-08-01T23:40:01,4,Scoala I Teodoreanu nr.36 - Sala Sport,1,Oprire ACC,"Lucrari POIM - Reabilitarea sistemului de termoficare al Municipului Bucuresti - LOT 4 ,Obiectivele 17,18,19,20.",2026-08-02T23:00,• Str Coştila -
2026-08-01T23:40:01,4,4 Lanariei,10,Oprire ACC,"Lucrari POIM - Reabilitarea sistemului de termoficare al Municipului Bucuresti - LOT 4 ,Obiectivele 17,18,19,20.",2026-08-02T23:00,"• Str Avalanşei - bl. 1, 2, 3 • Bld Gheorghe Şincai - bl. 2, 3, 3TR1, 4, 5, 5A • Str Cuza Vodă - bl. 1A"
2026-08-01T23:40:01,4,Inst. Nat. de Neurologie si Boli Neurovasculare,1,Oprire ACC,"Lucrari POIM - Reabilitarea sistemului de termoficare al Municipului Bucuresti - LOT 4 ,Obiectivele 17,18,19,20.",2026-08-02T23:00,• Şos Berceni -
2026-08-01T23:40:01,4,2 Tineretului,26,Oprire ACC,"Lucrari POIM - Reabilitarea sistemului de termoficare al Municipului Bucuresti - LOT 4 ,Obiectivele 17,18,19,20.",2026-08-02T23:00,"• Bld Tineretului - bl. 18, 19, 37, 38, 39 • Str Albinelor - bl. 32 • Str Piscului - bl. 40, 41, 42, 47 • Str V. V. Stanciu - bl. 31 • Str Trestiana - bl. 17, 20, 23 • Str Vişana - bl. 25, 26, 36, 43, 44, 45 • Str Constantin Rădulescu-Motru - bl. 22-24, 33, 34, 35, 36, 46"
2026-08-01T23:40:01,4,3 Tineretului,18,Oprire ACC,"Lucrari POIM - Reabilitarea sistemului de termoficare al Municipului Bucuresti - LOT 4 ,Obiectivele 17,18,19,20.",2026-08-02T23:00,"• Bld Tineretului - bl. 52 • Bld Pionierilor - bl. 51 • Str Piscului - bl. 49, 50, 77, 78, 79, 80, 81 • Str V. V. Stanciu - bl. 69A • Cal Văcăreşti - bl. 69B, 70B, 83, 84 • Str Cărămidarii de Jos - bl. 48, 75, 76"
2026-08-01T23:40:01,4,Plugarilor,12,Oprire ACC,"Lucrari POIM - Reabilitarea sistemului de termoficare al Municipului Bucuresti - LOT 4 ,Obiectivele 17,18,19,20.",2026-08-02T23:00,"• Bld Abatorului - bl. 95 • Str Plugarilor - bl. 91, 94 • Str V. V. Stanciu - bl. 88, 90 • Cal Văcăreşti - bl. 85A, 85B, 86, 87 • Ale Bran - bl. 89, 92, 93"
2026-08-01T23:40:01,4,1 Vacaresti,15,Oprire ACC,"Lucrari POIM - Reabilitarea sistemului de termoficare al Municipului Bucuresti - LOT 4 ,Obiectivele 17,18,19,20.",2026-08-02T23:00,"• Str Stamate Costache - 3C, 3E • Str Pridvorului - bl. 1A, 4, 5, 6 • Cal Văcăreşti - bl. 1B, 1C, 1D, 1E, 2A, 2B, 2C, 3A, 3B"
2026-08-01T23:40:01,4,Norilor,4,Oprire ACC,"Lucrari POIM - Reabilitarea sistemului de termoficare al Municipului Bucuresti - LOT 4 ,Obiectivele 17,18,19,20.",2026-08-02T23:00,"• Str Maria Tănase - bl. 28, 29 • Bld Gheorghe Şincai - bl. 30, 30A"
2026-08-01T23:40:01,4,B 3 Cauzasi,7,Oprire ACC,"Lucrari POIM - Reabilitarea sistemului de termoficare al Municipului Bucuresti - LOT 4 ,Obiectivele 17,18,19,20.",2026-08-02T23:00,"• Pţa Unirii - bl. B3, B4, B5 ,B6, B7 • Str Radu Vodă - bl. B8 • Bld Dimitrie Cantemir - bl. B2"
2026-08-01T23:40:01,4,6 Vifornita,17,Oprire ACC,"Lucrari POIM - Reabilitarea sistemului de termoficare al Municipului Bucuresti - LOT 4 ,Obiectivele 17,18,19,20.",2026-08-02T23:00,"• Şos Giurgiului - bl. 1, 2A, 2B, • Str Grădiştea - bl. 86, 87 • Str Tătuleşti - bl. 18, 20, 82, 83, 84, 85 • Ale Călineşti - bl. 11, 12, 13, 14, 15, 81"
2026-08-01T23:40:01,4,1 Tineretului,33,Oprire ACC,"Lucrari POIM - Reabilitarea sistemului de termoficare al Municipului Bucuresti - LOT 4 ,Obiectivele 17,18,19,20.",2026-08-02T23:00,"• Ale Tohani - bl. 30, 31; Gradinita nr.224 • Bld Tineretului - bl. A2, A3, A4, A5, A6, Z2, Z3, Z4, Z5, Z6, Z7, 5A • Str Mocăncuţei - Imob.vila • Str Poenari - bl. 12, 13 • Str Trestiana - bl. 8A, 8B, 9, 10, 11, 14, 15, 16, 32 • Str Tohani - bl. 29, 33 • Str Constantin Rădulescu-Motru - bl. 21, 27A, 28, 34 • Str Cuza Vodă - bl. 27B"
2026-08-01T23:40:01,4,4 Tineretului,23,Oprire ACC,"Lucrari POIM - Reabilitarea sistemului de termoficare al Municipului Bucuresti - LOT 4 ,Obiectivele 17,18,19,20.",2026-08-02T23:00,"• Bld Tineretului - bl. 53, 54, 57, 58, 64, 65, 66 • Str Baladei - bl. 55, 56, 59, 60, 61, 61A, 73 • Cal Văcăreşti - bl. 62, 63, 67, 68, 71, 72A, 72B • Str Cărămidarii de Jos - bl. 74A, 74B"
2026-08-01T23:40:01,4,11 Giurgiu,3,Oprire ACC,"Lucrari POIM - Reabilitarea sistemului de termoficare al Municipului Bucuresti - LOT 4 ,Obiectivele 17,18,19,20.",2026-08-02T23:00,"• Şos Giurgiului - bl. 5, 11 • Str Petre Ţuţea - Scoala nr.109"
2026-08-01T23:40:01,4,Luica,29,Oprire ACC,"Lucrari POIM - Reabilitarea sistemului de termoficare al Municipului Bucuresti - LOT 4 ,Obiectivele 17,18,19,20.",2026-08-02T23:00,"• Str Luica - bl. M1, M2, M3, M4, M4Bis, M5, M6, IV/1A • Str Reşiţa - bl. M1, P4 • Str Uioara - bl. IV/1B, IV/1C, IV/1 sc.A; M2 • Str Ucea - bl. P3, P4, P7, P8, P9, P10, P11, P12, IV/2 • Str Coştila - bl. P1, P2, P5, P6, P9"
2026-08-01T23:40:01,4,2 Giurgiu,7,Oprire ACC,"Lucrari POIM - Reabilitarea sistemului de termoficare al Municipului Bucuresti - LOT 4 ,Obiectivele 17,18,19,20.",2026-08-02T23:00,"• Str Tufişului - Scoala nr.188 • Şos Giurgiului - bl. B, C, E, F, K • Str Şoimuş - bl. L"
2026-08-01T23:40:01,4,2 Vacaresti,21,Oprire ACC,"Lucrari POIM - Reabilitarea sistemului de termoficare al Municipului Bucuresti - LOT 4 ,Obiectivele 17,18,19,20.",2026-08-02T23:00,"• Str Stamate Costache - bl. 8A, 8C • Str Pridvorului - bl. 11, 12, 13, 14, 18, 19, 20 • Cal Văcăreşti - bl. 8D, 8E, 9A, 9B, 9C, 10A, 10B, 10C, 10D, 15, 16, 17"
2026-08-01T23:40:01,4,1 Stoian Militaru,6,Oprire ACC,"Lucrari POIM - Reabilitarea sistemului de termoficare al Municipului Bucuresti - LOT 4 ,Obiectivele 17,18,19,20.",2026-08-02T23:00,"• Str Padeşu - bl. 1 • Str Pictor Ştefan Dimitrescu - bl. 2, 19 • Str Şura Mare - bl. 1A, 1B • Str Cornetului - bl. 20"
2026-08-01T23:40:01,4,2 Lanariei,15,Oprire ACC,"Lucrari POIM - Reabilitarea sistemului de termoficare al Municipului Bucuresti - LOT 4 ,Obiectivele 17,18,19,20.",2026-08-02T23:00,"• Str Maria Tănase - bl. 13 • Bld Gheorghe Şincai - bl. 11, 12 • Str Viorele - bl. 15, 17, 18, 20A, 20B, 22, 37, Scoala nr. 97 • Cal Văcăreşti - bl. 23, 24 • Ale Borcea - bl. 14, 16"
2026-08-01T23:40:01,4,3 Oltenita Placare,22,Oprire ACC,"Lucrari POIM - Reabilitarea sistemului de termoficare al Municipului Bucuresti - LOT 4 ,Obiectivele 17,18,19,20.",2026-08-02T23:00,"• Şos Olteniţei - bl. 2A, 2B, 2C, 2D, 3C, 3D, 3E, 4A, 4B, 4C, 4D, 5A, 5B, 5C, 5D, 5E • Str Gheorghe Adamescu - bl. 4E • Str Pometului - Imobil nr.41 • Str Laloşu - bl. 3A, 3B, 2E"
2026-08-01T23:40:01,4,Dealul Cernei,13,Oprire ACC,"Lucrari POIM - Reabilitarea sistemului de termoficare al Municipului Bucuresti - LOT 4 ,Obiectivele 17,18,19,20.",2026-08-02T23:00,"• Str Uioara - bl. 12Bis, 35, 36, 46 • Ale Cetatea Veche - bl. 2Bis, 3Bis, 5, 37, 38, 39, 40, 41, 47"
2026-08-01T23:40:01,4,Sincai,8,Oprire ACC,"Lucrari POIM - Reabilitarea sistemului de termoficare al Municipului Bucuresti - LOT 4 ,Obiectivele 17,18,19,20.",2026-08-02T23:00,"• Str Mocăncuţei - Imobil nr.12 • Bld Gheorghe Şincai - bl. 2, 4 • Str Tineretului - bl 5,Z1 • Str Trestiana - bl. 3 • Str Constantin Rădulescu-Motru - bl. 1, 35 • Str Cuza Vodă - bl. 37A"
2026-08-01T23:40:01,4,3 Zona V,16,Oprire ACC,"Lucrari POIM - Reabilitarea sistemului de termoficare al Municipului Bucuresti - LOT 4 ,Obiectivele 17,18,19,20.",2026-08-02T23:00,"• Str Reşiţa - bl. D17 • Str Huedin - bl. A13, D18, D19, D20 • Str Izvorul Mureşului - bl. 10, A4 • Str Izvorul Crişului - bl. A5, A6, A7, A8, A14, A15, A16, D16, D21"
2026-08-01T23:40:01,4,Uioara,31,Oprire ACC,"Lucrari POIM - Reabilitarea sistemului de termoficare al Municipului Bucuresti - LOT 4 ,Obiectivele 17,18,19,20.",2026-08-02T23:00,"• Str Semenic - bl. 23, 24 • Str Luica - bl. 59, 60, 61, III/6, III/7 • Ale Gorneşti - bl. 55, 56 • Ale Uioara - bl. 4Bis, 42, 43, 44, 45, 48, 49, 50, 51, 52, 53, 54, 58 • Ale Izvorul Oltului - bl. 25, 26, 27, 28, 29, 33, 62Bis • Bld Constantin Brâncoveanu - bl. 30, 34-35"
2026-08-01T23:40:01,4,Almașul Mare,19,Oprire ACC,"Lucrari POIM - Reabilitarea sistemului de termoficare al Municipului Bucuresti - LOT 4 ,Obiectivele 17,18,19,20.",2026-08-02T23:00,"• Str Moldoveni - bl. B19, B20 • Str Almaşu Mic - bl. B6, B7, B8, B10, B11, B12, B17, B18, Gradinita nr.62 • Str Almaşu Mare - bl. B2, B9, B16 • Str Grădiştea - bl. B1, B3, B4, B13, B14"
2026-08-01T23:40:01,4,2 Vifornita,26,Oprire ACC,"Lucrari POIM - Reabilitarea sistemului de termoficare al Municipului Bucuresti - LOT 4 ,Obiectivele 17,18,19,20.",2026-08-02T23:00,"• Str Straja - bl. 30, 31, 32, 40, 65, 66 • Str Spiniş - bl. 52, 53, 54 • Str Moldoveni - bl. 55, 59, 60, 61 • Str Almaşu Mare - bl. 51, 56, 57, 58 • Str Argeşelu - bl. 33, 34, 35, 37, 39, 67 • Drm Găzarului - bl. 29 • Str Reşiţa - bl. 36, 38"
2026-08-01T23:40:01,4,1 Zona IV,14,Oprire ACC,"Lucrari POIM - Reabilitarea sistemului de termoficare al Municipului Bucuresti - LOT 4 ,Obiectivele 17,18,19,20.",2026-08-02T23:00,"• Str Grădiştea - bl. A9, A10 • Ale Reşiţa D - A1, A3, A4, A5, A7, A8 • Str Reşiţa - bl. A2, A6 • Str Uioara - bl. A11, A12, A13, A14"
2026-08-01T23:40:01,4,Sala Polivalenta,1,Oprire ACC,"Lucrari POIM - Reabilitarea sistemului de termoficare al Municipului Bucuresti - LOT 4 ,Obiectivele 17,18,19,20.",2026-08-02T23:00,• Cal Piscului -
2026-08-01T23:40:01,4,1 Zona V,12,Oprire ACC,"Lucrari POIM - Reabilitarea sistemului de termoficare al Municipului Bucuresti - LOT 4 ,Obiectivele 17,18,19,20.",2026-08-02T23:00,"• Str Reşiţa - bl. A18, A19 • Str Izvorul Rece - bl. A10 • Str Izvorul Mureşului - bl. A9 ,D5, D6, D7, D23 • Str Izvorul Crişului - bl. D3, D4 • Str Trotuşului - bl. A17, D8"
2026-08-01T23:40:01,5,Giurgiu Farado,15,Oprire ACC,Reabilitarea sistemului de termoficare al Municipiului Bucuresti - Lucrari POIM -Lot 4- Obiectivele 18 - 19,2026-08-02T23:00,"• Ale Podul Giurgiului - 2, 3, 4, 5, 6, 7, 8, 9, 11, 12,13 • Str Vigoniei - 1, 8, 15 • Şos Giurgiului - 16"
2026-08-01T23:40:01,5,9 Farado,5,Oprire ACC,Reabilitarea sistemului de termoficare al Municipiului Bucuresti - Lucrari POIM -Lot 4- Obiectivele 18 - 19,2026-08-02T23:00,"• Str Podul Giurgiului - 9,14 • Str Vigoniei - 10, 10Turn, 14Turn"
2026-08-01T23:40:01,5,1 Giurgiu,9,Oprire ACC,Reabilitarea sistemului de termoficare al Municipiului Bucuresti - Lucrari POIM -Lot 4- Obiectivele 18 - 19,2026-08-02T23:00,"• Str Verigei - bl. 1, 2, Z 3, Z5 • Şos Giurgiului - bl. A, H1, H2 • Str Ştefan Vodă - imobil Decu Aurel • Str Măgurei - bl. D1"
2026-08-01T23:40:01,5,6 Farado,6,Oprire ACC,Reabilitarea sistemului de termoficare al Municipiului Bucuresti - Lucrari POIM -Lot 4- Obiectivele 18 - 19,2026-08-02T23:00,"• Str Podul Giurgiului - bl. 17, 18, Liceul Energetic • Str Toporaşi - bl. 15 • Şos Giurgiului - bl. 5, 6, 7"
2026-08-01T23:40:01,5,Modul Toporaşi,1,Oprire ACC,Revizie tehnică - CTE Progresu,2026-08-10T23:00,• Str Toporaşi - 1
2026-08-02T00:34:38,2,Barbu Vacarescu,6,Deficienta ACC,Funcționare deficitară a apei calde de consum din cauza manevrelor de echilibrare hidraulică a rețelei termice,2026-08-02T23:30,"• Str Dinu Vintilă - bl.3, 4, 5 • Str Barbu Văcărescu - bl.1,2; 7"
2026-08-02T00:34:38,2,Galvani Tei,9,Deficienta ACC,Funcționare deficitară a apei calde de consum din cauza manevrelor de echilibrare hidraulică a rețelei termice,2026-08-02T23:30,"• Str Johannes K. Kepler - bl.K/4/1; 2 • Bld Lacul Tei - bl.7, 8, 5, 6 • Str Păstorului - bl.4, 3, 4Bis"
2026-08-02T00:34:38,2,201 Mihai Bravu,5,Oprire ACC,Execuție lucrări de modernizare - firma SICOR pe Magistrala II Sud,2026-08-02T23:00,"• Şos Mihai Bravu - bl. 205, 203, 204, 200, • Cal Călăraşilor - bl. 201, 202"
2026-08-02T00:34:38,3,IN CITY,1,Oprire ACC,Execuție lucrări de modernizare - firma ELSACO pe Magistrala II Sud,2026-08-02T23:00,• Cal Dudeşti -
2026-08-02T00:34:38,3,16 Foișor,1,Oprire ACC,Execuție lucrări de modernizare - firma ELSACO pe Magistrala II Sud,2026-08-02T23:00,• Cal Vitan - bl. V6
2026-08-02T00:34:38,3,16 Răcari,17,Oprire ACC,Execuție lucrări de modernizare - firma ELSACO pe Magistrala II Sud,2026-08-02T23:00,"• Str Mureşana - bl. 52, 51 A+B • Str Lugojana - bl. 50+50A, 47 • Str Crivăţului - bl. 43A, 51, 44B • Str Răcari - bl. 42 • Ale Slt. Adrian Cârstea - bl. 43, 44, 41, 48, 45, 46, 44A"
2026-08-02T00:34:38,3,3 Labirint,7,Oprire ACC,Execuție lucrări de modernizare - firma ELSACO pe Magistrala II Sud,2026-08-02T23:00,"• Str Matei Basarab - bl. 119bis, L121, L118A, L116A • Str Labirint - bl. L117, L119, L117bis"
2026-08-02T00:34:38,3,21 Foișor,17,Oprire ACC,Execuție lucrări de modernizare - firma ELSACO pe Magistrala II Sud,2026-08-02T23:00,"• Str Vlaicu Vodă - bl. C8, C9 • Str Vlad Dracul - bl. B12, B13 • Str Vasile Cârlova - bl. A7, A7bis • Str Emil Gârleanu - bl. A6, A4 • Str Lt. col. Dumitru Papazoglu - bl. B10, C6 • Str Anastasie Panu - bl. A12, A5, A16, B7 • Str Alexandru Moruzzi Voievod - bl. A11, A13, B6"
2026-08-02T00:34:38,3,15 Foișor,4,Oprire ACC,Execuție lucrări de modernizare - firma ELSACO pe Magistrala II Sud,2026-08-02T23:00,"• Str Zizin - bl. G1 • Str Brânduşelor - bl. G3 • Str Banu Udrea - bl. G7, G8"
2026-08-02T00:34:38,3,12 Foișor,14,Oprire ACC,Execuție lucrări de modernizare - firma ELSACO pe Magistrala II Sud,2026-08-02T23:00,"• Str Vlad Dracul - bl. C12, C14, C13 • Str Foişorului - bl. F13C, F14C, F11C, F12C • Str Anastasie Panu - bl. C15, D3, D1, D2, D6, D4, D5"
2026-08-02T00:34:38,3,I3,6,Oprire ACC,Execuție lucrări de modernizare - firma ELSACO pe Magistrala II Sud,2026-08-02T23:00,"• Str Miletin - Imobil • Pţa Alba Iulia - bl. I1, I2, I3, I4, I5"
2026-08-02T00:34:38,3,2 Unităţii,16,Oprire ACC,Execuție lucrări de modernizare - firma ELSACO pe Magistrala II Sud,2026-08-02T23:00,"• Str Vulcan Judeţul - bl. B1B, B1C, B3A • Str Traian Popovici - bl. B3D, B4, B4D, B4F, B4A • Şos Mihai Bravu - bl. B2A, B2B, B2C, B1, B1A, B1D, B3B, B3C • Str Caloian Judeţul - bl. B4C, Scoala Generala nr. 80"
2026-08-02T00:34:38,3,2 Mărășești,16,Oprire ACC,Execuție lucrări de modernizare - firma ELSACO pe Magistrala II Sud,2026-08-02T23:00,"• Str Vlad Dracul - bl. B1, B2 • Str Nerva Traian - bl. M70, M71, M66, M69, M68, M65 • Str Emil Gârleanu - bl. A8, A9 • Str Logofătul Tăutu - bl. C3, C4, C5 • Str Lt. col. Dumitru Papazoglu - bl. B5 • Str Alexandru Moruzzi Voievod - bl. B1, A10"
2026-08-02T00:34:38,3,J2 Unirii,7,Oprire ACC,Execuție lucrări de modernizare - firma ELSACO pe Magistrala II Sud,2026-08-02T23:00,"• Bld Unirii - bl. J1, J3B, J4, J2, J3A • Pţa Alba Iulia - bl. I6, I7"
2026-08-02T00:34:38,3,M107,25,Oprire ACC,Execuție lucrări de modernizare - firma ELSACO pe Magistrala II Sud,2026-08-02T23:00,"• Str Nerva Traian - bl. K6 • Bld Octavian Goga - bl. M103, M106 • Str Emil Botta - bl. M109, M105, M104, M107, M108 • Bld Unirii - bl. K3, K4, K2, K5 • Str Lucian Blaga - bl. K1"
2026-08-02T00:34:38,3,F6,6,Oprire ACC,Execuție lucrări de modernizare - firma ELSACO pe Magistrala II Sud,2026-08-02T23:00,"• Str Maximilian Popper - bl. F6 • Bld Unirii - bl. F2, F3, F4 • Str Traian - bl. F1 • Str Ion Pillat - bl. F5"
2026-08-02T00:34:38,3,2 Cornul Caprei,3,Oprire ACC,Execuție lucrări de modernizare - firma ELSACO pe Magistrala II Sud,2026-08-02T23:00,"• Str Şcoala Ciocanu - Imobil • Bld Burebista - D13, D14"
2026-08-02T00:34:38,3,1 Labirint,5,Oprire ACC,Execuție lucrări de modernizare - firma ELSACO pe Magistrala II Sud,2026-08-02T23:00,"• Str Matei Basarab - bl. L111A, L109, L108, L109bis, L110"
2026-08-02T00:34:38,3,Mihai Bravu Vest,18,Oprire ACC,Execuție lucrări de modernizare - firma ELSACO pe Magistrala II Sud,2026-08-02T23:00,"• Şos Mihai Bravu - bl. 2, 3, 4, 5, 6, 7, 103, 104, 105 • Bld Decebal - bl. S1, S2, S2A+S2B, S3 • Ale Apostol Mărgărit - bl. 106, 107, 108, D.G.A.S.P.C, Centrul de zi Titan-Cercelus9 cresa nr.35 • Str Cerceluş - bl. 10-11"
2026-08-02T00:34:38,3,11 Foișor,14,Oprire ACC,Execuție lucrări de modernizare - firma ELSACO pe Magistrala II Sud,2026-08-02T23:00,"• Str Zizin - bl. V75C • Str Vlaicu Vodă - bl. V65, V66 • Str Brânduşelor - bl. V70, V75A, V77 • Str Foişorului - bl. F9C, F8C • Str Rarău - bl. V69, V68, V70, V71, F10C, V74"
2026-08-02T00:34:38,3,9 Vitan,11,Oprire ACC,Execuție lucrări de modernizare - firma ELSACO pe Magistrala II Sud,2026-08-02T23:00,"• Str Zizin - bl. 97, V101C, V101B • Str Vlaicu Vodă - bl. V34C, V100 • Cal Vitan - bl. V34A, V35 • Str Nucului - bl. V100, V101,V101A • Str Banu Udrea - bl. V104, V103, V101C, V99, V97, V102, V95"
2026-08-02T00:34:38,3,10 Laborator,26,Oprire ACC,Execuție lucrări de modernizare - firma ELSACO pe Magistrala II Sud,2026-08-02T23:00,"• Ale Şcolarilor - bl. S24, S25, S13, S14, S3A, S4, S23 • Şos Mihai Bravu - bl. S3, SB, SA, SB1, R3 • Str Laborator - bl. S11, S5, S12, S8, S9, S10, S6, S7, S1, S2A, S2 • Bld Camil Ressu - bl. 5, R1, R2"
2026-08-02T00:34:38,3,S14,11,Oprire ACC,Execuție lucrări de modernizare - firma ELSACO pe Magistrala II Sud,2026-08-02T23:00,"• Str Theodor D. Speranţia - bl. S24, S25, S26, S27,S28 • Bld Decebal - bl. S12, S12A, S12B, S13, S14, S15"
2026-08-02T00:34:38,3,1 Vitan,22,Oprire ACC,Execuție lucrări de modernizare - firma ELSACO pe Magistrala II Sud,2026-08-02T23:00,"• Cal Vitan - bl. 2, 3, 9, 10, 7C, 2A, 1, 1A, 1B • Str Lugojana - bl. 12, 11 • Str Dristorului - bl. 6 • Ale Râmnicu Sărat - bl. 2B, 7B,7A,15 • Str Râmnicu Vâlcea - bl. 15, 15B, 15A • Str Baia Mare - bl. 4, 8, 7A1,12A 5, 7, 12B"
2026-08-02T00:34:38,3,E1,6,Oprire ACC,Execuție lucrări de modernizare - firma ELSACO pe Magistrala II Sud,2026-08-02T23:00,"• Str Vintilă Vodă - bl. E1 • Bld Unirii - bl. E2, E3,E3A, E3-3, E3A2"
2026-08-02T00:34:38,3,2 Călăraşi,18,Oprire ACC,Execuție lucrări de modernizare - firma ELSACO pe Magistrala II Sud,2026-08-02T23:00,"• Str Matei Basarab - 72, 86, 73, 74, 85, L122, L120, L118 • Str Theodor D. Speranţia - 78, 83, 84 • Str Agricultori - 80, 81, 82,79, • Cal Călăraşi - 75,76,77"
2026-08-02T00:34:38,3,3 Mărăşeşti,10,Oprire ACC,Execuție lucrări de modernizare - firma ELSACO pe Magistrala II Sud,2026-08-02T23:00,"• Str Ştefan Octavian Iosif - bl. M51, M54 • Str Panait Cerna - bl. M53, M52 • Str Nerva Traian - bl. M37, M36, M39, M55, M38 • Bld Octavian Goga - bl. M42, M61 • Str Alexandru Vlahuţă - bl. M49, M50"
2026-08-02T00:34:38,3,Ministerul de Finante,1,Oprire ACC,Execuție lucrări de modernizare - firma ELSACO pe Magistrala II Sud,2026-08-02T23:00,• Bld Mircea Vodă - 44
2026-08-02T00:34:38,3,5 Mărăşeşti,17,Oprire ACC,Execuție lucrări de modernizare - firma ELSACO pe Magistrala II Sud,2026-08-02T23:00,"• Bld Mircea Vodă - bl. M31, M29, M30 • Ale Dimitrie Anghel - bl. M45 • Str Panait Cerna - bl. M44 • Str Nerva Traian - bl. M34, M35 • Str Alexandru Vlahuţă - bl. M46, M47, M48"
2026-08-02T00:34:38,3,11 Laborator,10,Oprire ACC,Execuție lucrări de modernizare - firma ELSACO pe Magistrala II Sud,2026-08-02T23:00,"• Str Laborator - bl. S18, 39A, 40, 39, 38 • Str Râmnicu Vâlcea - bl. S19, S20, S16, S15, S17"
2026-08-02T00:34:38,3,17 Răcari,15,Oprire ACC,Execuție lucrări de modernizare - firma ELSACO pe Magistrala II Sud,2026-08-02T23:00,"• Ale Miraj - bl. 60, 61, 68 • Ale Florin Ciungan - bl. 64, 66, 65, 67, 69 • Ale Răcari - bl. 75, 74, 71, 71A, 70 • Ale Marius Emanoil Buteică - bl. 72, 63, 62"
2026-08-02T00:34:38,3,BL U114 (UM 02544/B1),1,Oprire ACC,Execuție lucrări de modernizare - firma ELSACO pe Magistrala II Sud,2026-08-02T23:00,• Bld Mircea Vodă - 3-5
2026-08-02T00:34:38,3,C3 Căuzaşi,11,Oprire ACC,Execuție lucrări de modernizare - firma ELSACO pe Magistrala II Sud,2026-08-02T23:00,"• Ale Negru Vodă - C3, C4, C3A • Str Mămulari - C1, C2 • Bld Unirii - A1, A2, A3, A4 • Str Sfânta Vineri - A6, A5"
2026-08-02T00:34:38,3,1 Laborator,31,Oprire ACC,Execuție lucrări de modernizare - firma ELSACO pe Magistrala II Sud,2026-08-02T23:00,"• Str Aniversării - bl. 39A • Şos Mihai Bravu - bl. V10, V18, V7, V11, V12, V9, V15, V16, V8, V13, V17 • Str Laborator - bl. V14 • Str Iancu Brezeanu - bl. V31B • Str Agatha Bârsescu - bl. V26C, V31A, V30B, V26A, V28, V30A, V26B, V29, V25, V27A, V27B • Str Alexander Von Humboldt - bl. V23A • Ale Blăjel - bl. V5, V6 • Str Breaza - bl. V24A, V23B"
2026-08-02T00:34:38,3,3 Unităţii,19,Oprire ACC,Execuție lucrări de modernizare - firma ELSACO pe Magistrala II Sud,2026-08-02T23:00,"• Str Traian Popovici - bl. B7, B11, B10 • Şos Mihai Bravu - bl. B13, B13A, B13D, B13B, B13C • Str Lt. Aurel Botea - bl. B5A, B5, B5D, B5B, B5C, B6, B6A, B6B, B8, B9"
2026-08-02T00:34:38,3,3 Călăraşi,13,Oprire ACC,Execuție lucrări de modernizare - firma ELSACO pe Magistrala II Sud,2026-08-02T23:00,"• Cal Călăraşi - . 44, 38, 39, 45, 46, 56, 57, 55, 53, 53BIS, 42, 54 • Str Orzari - 47"
2026-08-02T00:34:38,3,5 Cornul Caprei,10,Oprire ACC,Execuție lucrări de modernizare - firma ELSACO pe Magistrala II Sud,2026-08-02T23:00,"• Str Lt. Aurel Botea - D24, D22 • Bld Burebista - D15, D16 • Str Caloian Judeţul - D19A, D21A, D20, D19B, D18, D21B"
2026-08-02T00:34:38,3,Colegiul Tehnic Mihai Bravu,1,Oprire ACC,Execuție lucrări de modernizare - firma ELSACO pe Magistrala II Sud,2026-08-02T23:00,• Şos Mihai Bravu - 428
2026-08-02T00:34:38,3,G3,9,Oprire ACC,Execuție lucrări de modernizare - firma ELSACO pe Magistrala II Sud,2026-08-02T23:00,"• Bld Unirii - bl. G2, H1, G3, G2A, G2B, G2C • Str Ion Pillat - bl. G1, G1A • Bld Decebal - bl. H2"
2026-08-02T00:34:38,3,Dristor Insulă,18,Oprire ACC,Execuție lucrări de modernizare - firma ELSACO pe Magistrala II Sud,2026-08-02T23:00,"• Şos Mihai Bravu - 12, 12A, 15, 15A, 18, 18A, 14A+B • Str Dristorului - 15B, 10, 10A, 11, 12B, 16ABC, 17,13, 13C • Bld Camil Ressu - 13A"
2026-08-02T00:34:38,3,13 Foișor,11,Oprire ACC,Execuție lucrări de modernizare - firma ELSACO pe Magistrala II Sud,2026-08-02T23:00,"• Str Vlaicu Vodă - bl. V62, V63, V61 • Str Brânduşelor - bl.V64 • Str Foişorului - bl. F6C, F7C, F5C, F4C • Str Alexandru Moruzzi Voievod - bl. V60, V59, V58"
2026-08-02T00:34:38,3,3 Theodor Speranţia,5,Oprire ACC,Execuție lucrări de modernizare - firma ELSACO pe Magistrala II Sud,2026-08-02T23:00,"• Str Theodor D. Speranţia - bl. S22 • Bld Decebal - bl. S16 • Cal Călăraşi - bl. S18, S20, S21"
2026-08-02T00:34:38,3,2 Vitan,33,Oprire ACC,Execuție lucrări de modernizare - firma ELSACO pe Magistrala II Sud,2026-08-02T23:00,"• Cal Vitan - bl. 42, 30, 41, 31, 21, 20, 51, 52, 22 • Str Mureşana - bl. 43B, 44, 58, 58A, 59 • Str Jieneasca - bl. 46, 47, 34, 33 • Str Căluşari - bl. 43, 43A, 24, 25, 50, 43A • Str Alunului - bl. 57 • Şos Mihai Bravu - bl. 53, 54, 55 • Str Răcari - bl. 38, 39 • Str Alunelului - bl. 45, 40, 32"
2026-08-02T00:34:38,3,1 Călăraşi,8,Oprire ACC,Execuție lucrări de modernizare - firma ELSACO pe Magistrala II Sud,2026-08-02T23:00,"• Cal Călăraşi - Cal. Călăraşi bl. 50, 70, 68, 65, 49, 71, 67, 66,"
2026-08-02T00:34:38,3,4 Theodor Speranţia,32,Oprire ACC,Execuție lucrări de modernizare - firma ELSACO pe Magistrala II Sud,2026-08-02T23:00,"• Str Voroneţ - bl. A15+A15bis, A22, D8, D7, D6, D5A, D4, D5, D2, D3, D1 • Str Meşterul Manole - bl. D17, D10, D9, D11, D15 • Str Negoiu - bl. D18, D16, D14, D12 • Str Ion Păunescu-Paltin - bl. D13 • Str Dristorului - bl. A21, B14, A23, B13, A20, B7, B14, B20 • Int Arenei - bl. B2, B3"
2026-08-02T00:34:38,3,10 Vitan,17,Oprire ACC,Execuție lucrări de modernizare - firma ELSACO pe Magistrala II Sud,2026-08-02T23:00,"• Str Zizin - bl. V80B, V80A, V81C, V40 • Str Vlaicu Vodă - bl. V43, V39, V82, V38, V81, V79, V82B, V81A • Cal Vitan - bl. V40, V42, V17, V82A, V42C,V42A • Str Brânduşelor - bl. V78"
2026-08-02T00:34:38,3,6 Mărășești,19,Oprire ACC,Execuție lucrări de modernizare - firma ELSACO pe Magistrala II Sud,2026-08-02T23:00,"• Bld Mircea Vodă - bl. M11, M14, M20bis, M9,M8, M1, M21, M22, M6, M20 • Str Panait Cerna - bl. M5 • Spl Unirii - bl. M3, M4, M12, M19, M10, M15, M7, M18, M16, M13"
2026-08-02T00:34:38,3,4 Labirint,5,Oprire ACC,Execuție lucrări de modernizare - firma ELSACO pe Magistrala II Sud,2026-08-02T23:00,"• Str Matei Basarab - bl. L112, L112A, L113A, L113 • Str Traian - bl. L112B"
2026-08-02T00:34:38,3,7 Vitan,12,Oprire ACC,Execuție lucrări de modernizare - firma ELSACO pe Magistrala II Sud,2026-08-02T23:00,"• Str Vlad Judeţul - bl. V12, V13, V14A, V11 • Cal Vitan - bl. V14B, V16B, V16A, V15 • Str Agatha Bârsescu - bl. V19 • Str Brăiliţa - bl. V17, V10, V18"
2026-08-02T00:34:38,3,1 Mărăşeşti,20,Oprire ACC,Execuție lucrări de modernizare - firma ELSACO pe Magistrala II Sud,2026-08-02T23:00,"• Str Nerva Traian - bl M64 • Bld Octavian Goga - bl. V53C, M62, M63 • Str Emil Gârleanu - bl. V52C, V53D, A1, F • Str Foişorului - bl. F1C, F2C, F3C, D, E • Str Anastasie Panu - bl. A1, A2, A3"
2026-08-02T00:34:38,3,6 Vitan,8,Oprire ACC,Execuție lucrări de modernizare - firma ELSACO pe Magistrala II Sud,2026-08-02T23:00,"• Cal Vitan - bl. V21A, V21B, V2, V1 • Ale Blăjel - bl. V3, V4 • Str Breaza - bl. V22A, V22B"
2026-08-02T00:34:38,3,1 Anexa,28,Oprire ACC,Execuție lucrări de modernizare - firma ELSACO pe Magistrala II Sud,2026-08-02T23:00,• Int Ţiglina - Scoala Gimnaziala Cezar Bolliac • Str Diligenţei - • Str Mircea Bădescu - • Str Nicolae Tudor - • Str Levănţica - • Str Dristorului - • Str Cerceluş -
2026-08-02T00:34:38,3,18 KLM,9,Oprire ACC,Execuție lucrări de modernizare - firma ELSACO pe Magistrala II Sud,2026-08-02T23:00,"• Str Sold. Spiridon Matei - bl. 9 • Int Înotătorilor - bl. 10 • Str Tomis - bl. 11 • Bld Râmnicu Sărat - bl. 11A, 20M, 20K, 10bis, 20L, 11A1"
2026-08-02T00:34:38,3,5 Călăraşi,5,Oprire ACC,Execuție lucrări de modernizare - firma ELSACO pe Magistrala II Sud,2026-08-02T23:00,"• Str Matei Basarab - 64 • Cal Călăraşi - 59, 60, 61, 58"
2026-08-02T00:34:38,3,4 Mărăşeşti,11,Oprire ACC,Execuție lucrări de modernizare - firma ELSACO pe Magistrala II Sud,2026-08-02T23:00,"• Ale Dimitrie Anghel - bl. M59 • Str Panait Cerna - bl. M43, M57, M56, M58, M28 • Str Nerva Traian - Grădinița nr. 81 • Bld Octavian Goga - bl. M60I, M24, M26, M25, M23"
2026-08-02T00:34:38,3,Biblioteca Nationala,1,Oprire ACC,Execuție lucrări de modernizare - firma ELSACO pe Magistrala II Sud,2026-08-02T23:00,• Bld Unirii - 22
2026-08-02T00:34:38,3,19 Foișor,10,Oprire ACC,Execuție lucrări de modernizare - firma ELSACO pe Magistrala II Sud,2026-08-02T23:00,"• Str Brânduşelor - bl. G4, G4A, H1, H16 • Str Banu Udrea - bl. G5, G6, H5, J2, J1, H6"
2026-08-02T00:34:38,3,7 Călăraşi,9,Oprire ACC,Execuție lucrări de modernizare - firma ELSACO pe Magistrala II Sud,2026-08-02T23:00,"• Bld Corneliu Coposu - 105A, 103, 104, 101, 106A, 105A • Str Sfânta Vineri - 105B, 105C, 102"
2026-08-02T00:34:38,3,S6,10,Oprire ACC,Execuție lucrări de modernizare - firma ELSACO pe Magistrala II Sud,2026-08-02T23:00,"• Bld Decebal - bl. S11, S9, S10, S7, S4, H3, S6, S5, S7, S8"
2026-08-02T00:34:38,3,E6,4,Oprire ACC,Execuție lucrări de modernizare - firma ELSACO pe Magistrala II Sud,2026-08-02T23:00,"• Bld Unirii - bl. E4, E4A • Str Traian - bl. E5, E6"
2026-08-02T00:34:38,3,Tribunalul Bucuresti,1,Oprire ACC,Execuție lucrări de modernizare - firma ELSACO pe Magistrala II Sud,2026-08-02T23:00,• Bld Unirii - 37
2026-08-02T00:34:38,3,14 Foișor,11,Oprire ACC,Execuție lucrări de modernizare - firma ELSACO pe Magistrala II Sud,2026-08-02T23:00,"• Cal Vitan - bl. V50B, V50A, V51 • Str Alexandru Moruzzi Voievod - bl. V54B, V54A, V56, V57, V54, V55, V57B"
2026-08-02T00:34:38,3,4 Dudești,2,Oprire ACC,Execuție lucrări de modernizare - firma ELSACO pe Magistrala II Sud,2026-08-02T23:00,"• Str Brăiliţa - bl. D9B, D9A"
2026-08-02T00:34:38,4,4 Lanariei,10,Oprire ACC,"Lucrari POIM - Reabilitarea sistemului de termoficare al Municipiului Bucuresti - LOT 5, Obiectiv 23",2026-08-07T17:00,"• Str Avalanşei - bl. 1, 2, 3 • Bld Gheorghe Şincai - bl. 2, 3, 3TR1, 4, 5, 5A • Str Cuza Vodă - bl. 1A"
2026-08-02T00:34:38,4,2 Tineretului,26,Oprire ACC,"Lucrari POIM - Reabilitarea sistemului de termoficare al Municipiului Bucuresti - LOT 5, Obiectiv 23",2026-08-07T17:00,"• Bld Tineretului - bl. 18, 19, 37, 38, 39 • Str Albinelor - bl. 32 • Str Piscului - bl. 40, 41, 42, 47 • Str V. V. Stanciu - bl. 31 • Str Trestiana - bl. 17, 20, 23 • Str Vişana - bl. 25, 26, 36, 43, 44, 45 • Str Constantin Rădulescu-Motru - bl. 22-24, 33, 34, 35, 36, 46"
2026-08-02T00:34:38,4,3 Tineretului,18,Oprire ACC,"Lucrari POIM - Reabilitarea sistemului de termoficare al Municipiului Bucuresti - LOT 5, Obiectiv 23",2026-08-07T17:00,"• Bld Tineretului - bl. 52 • Bld Pionierilor - bl. 51 • Str Piscului - bl. 49, 50, 77, 78, 79, 80, 81 • Str V. V. Stanciu - bl. 69A • Cal Văcăreşti - bl. 69B, 70B, 83, 84 • Str Cărămidarii de Jos - bl. 48, 75, 76"
2026-08-02T00:34:38,4,Norilor,4,Oprire ACC,"Lucrari POIM - Reabilitarea sistemului de termoficare al Municipiului Bucuresti - LOT 5, Obiectiv 23",2026-08-07T17:00,"• Str Maria Tănase - bl. 28, 29 • Bld Gheorghe Şincai - bl. 30, 30A"
2026-08-02T00:34:38,4,1 Tineretului,33,Oprire ACC,"Lucrari POIM - Reabilitarea sistemului de termoficare al Municipiului Bucuresti - LOT 5, Obiectiv 23",2026-08-07T17:00,"• Ale Tohani - bl. 30, 31; Gradinita nr.224 • Bld Tineretului - bl. A2, A3, A4, A5, A6, Z2, Z3, Z4, Z5, Z6, Z7, 5A • Str Mocăncuţei - Imob.vila • Str Poenari - bl. 12, 13 • Str Trestiana - bl. 8A, 8B, 9, 10, 11, 14, 15, 16, 32 • Str Tohani - bl. 29, 33 • Str Constantin Rădulescu-Motru - bl. 21, 27A, 28, 34 • Str Cuza Vodă - bl. 27B"
2026-08-02T00:34:38,4,2 Lanariei,15,Oprire ACC,"Lucrari POIM - Reabilitarea sistemului de termoficare al Municipiului Bucuresti - LOT 5, Obiectiv 23",2026-08-07T17:00,"• Str Maria Tănase - bl. 13 • Bld Gheorghe Şincai - bl. 11, 12 • Str Viorele - bl. 15, 17, 18, 20A, 20B, 22, 37, Scoala nr. 97 • Cal Văcăreşti - bl. 23, 24 • Ale Borcea - bl. 14, 16"
2026-08-02T00:34:38,4,Sincai,8,Oprire ACC,"Lucrari POIM - Reabilitarea sistemului de termoficare al Municipiului Bucuresti - LOT 5, Obiectiv 23",2026-08-07T17:00,"• Str Mocăncuţei - Imobil nr.12 • Bld Gheorghe Şincai - bl. 2, 4 • Str Tineretului - bl 5,Z1 • Str Trestiana - bl. 3 • Str Constantin Rădulescu-Motru - bl. 1, 35 • Str Cuza Vodă - bl. 37A"
2026-08-02T00:34:38,4,1 Serban Voda,4,Deficienta ACC,Functionare deficitara a apei calde de consum din cauza manevrelor de echilibrare hidraulica a retelei termice,2026-08-02T23:00,"• Str Simion - Imobil nr. 42 • Str G-ral Candiano Popescu - bl. 2 • Cal Şerban Vodă - bl. 1, 2, 2B"
2026-08-02T00:34:38,4,Modul Termic - Grădinița nr.243,1,Oprire ACC,"Lucrari POIM - Reabilitarea sistemului de termoficare al Municipului Bucuresti - LOT 4 ,Obiectivele 17,18,19,20.",2026-08-02T23:00,• Str Almaşu Mare -
2026-08-02T00:34:38,4,12 Giurgiu,2,Oprire ACC,"Lucrari POIM - Reabilitarea sistemului de termoficare al Municipului Bucuresti - LOT 4 ,Obiectivele 17,18,19,20.",2026-08-02T23:00,"• Şos Giurgiului - bl. 12, 13"
2026-08-02T00:34:38,4,Curcani,32,Oprire ACC,"Lucrari POIM - Reabilitarea sistemului de termoficare al Municipului Bucuresti - LOT 4 ,Obiectivele 17,18,19,20.",2026-08-02T23:00,"• Str Semenic - bl. 20 • Str Huedin - bl. 1, 2, 3, 6, 7, 11, III/21A • Str Izvorul Oltului - bl. 4, 21, 22, III/25 • Str Lamoteşti - bl. 4, 5, 10, 11A, 11B, 12, 13, 14, 15, 62, III/21B • Bld Constantin Brâncoveanu - bl. 8, 9, 18, 19 • Ale Crevedia - bl. 16, 17 • Str Cetatea Veche - bl. III/4, III/5A, III/5B"
2026-08-02T00:34:38,4,Modul Termic - Spitalul Alexandru Obregia ( Creșa 25 ) / Stationar de zi,1,Oprire ACC,"Lucrari POIM - Reabilitarea sistemului de termoficare al Municipului Bucuresti - LOT 4 ,Obiectivele 17,18,19,20.",2026-08-02T23:00,• Str Argeşelu - Spitalul Alexandru Obregia ( Creșa 25 ) / Stationar de zi
2026-08-02T00:34:38,4,Tudor Gociu,17,Oprire ACC,"Lucrari POIM - Reabilitarea sistemului de termoficare al Municipului Bucuresti - LOT 4 ,Obiectivele 17,18,19,20.",2026-08-02T23:00,"• Str Orăştie - bl. 2A, L4, M2 • Str Anghel Moldoveanu - bl. A1 • Str Perşani - bl. L2 • Str Ilie Oprea - bl. L1, L3 • Str Tudor Gociu - bl. 1, B, C, C1, C2, C3, C4, L2, L4, AGIP"
2026-08-02T00:34:38,4,Urziceni,37,Oprire ACC,"Lucrari POIM - Reabilitarea sistemului de termoficare al Municipului Bucuresti - LOT 4 ,Obiectivele 17,18,19,20.",2026-08-02T23:00,"• Ale Slătioara - bl. 4, 12, 13, 15, 16, C1, C2, C3, C8, C10, C11 • Str Luica - bl. 1, 2, 3, 4, 5, 6, 7, 106 • Str Răzăchiei - bl. 11 • Str Reşiţa - bl. 8, 9, 10, 42, 42A, 43, 44, 45, 46, 47 • Str Urziceni - bl. 14, 17. 41, C9 • Ale Călineşti - bl. C4, C5, C6, C7, C12"
2026-08-02T00:34:38,4,4 Vifornita,20,Oprire ACC,"Lucrari POIM - Reabilitarea sistemului de termoficare al Municipului Bucuresti - LOT 4 ,Obiectivele 17,18,19,20.",2026-08-02T23:00,"• Ale Straja - bl. 69 • Str Straja - bl. 62, 62Bis, 63 • Str Argeşelu - bl. A4, A7 • Drm Găzarului - bl. A1, A2, A3, 133, 136, 138 • Ale Reşiţa A - bl. A6 • Str Reşiţa - bl. A5 • Str Izvorul Rece - bl. A8 • Ale Dolina - bl. 64, 68, 70, 134, 137"
2026-08-02T00:34:38,4,2 Zona V,22,Oprire ACC,"Lucrari POIM - Reabilitarea sistemului de termoficare al Municipului Bucuresti - LOT 4 ,Obiectivele 17,18,19,20.",2026-08-02T23:00,"• Str Huedin - bl. A12 • Ale Ţebea - bl. 101, 102. 103, D10, D11A, D12, D13 • Str Izvorul Trotuşului - bl. D14, D15, D24 • Str Izvorul Rece - bl. S14 A+B • Str Izvorul Mureşului - bl. A11, D9, D22 • Str Izvorul Crişului - bl. A1, A2, A3, D1 • Bld Constantin Brâncoveanu - bl. M1/1, M2/3, M2/4"
2026-08-02T00:34:38,4,"U.M. 01295, U.M. 01376",2,Oprire ACC,"Lucrari POIM - Reabilitarea sistemului de termoficare al Municipului Bucuresti - LOT 4 ,Obiectivele 17,18,19,20.",2026-08-02T23:00,• Şos Vitan Bârzeşti -
2026-08-02T00:34:38,4,Livada Noua,17,Oprire ACC,"Lucrari POIM - Reabilitarea sistemului de termoficare al Municipului Bucuresti - LOT 4 ,Obiectivele 17,18,19,20.",2026-08-02T23:00,"• Str Alunişului - bl. 1 • Şos Giurgiului - bl. 4, 9, 9T, G, N, O • Str Ghimpaţi - bl. 3, 2, 1T, 2T, 3T, 8T • Int Târgu Frumos - bl. 5, 6, 7, 4T"
2026-08-02T00:34:38,4,Modul Termic - Trident,1,Oprire ACC,"Lucrari POIM - Reabilitarea sistemului de termoficare al Municipului Bucuresti - LOT 4 ,Obiectivele 17,18,19,20.",2026-08-02T23:00,• Str Moldoviţa -
2026-08-02T00:34:38,4,Huedin,17,Oprire ACC,"Lucrari POIM - Reabilitarea sistemului de termoficare al Municipului Bucuresti - LOT 4 ,Obiectivele 17,18,19,20.",2026-08-02T23:00,"• Str Straja - bl. 52 • Str Moldoveni - bl. B15, B21 • Str Grădiştea - bl. 48, B5 • Str Reşiţa - bl. 49, 50, 51, Biserica Sf. Daniel • Str Huedin - bl. A26, 34, M1/2 • Ale Huedin - bl. 2, 3, 4, 5 • Str Uioara - bl. 33"
2026-08-02T00:34:38,4,Spinis,26,Oprire ACC,"Lucrari POIM - Reabilitarea sistemului de termoficare al Municipului Bucuresti - LOT 4 ,Obiectivele 17,18,19,20.",2026-08-02T23:00,"• Str Spiniş - bl. 19, 24, 43, 45, 48, 104, 105 • Str Râul Şoimului - bl. 25, 26, 27, 28, 46, 47, 49 • Şos Giurgiului - bl. 4A, 4B • Str Grădiştea - bl. 101 • Drm Găzarului - bl. 18, 21, 22, 50 • Str Tătuleşti - bl. 44, 98, 100A, 100B, 103"
2026-08-02T00:34:38,4,Scoala I Teodoreanu nr.36 - Sala Sport,1,Oprire ACC,"Lucrari POIM - Reabilitarea sistemului de termoficare al Municipului Bucuresti - LOT 4 ,Obiectivele 17,18,19,20.",2026-08-02T23:00,• Str Coştila -
2026-08-02T00:34:38,4,Inst. Nat. de Neurologie si Boli Neurovasculare,1,Oprire ACC,"Lucrari POIM - Reabilitarea sistemului de termoficare al Municipului Bucuresti - LOT 4 ,Obiectivele 17,18,19,20.",2026-08-02T23:00,• Şos Berceni -
2026-08-02T00:34:38,4,6 Vifornita,17,Oprire ACC,"Lucrari POIM - Reabilitarea sistemului de termoficare al Municipului Bucuresti - LOT 4 ,Obiectivele 17,18,19,20.",2026-08-02T23:00,"• Şos Giurgiului - bl. 1, 2A, 2B, • Str Grădiştea - bl. 86, 87 • Str Tătuleşti - bl. 18, 20, 82, 83, 84, 85 • Ale Călineşti - bl. 11, 12, 13, 14, 15, 81"
2026-08-02T00:34:38,4,11 Giurgiu,3,Oprire ACC,"Lucrari POIM - Reabilitarea sistemului de termoficare al Municipului Bucuresti - LOT 4 ,Obiectivele 17,18,19,20.",2026-08-02T23:00,"• Şos Giurgiului - bl. 5, 11 • Str Petre Ţuţea - Scoala nr.109"
2026-08-02T00:34:38,4,Luica,29,Oprire ACC,"Lucrari POIM - Reabilitarea sistemului de termoficare al Municipului Bucuresti - LOT 4 ,Obiectivele 17,18,19,20.",2026-08-02T23:00,"• Str Luica - bl. M1, M2, M3, M4, M4Bis, M5, M6, IV/1A • Str Reşiţa - bl. M1, P4 • Str Uioara - bl. IV/1B, IV/1C, IV/1 sc.A; M2 • Str Ucea - bl. P3, P4, P7, P8, P9, P10, P11, P12, IV/2 • Str Coştila - bl. P1, P2, P5, P6, P9"
2026-08-02T00:34:38,4,2 Giurgiu,7,Oprire ACC,"Lucrari POIM - Reabilitarea sistemului de termoficare al Municipului Bucuresti - LOT 4 ,Obiectivele 17,18,19,20.",2026-08-02T23:00,"• Str Tufişului - Scoala nr.188 • Şos Giurgiului - bl. B, C, E, F, K • Str Şoimuş - bl. L"
2026-08-02T00:34:38,4,1 Stoian Militaru,6,Oprire ACC,"Lucrari POIM - Reabilitarea sistemului de termoficare al Municipului Bucuresti - LOT 4 ,Obiectivele 17,18,19,20.",2026-08-02T23:00,"• Str Padeşu - bl. 1 • Str Pictor Ştefan Dimitrescu - bl. 2, 19 • Str Şura Mare - bl. 1A, 1B • Str Cornetului - bl. 20"
2026-08-02T00:34:38,4,3 Oltenita Placare,22,Oprire ACC,"Lucrari POIM - Reabilitarea sistemului de termoficare al Municipului Bucuresti - LOT 4 ,Obiectivele 17,18,19,20.",2026-08-02T23:00,"• Şos Olteniţei - bl. 2A, 2B, 2C, 2D, 3C, 3D, 3E, 4A, 4B, 4C, 4D, 5A, 5B, 5C, 5D, 5E • Str Gheorghe Adamescu - bl. 4E • Str Pometului - Imobil nr.41 • Str Laloşu - bl. 3A, 3B, 2E"
2026-08-02T00:34:38,4,Dealul Cernei,13,Oprire ACC,"Lucrari POIM - Reabilitarea sistemului de termoficare al Municipului Bucuresti - LOT 4 ,Obiectivele 17,18,19,20.",2026-08-02T23:00,"• Str Uioara - bl. 12Bis, 35, 36, 46 • Ale Cetatea Veche - bl. 2Bis, 3Bis, 5, 37, 38, 39, 40, 41, 47"
2026-08-02T00:34:38,4,3 Zona V,16,Oprire ACC,"Lucrari POIM - Reabilitarea sistemului de termoficare al Municipului Bucuresti - LOT 4 ,Obiectivele 17,18,19,20.",2026-08-02T23:00,"• Str Reşiţa - bl. D17 • Str Huedin - bl. A13, D18, D19, D20 • Str Izvorul Mureşului - bl. 10, A4 • Str Izvorul Crişului - bl. A5, A6, A7, A8, A14, A15, A16, D16, D21"
2026-08-02T00:34:38,4,Uioara,31,Oprire ACC,"Lucrari POIM - Reabilitarea sistemului de termoficare al Municipului Bucuresti - LOT 4 ,Obiectivele 17,18,19,20.",2026-08-02T23:00,"• Str Semenic - bl. 23, 24 • Str Luica - bl. 59, 60, 61, III/6, III/7 • Ale Gorneşti - bl. 55, 56 • Ale Uioara - bl. 4Bis, 42, 43, 44, 45, 48, 49, 50, 51, 52, 53, 54, 58 • Ale Izvorul Oltului - bl. 25, 26, 27, 28, 29, 33, 62Bis • Bld Constantin Brâncoveanu - bl. 30, 34-35"
2026-08-02T00:34:38,4,Almașul Mare,19,Oprire ACC,"Lucrari POIM - Reabilitarea sistemului de termoficare al Municipului Bucuresti - LOT 4 ,Obiectivele 17,18,19,20.",2026-08-02T23:00,"• Str Moldoveni - bl. B19, B20 • Str Almaşu Mic - bl. B6, B7, B8, B10, B11, B12, B17, B18, Gradinita nr.62 • Str Almaşu Mare - bl. B2, B9, B16 • Str Grădiştea - bl. B1, B3, B4, B13, B14"
2026-08-02T00:34:38,4,2 Vifornita,26,Oprire ACC,"Lucrari POIM - Reabilitarea sistemului de termoficare al Municipului Bucuresti - LOT 4 ,Obiectivele 17,18,19,20.",2026-08-02T23:00,"• Str Straja - bl. 30, 31, 32, 40, 65, 66 • Str Spiniş - bl. 52, 53, 54 • Str Moldoveni - bl. 55, 59, 60, 61 • Str Almaşu Mare - bl. 51, 56, 57, 58 • Str Argeşelu - bl. 33, 34, 35, 37, 39, 67 • Drm Găzarului - bl. 29 • Str Reşiţa - bl. 36, 38"
2026-08-02T00:34:38,4,1 Zona IV,14,Oprire ACC,"Lucrari POIM - Reabilitarea sistemului de termoficare al Municipului Bucuresti - LOT 4 ,Obiectivele 17,18,19,20.",2026-08-02T23:00,"• Str Grădiştea - bl. A9, A10 • Ale Reşiţa D - A1, A3, A4, A5, A7, A8 • Str Reşiţa - bl. A2, A6 • Str Uioara - bl. A11, A12, A13, A14"
2026-08-02T00:34:38,4,1 Zona V,12,Oprire ACC,"Lucrari POIM - Reabilitarea sistemului de termoficare al Municipului Bucuresti - LOT 4 ,Obiectivele 17,18,19,20.",2026-08-02T23:00,"• Str Reşiţa - bl. A18, A19 • Str Izvorul Rece - bl. A10 • Str Izvorul Mureşului - bl. A9 ,D5, D6, D7, D23 • Str Izvorul Crişului - bl. D3, D4 • Str Trotuşului - bl. A17, D8"
2026-08-02T00:34:38,5,Giurgiu Farado,15,Oprire ACC,Reabilitarea sistemului de termoficare al Municipiului Bucuresti - Lucrari POIM -Lot 4- Obiectivele 18 - 19,2026-08-02T23:00,"• Ale Podul Giurgiului - 2, 3, 4, 5, 6, 7, 8, 9, 11, 12,13 • Str Vigoniei - 1, 8, 15 • Şos Giurgiului - 16"
2026-08-02T00:34:38,5,9 Farado,5,Oprire ACC,Reabilitarea sistemului de termoficare al Municipiului Bucuresti - Lucrari POIM -Lot 4- Obiectivele 18 - 19,2026-08-02T23:00,"• Str Podul Giurgiului - 9,14 • Str Vigoniei - 10, 10Turn, 14Turn"
2026-08-02T00:34:38,5,1 Giurgiu,9,Oprire ACC,Reabilitarea sistemului de termoficare al Municipiului Bucuresti - Lucrari POIM -Lot 4- Obiectivele 18 - 19,2026-08-02T23:00,"• Str Verigei - bl. 1, 2, Z 3, Z5 • Şos Giurgiului - bl. A, H1, H2 • Str Ştefan Vodă - imobil Decu Aurel • Str Măgurei - bl. D1"
2026-08-02T00:34:38,5,6 Farado,6,Oprire ACC,Reabilitarea sistemului de termoficare al Municipiului Bucuresti - Lucrari POIM -Lot 4- Obiectivele 18 - 19,2026-08-02T23:00,"• Str Podul Giurgiului - bl. 17, 18, Liceul Energetic • Str Toporaşi - bl. 15 • Şos Giurgiului - bl. 5, 6, 7"
2026-08-02T00:34:38,5,Modul Toporaşi,1,Oprire ACC,Revizie tehnică - CTE Progresu,2026-08-10T23:00,• Str Toporaşi - 1
